Case ID,Site ID,Site Name,Url,Submission Date,Case Status,Comments,Username (last person),Site Type,Site Status,Implementing Partner / Donor Agency,Region ID,Region Name,Submission date,Submission date (reformatted),Agency,Donor,Activity date,Activity date (reformatted),Primary Activity,Sub-Activity,boys,girls,men,women,elderly men,elderly women,total participants,PWds,males,females,Indirect beneficiaries,Achieved,IB boys,IB girls,IB men,IB women,IB elderly men,IB elderly women,total indirect beneficiaries,Protection referral pathway (y/n) (based on safety audit),Topic,Topic(s),Other topic,Topic (calculated),Items distributed,Other items,number of leaflets,number of posters,number of hygiene kits,number of dignity kits,number of sand or flour bags,number of toolkits,number of other items,total number of IEC items,money spent on IEC improvements,voluntary project,labour days paid through CFW,Summary,Photo,Photo2,Photo3,Attachment
40161778565840934L,GZA5001,Alwaad,https://app.zitemanager.org/#/sites/51310/submission-case-detail/40161778565840934L,2026-05-12,Closed,,tamara,ACTED,Active,-,260 - 2600118,Gaza - Northern Remal,2026-05-12,12/05/26,ACTED,PRM,2026-05-10,10-05-26,Community Participation and Representation,Community or Committee Meeting,,,9,7,0,0,16,0,9,7,,16,,,,,,,,,"Programming Specific Meetings (e.g. project inductions, cash for work, etc.)",,,program_specific_meeting,,,,,,,,,,,,,,"Site Management (SM) implemented an orientation session on Community-Led Initiatives (CLI) as part of Site Management activities, aiming to promote community participation, ownership, and self-reliance by supporting projects that benefit the wider community rather than individuals. These initiatives contribute to key objectives such as improving safety, social cohesion, environmental conditions, community services, and group-based livelihoods.

The number and budget of initiatives are defined during the project design stage, while their distribution is determined by the SM team based on needs and context, in coordination with other humanitarian actors to avoid duplication. Site committees serve as the main applicants, ensuring inclusive consultations with community members to identify priorities. Diverse and gender-balanced participation, particularly women’s involvement in leadership roles, is strongly encouraged.

During the session, the mechanism for filling out the Community-Led Initiatives application link was also explained, along with guidance on how to answer the questions included in the form to ensure that applications are submitted clearly and correctly.",,,,
40161778568809919C,GZA4124,Housing the building of the Insurance and Pensions Authority,https://app.zitemanager.org/#/sites/38245/submission-case-detail/40161778568809919C,2026-05-12,Closed,,tamara,ACTED,Active,,260 - 2600118,Gaza - Northern Remal,2026-05-12,12/05/26,ACTED,PRM,2026-05-10,10-05-26,Community Participation and Representation,Community or Committee Meeting,,,28,22,2,0,52,4,30,22,,52,,,,,,,,,"Programming Specific Meetings (e.g. project inductions, cash for work, etc.)",,,program_specific_meeting,,,,,,,,,,,,,,"Cash for Work sessions were conducted to explain the activity, registration process, and vulnerability-based beneficiary selection criteria .",,,,
40161778568361411V,GZA3314,Al Amal college,https://app.zitemanager.org/#/sites/32508/submission-case-detail/40161778568361411V,2026-05-12,Closed,,tamara,ACTED,Active,,260 - 2600118,Gaza - Northern Remal,2026-05-12,12/05/26,ACTED,PRM,2026-05-10,10-05-26,Community Participation and Representation,Community or Committee Meeting,,,31,28,0,0,59,0,31,28,,59,,,,,,,,,"Programming Specific Meetings (e.g. project inductions, cash for work, etc.)",,,program_specific_meeting,,,,,,,,,,,,,,"Cash for Work sessions were conducted to explain the activity, registration process, and vulnerability-based beneficiary selection criteria",,,,
40161778568248170L,GZA3314,Al Amal college,https://app.zitemanager.org/#/sites/32508/submission-case-detail/40161778568248170L,2026-05-12,Closed,,tamara,ACTED,Active,,260 - 2600118,Gaza - Northern Remal,2026-05-12,12/05/26,ACTED,PRM,2026-05-11,11-05-26,Community Participation and Representation,Community or Committee Meeting,,,6,1,0,0,7,0,6,1,,7,,,,,,,,,"Programming Specific Meetings (e.g. project inductions, cash for work, etc.)",,,program_specific_meeting,,,,,,,,,,,,,,"Site Management (SM) implemented an orientation session on Community-Led Initiatives (CLI) as part of Site Management activities, aiming to promote community participation, ownership, and self-reliance by supporting projects that benefit the wider community rather than individuals. These initiatives contribute to key objectives such as improving safety, social cohesion, environmental conditions, community services, and group-based livelihoods.

The number and budget of initiatives are defined during the project design stage, while their distribution is determined by the SM team based on needs and context, in coordination with other humanitarian actors to avoid duplication. Site committees serve as the main applicants, ensuring inclusive consultations with community members to identify priorities. Diverse and gender-balanced participation, particularly women’s involvement in leadership roles, is strongly encouraged.

During the session, the mechanism for filling out the Community-Led Initiatives application link was also explained, along with guidance on how to answer the questions included in the form to ensure that applications are submitted clearly and correctly.",,,,
40161778568563658R,GZA4124,Housing the building of the Insurance and Pensions Authority,https://app.zitemanager.org/#/sites/38245/submission-case-detail/40161778568563658R,2026-05-12,Closed,,tamara,ACTED,Active,,260 - 2600118,Gaza - Northern Remal,2026-05-12,12/05/26,ACTED,PRM,2026-05-10,10-05-26,Community Participation and Representation,Community or Committee Meeting,,,5,3,0,0,8,0,5,3,,8,,,,,,,,,"Programming Specific Meetings (e.g. project inductions, cash for work, etc.)",,,program_specific_meeting,,,,,,,,,,,,,,"Site Management (SM) implemented an orientation session on Community-Led Initiatives (CLI) as part of Site Management activities, aiming to promote community participation, ownership, and self-reliance by supporting projects that benefit the wider community rather than individuals. These initiatives contribute to key objectives such as improving safety, social cohesion, environmental conditions, community services, and group-based livelihoods.

The number and budget of initiatives are defined during the project design stage, while their distribution is determined by the SM team based on needs and context, in coordination with other humanitarian actors to avoid duplication. Site committees serve as the main applicants, ensuring inclusive consultations with community members to identify priorities. Diverse and gender-balanced participation, particularly women’s involvement in leadership roles, is strongly encouraged.

During the session, the mechanism for filling out the Community-Led Initiatives application link was also explained, along with guidance on how to answer the questions included in the form to ensure that applications are submitted clearly and correctly.",,,,
40161778567178546V,GZA5001,Alwaad,https://app.zitemanager.org/#/sites/51310/submission-case-detail/40161778567178546V,2026-05-12,Closed,,tamara,ACTED,Active,-,260 - 2600118,Gaza - Northern Remal,2026-05-12,12/05/26,ACTED,PRM,2026-05-10,10-05-26,Community Participation and Representation,Community or Committee Meeting,,,27,36,2,0,65,0,29,36,,65,,,,,,,,,"Programming Specific Meetings (e.g. project inductions, cash for work, etc.)",,,program_specific_meeting,,,,,,,,,,,,,,"Cash for Work sessions were conducted to explain the activity, registration process, and vulnerability-based beneficiary selection criteria",,,,
40161778572917184L,GZA4122,Al Buraq School and Camp,https://app.zitemanager.org/#/sites/38243/submission-case-detail/40161778572917184L,2026-05-12,Closed,,tamara,ACTED,Active,,260 - 2600118,Gaza - Northern Remal,2026-05-12,12/05/26,ACTED,PRM,2026-05-11,11-05-26,Community Participation and Representation,Community or Committee Meeting,,,3,3,0,0,6,0,3,3,,6,,,,,,,,,"Programming Specific Meetings (e.g. project inductions, cash for work, etc.)",,,program_specific_meeting,,,,,,,,,,,,,,"Site Management (SM) implemented an orientation session on Community-Led Initiatives (CLI) as part of Site Management activities, aiming to promote community participation, ownership, and self-reliance by supporting projects that benefit the wider community rather than individuals. These initiatives contribute to key objectives such as improving safety, social cohesion, environmental conditions, community services, and group-based livelihoods.

The number and budget of initiatives are defined during the project design stage, while their distribution is determined by the SM team based on needs and context, in coordination with other humanitarian actors to avoid duplication. Site committees serve as the main applicants, ensuring inclusive consultations with community members to identify priorities. Diverse and gender-balanced participation, particularly women’s involvement in leadership roles, is strongly encouraged.

During the session, the mechanism for filling out the Community-Led Initiatives application link was also explained, along with guidance on how to answer the questions included in the form to ensure that applications are submitted clearly and correctly.",,,,
40161778572994137V,GZA4122,Al Buraq School and Camp,https://app.zitemanager.org/#/sites/38243/submission-case-detail/40161778572994137V,2026-05-12,Closed,,tamara,ACTED,Active,,260 - 2600118,Gaza - Northern Remal,2026-05-12,12/05/26,ACTED,PRM,2026-05-10,10-05-26,Community Participation and Representation,Community or Committee Meeting,,,30,20,0,0,50,6,30,20,,50,,,,,,,,,"Programming Specific Meetings (e.g. project inductions, cash for work, etc.)",,,program_specific_meeting,,,,,,,,,,,,,,"Cash for Work sessions were conducted to explain the activity, registration process, and vulnerability-based beneficiary selection criteria",,,,
40161778572682668X,GZA4962,Al-Hayat 2,https://app.zitemanager.org/#/sites/51309/submission-case-detail/40161778572682668X,2026-05-12,Closed,,tamara,ACTED,Active,-,260 - 2600118,Gaza - Northern Remal,2026-05-12,12/05/26,ACTED,PRM,2026-05-11,11-05-26,Community Participation and Representation,Community or Committee Meeting,,,4,2,0,0,6,0,4,2,,6,,,,,,,,,"Programming Specific Meetings (e.g. project inductions, cash for work, etc.)",,,program_specific_meeting,,,,,,,,,,,,,,"Site Management (SM) implemented an orientation session on Community-Led Initiatives (CLI) as part of Site Management activities, aiming to promote community participation, ownership, and self-reliance by supporting projects that benefit the wider community rather than individuals. These initiatives contribute to key objectives such as improving safety, social cohesion, environmental conditions, community services, and group-based livelihoods.

The number and budget of initiatives are defined during the project design stage, while their distribution is determined by the SM team based on needs and context, in coordination with other humanitarian actors to avoid duplication. Site committees serve as the main applicants, ensuring inclusive consultations with community members to identify priorities. Diverse and gender-balanced participation, particularly women’s involvement in leadership roles, is strongly encouraged.

During the session, the mechanism for filling out the Community-Led Initiatives application link was also explained, along with guidance on how to answer the questions included in the form to ensure that applications are submitted clearly and correctly.",,,,
40161778572763408N,GZA4962,Al-Hayat 2,https://app.zitemanager.org/#/sites/51309/submission-case-detail/40161778572763408N,2026-05-12,Closed,,tamara,ACTED,Active,-,260 - 2600118,Gaza - Northern Remal,2026-05-12,12/05/26,ACTED,PRM,2026-05-10,10-05-26,Community Participation and Representation,Capacity strengthening for community members,,,37,14,0,0,51,3,37,14,,51,,,,,,,,,,,,,,,,,,,,,,,,,,"Cash for Work sessions were conducted to explain the activity, registration process, and vulnerability-based beneficiary selection criteria",,,,
41741778423849427V,GZA4195,Al-Awda,https://app.zitemanager.org/#/sites/39624/submission-case-detail/41741778423849427V,2026-05-10,Closed,,bashar,IOM,Active,BLDA,260 - 2600123,Gaza - An Naser-Gaza,2026-05-10,10/05/26,BLDA,PRM,2026-05-10,10-05-26,Site Environment Improvements,Site Improvement Plans,,,,,,,,,0,0,,1,,,,,,,,,,,,,,,,,,,,,,,,,,"The Site Improvement Plan for Al-Awda Site (GZA4195), prepared by BLDA on 10 May 2026, highlights key infrastructure and environmental challenges affecting displaced populations within the site. The plan focuses on improving safety, accessibility, and overall living conditions through targeted site maintenance and improvement interventions.

The main identified issues include:

The presence of random and closely located debris and rubble near tents, which obstruct movement, create environmental and health risks, and contribute to the spread of rodents and insects.
Water accumulation in low-lying areas inside the site due to poor ground leveling, causing movement difficulties and increasing health and safety risks.

To address these challenges, the planned interventions include:

Debris removal, filling works, and ground leveling to improve site conditions and reduce environmental hazards.
Sand spreading and leveling activities to improve drainage, reduce water accumulation, and facilitate safer movement within the site.

These activities are planned to be implemented during May and are expected to require a maximum of 3 working days, using laborers, transportation vehicles, a loader, sand, and leveling tools.",,,,https://app.zitemanager.org/api/v2/generate-presigned-url/?object_key=Site_Improvement_Plan__-_AlAwda-17_30_7.xlsx&return_type=file
41741778424206520C,GZA4924,Al-Masri B13 Camp,https://app.zitemanager.org/#/sites/51170/submission-case-detail/41741778424206520C,2026-05-10,Closed,,bashar,IOM,Active,BLDA,260 - 2600123,Gaza - An Naser-Gaza,2026-05-10,10/05/26,BLDA,PRM,2026-05-10,10-05-26,Site Environment Improvements,Site Improvement Plans,,,,,,,,,0,0,,1,,,,,,,,,,,,,,,,,,,,,,,,,,"A Site Improvement Plan has been prepared for site GZA4924 (B13) by BLDA on 10 May 2026. The plan addresses the issue of random and closely accumulated debris and rubble near tents, which is negatively affecting site conditions by limiting accessibility, increasing health and safety risks, and contributing to pest infestation.

The proposed intervention aims to remove rubble from the site through debris removal, controlled filling, and ground leveling works. Required resources include laborers, debris removal tools, transportation vehicles, and loaders. The activity is planned to start on 11 May 2026 and is expected to be completed within one working day.",,,,https://app.zitemanager.org/api/v2/generate-presigned-url/?object_key=Site_Improvement_Plan__-_B13_Rubble_Rem-17_43_4.xlsx&return_type=file
40161778044926704V,GZA5001,Alwaad,https://app.zitemanager.org/#/sites/51310/submission-case-detail/40161778044926704V,2026-05-06,Closed,,tamara,ACTED,Active,-,260 - 2600118,Gaza - Northern Remal,2026-05-06,06/05/26,ACTED,PRM,2026-05-03,03-05-26,Community Participation and Representation,Capacity strengthening for community members,,,7,6,0,0,13,0,7,6,,13,,,,,,,,,,,,,,,,,,,,,,,,,,"The Site Management training session provided participants with an overview of site management principles and practices to ensure safe, dignified, and inclusive living conditions. It introduced the role of the Site Management Committee (SMC) in representing community members and supporting coordination with service providers. The training covered key components including the Terms of Reference (ToR), Code of Conduct (CoC), and the roles and responsibilities of SMC members, emphasizing accountability, community participation, and effective communication. It also highlighted the importance of Gender-Based Violence (GBV) prevention and response, focusing on identifying risks, promoting safe practices, and ensuring appropriate referral mechanisms. It also introduces the CFM. Overall, the training aimed to strengthen participants’ capacity to support effective, protection-focused site management.",,,,
40161778045108711X,GZA4122,Al Buraq School and Camp,https://app.zitemanager.org/#/sites/38243/submission-case-detail/40161778045108711X,2026-05-06,Closed,,tamara,ACTED,Active,,260 - 2600118,Gaza - Northern Remal,2026-05-06,06/05/26,ACTED,PRM,2026-05-05,05-05-26,Community Participation and Representation,Capacity strengthening for community members,,,13,5,2,0,20,2,15,5,,20,,,,,,,,,,,,,,,,,,,,,,,,,,"The Site Management training session provided participants with an overview of site management principles and practices to ensure safe, dignified, and inclusive living conditions. It introduced the role of the Site Management Committee (SMC) in representing community members and supporting coordination with service providers. The training covered key components including the Terms of Reference (ToR), Code of Conduct (CoC), and the roles and responsibilities of SMC members, emphasizing accountability, community participation, and effective communication. It also highlighted the importance of Gender-Based Violence (GBV) prevention and response, focusing on identifying risks, promoting safe practices, and ensuring appropriate referral mechanisms. It also introduces the CFM. Overall, the training aimed to strengthen participants’ capacity to support effective, protection-focused site management.",,,,
41741778424606048I,GZA4921,Al-Mashtal,https://app.zitemanager.org/#/sites/52225/submission-case-detail/41741778424606048I,2026-05-10,Closed,,bashar,IOM,Active,BLDA,260 - 2600123,Gaza - An Naser-Gaza,2026-05-10,10/05/26,BLDA,PRM,2026-05-10,10-05-26,Site Environment Improvements,Site Improvement Plans,,,,,,,,,0,0,,1,,,,,,,,,,,,,,,,,,,,,,,,,,"The Site Improvement Plan for the Al-Mashtalsite (GZA4921), prepared by BLDA on 10 May 2026, identifies key infrastructure and environmental challenges affecting displaced populations within the site. The plan focuses on improving safety, accessibility, and overall living conditions through targeted site maintenance interventions.

The main identified issues include:

- The presence of random and closely located debris and rubble near tents, which restrict movement, create health and environmental risks, and contribute to pest infestations.
- Water accumulation in low-lying areas inside the site due to poor ground leveling, leading to accessibility difficulties and increased health and safety concerns.

To address these challenges, the planned interventions include:

- Debris removal and controlled filling with ground leveling to improve site conditions and reduce environmental hazards.
- Sand spreading and leveling works to improve drainage, reduce water accumulation, and enhance safe movement within the site.

These activities are planned to be implemented during May and are expected to require a maximum of 3 working days, using laborers, transportation vehicles, a loader, sand, and leveling tools.",,,,https://app.zitemanager.org/api/v2/generate-presigned-url/?object_key=Site_Improvement_Plan__-_AlMasht-17_47_45.xlsx&return_type=file
41741778425893720K,DEB0071,Ard Abu Gemayzeh,https://app.zitemanager.org/#/sites/31306/submission-case-detail/41741778425893720K,2026-05-10,Closed,,bashar,IOM,Active,BLDA,265 - 2651089,Deir Al-Balah - Yafa,2026-05-10,10/05/26,BLDA,PRM,2026-05-10,10-05-26,Site Environment Improvements,Site Improvement Plans,,,,,,,,,0,0,,1,,,,,,,,,,,,,,,,,,,,,,,,,,"A Site Improvement Plan was developed for Ard Abu Gemayzeh site to address water accumulation caused by uneven and irregular ground surfaces inside the site, which affects movement and increases health and safety risks for residents. The planned intervention includes sand spreading and ground leveling activities to improve drainage, accessibility, and overall living conditions for displaced populations. The activity is planned to start on 11 May 2026 and is expected to be completed within 2 working days.",,,,https://app.zitemanager.org/api/v2/generate-presigned-url/?object_key=Site_Improvement_Plan__-_Jomeeza-18_8_52.xlsx&return_type=file
40151778578062545L,KYS0947,Al-rimal Al-Thahabiea,https://app.zitemanager.org/#/sites/31532/submission-case-detail/40151778578062545L,2026-05-12,Closed,,malmaqadma,IOM,Active,ACTED,270 - 27002154,Khan Younis - Al Mawasi,2026-05-12,12/05/26,ACTED,PRM,2026-05-07,07-05-26,Community Participation and Representation,Capacity strengthening for community members,,,10,8,2,0,20,0,12,8,,20,,,,,,,,,,,,,,,,,,,,,,,,,,"A Site Management Committee (SMC) training session was conducted under the 12GNY project to strengthen the capacity of committee members and enhance their understanding of site-level coordination, governance, and service delivery. The training focused on the core functions of Site Management, including community participation, coordination with humanitarian actors, information management, and infrastructure monitoring. Participants also received orientation on data management, Code of Conduct (CoC), and Prevention of Sexual Exploitation and Abuse (PSEA), emphasizing accountability, ethical behavior, and protection principles. In addition, discussions addressed conflict resolution and dispute management to support social cohesion and effective community-driven site governance.",,,,
41741778427363828G,DEB2708,Al-Quds Hurra,https://app.zitemanager.org/#/sites/32268/submission-case-detail/41741778427363828G,2026-05-10,Closed,,bashar,IOM,Active,BLDA,265 - 26510152,Deir Al-Balah - Deir Al Balah (south),2026-05-10,10/05/26,BLDA,PRM,2026-05-10,10-05-26,Site Environment Improvements,Site Improvement Plans,,,,,,,,,0,0,,1,,,,,,,,,,,,,,,,,,,,,,,,,,"The Site Improvement Plan for Al-Quds Hurra Site (DEB2708), prepared by BLDA, aims to address water accumulation caused by uneven and low ground levels inside the site. The planned intervention includes sand spreading and ground leveling to improve drainage, accessibility, and overall safety and living conditions for displaced residents. The activity is expected to take approximately two days.",,,,https://app.zitemanager.org/api/v2/generate-presigned-url/?object_key=Site_Improvement_Plan__-_QUDSALHUURA-18_34_57.xlsx&return_type=file
41741778426824450R,DEB3454,Abu Mishaal,https://app.zitemanager.org/#/sites/33492/submission-case-detail/41741778426824450R,2026-05-10,Closed,,bashar,IOM,Active,BLDA,265 - 26510152,Deir Al-Balah - Deir Al Balah (south),2026-05-10,10/05/26,BLDA,PRM,2026-05-10,10-05-26,Site Environment Improvements,Site Improvement Plans,,,,,,,,,0,0,,1,,,,,,,,,,,,,,,,,,,,,,,,,,"The planned site improvement intervention aims to address unsafe and unhealthy conditions within the site caused by uneven ground, accumulated debris, and stagnant wastewater. The proposed activities include ground leveling, sand spreading, and debris removal to improve accessibility, reduce environmental and health risks, and enhance overall safety and living conditions for displaced residents.",,,,https://app.zitemanager.org/api/v2/generate-presigned-url/?object_key=Site_Improvement_Plan__-_Abu_Meshal-18_26_3.xlsx&return_type=file
40561778054237465U,GZA4352,Al-Karim Site,https://app.zitemanager.org/#/sites/40078/submission-case-detail/40561778054237465U,2026-05-06,Closed,,abdallahalkurdi123,NRC,Active,,260 - 2600120,Gaza - Ad Darraj,2026-05-06,06/05/26,NRC,PRM,2026-04-07,07-04-26,Site Environment Improvements,"Site improvements, Care and Maintenance",,,0,0,0,0,0,0,0,0,,0,,,,,,,,,,"Communal Space Upgrades, Communal Space Upgrades",,communal_space,"No Items, No Items",,,,,,,,,0,1833,,0,"Furniture Distribution (2 Tables, 2 Mats and 9 Chairs per site ) for SMC Activity was implemented to address the lack of proper furniture inside administrative tents across IDP sites, which was affecting communication, coordination, and service delivery. On 7 April 2026, NRC Site Management teams distributed essential furniture to 30 sites across Gaza, the Middle Area, and Khan Younis, including this site. The activity created more organized and dignified spaces for receiving displaced families and conducting daily operations. It also improved complaint handling, referrals, and communication between site management teams and IDPs. In addition, the furnished tents enhanced coordination meetings with community committees and humanitarian partners. Overall, the intervention strengthened service delivery and benefited more than 131,000 displaced individuals across the targeted sites",https://app.zitemanager.org/api/v2/generate-presigned-url/?object_key=AlTareni_2-10_55_42.jpeg&return_type=file,https://app.zitemanager.org/api/v2/generate-presigned-url/?object_key=AlTareni_4-10_56_6.jpeg&return_type=file,,
47941778578748899A,KYS1711,Al-Nakheel and Al-Zaitoon site,https://app.zitemanager.org/#/sites/31748/submission-case-detail/47941778578748899A,2026-05-12,Closed,,bisan_harb,IOM,Active,ACTED,270 - 27002154,Khan Younis - Al Mawasi,2026-05-12,12/05/26,ACTED,PRM,2026-05-11,11-05-26,"Two-Way Information Sharing, Feedback and Complaints",Awareness sessions,22,25,30,29,1,2,109,1,53,56,No,109,,,,,,,,,,UXOs/Mine Action,,uxos,No Items,,,,,,,,,0,,,,"SM conducted one awareness session for UXOs explaining Risks of unexploded ordnance (UXO), how to recognize potential hazards, follow safety procedures, and take appropriate actions to prevent accidents and ensure worker safety.",,,,
59261776761049836E,DEB4920,Bait Lahea Camp,https://app.zitemanager.org/#/sites/51151/submission-case-detail/59261776761049836E,2026-04-21,Closed,,rafanassar,IOM,Active,BLDA,265 - 2650577,Deir Al-Balah - As Sahabah,2026-04-21,21/04/26,BLDA,PRM,2026-03-29,29-03-26,Community Participation and Representation,Community or Committee Meeting,,,16,12,0,2,30,0,16,14,,30,,,,,,,,,"Programming Specific Meetings (e.g. project inductions, cash for work, etc.)",,,program_specific_meeting,,,,,,,,,,,,,,"Focus Group Discussions (FGDs) were conducted across displacement sites to introduce the project and raise community awareness about the details of work within the sites, including planned activities, implementation mechanisms, and the role of the community in participation and follow-up. The sessions also aimed to collect feedback, identify needs and priorities, and strengthen transparency and communication.

The sessions included a presentation of project objectives and planned activities, followed by interactive discussions with participants to explore challenges and needs within the sites, as well as discussing the risks faced by residents such as safety concerns, lack of services, and environmental conditions. Dedicated sessions were also conducted with women and girls to ensure their perspectives are included in planning and decision-making.

Overall, the sessions demonstrated positive community engagement and a clear willingness to participate in the implementation of activities and improve living conditions within displacement sites.",,,,
47941778579231230K,KYS1711,Al-Nakheel and Al-Zaitoon site,https://app.zitemanager.org/#/sites/31748/submission-case-detail/47941778579231230K,2026-05-12,Closed,,bisan_harb,IOM,Active,ACTED,270 - 27002154,Khan Younis - Al Mawasi,2026-05-12,12/05/26,ACTED,PRM,2026-05-11,11-05-26,Community Participation and Representation,Community or Committee Meeting,,,6,3,0,0,9,1,6,3,,9,,,,,,,,,"Programming Specific Meetings (e.g. project inductions, cash for work, etc.)",,,program_specific_meeting,,,,,,,,,,,,,,"A meeting was conducted with committee members regarding the CLI application process to explain the purpose of the activity, discuss roles and responsibilities, and provide detailed guidance on how to properly complete and submit the application forms. The session also clarified the required questions and information in the application, including beneficiary details, community needs, proposed initiatives, implementation priorities, and eligibility criteria to ensure accurate and complete submissions.",,,,
40151778578302500P,KYS0835,Yafa Site,https://app.zitemanager.org/#/sites/31507/submission-case-detail/40151778578302500P,2026-05-12,Closed,,malmaqadma,IOM,Active,ACTED,270 - 27002154,Khan Younis - Al Mawasi,2026-05-12,12/05/26,ACTED,PRM,2026-05-10,10-05-26,Community Participation and Representation,Capacity strengthening for community members,,,14,5,0,0,19,1,14,5,,19,,,,,,,,,,,,,,,,,,,,,,,,,,"A Site Management Committee (SMC) training session was conducted under the 12GNY project to strengthen the capacity of committee members and enhance their understanding of site-level coordination, governance, and service delivery. The training focused on the core functions of Site Management, including community participation, coordination with humanitarian actors, information management, and infrastructure monitoring. Participants also received orientation on data management, Code of Conduct (CoC), and Prevention of Sexual Exploitation and Abuse (PSEA), emphasizing accountability, ethical behavior, and protection principles. In addition, discussions addressed conflict resolution and dispute management to support social cohesion and effective community-driven site governance.",,,,
40151778577845800G,KYS0825,Al-Jawhari,https://app.zitemanager.org/#/sites/31498/submission-case-detail/40151778577845800G,2026-05-12,Closed,,malmaqadma,IOM,Active,ACTED,270 - 27002154,Khan Younis - Al Mawasi,2026-05-12,12/05/26,ACTED,PRM,2026-05-06,06-05-26,Community Participation and Representation,Capacity strengthening for community members,,,13,10,0,0,23,0,13,10,,23,,,,,,,,,,,,,,,,,,,,,,,,,,"A Site Management Committee (SMC) training session was conducted under the 12GNY project to strengthen the capacity of committee members and enhance their understanding of site-level coordination, governance, and service delivery. The training focused on the core functions of Site Management, including community participation, coordination with humanitarian actors, information management, and infrastructure monitoring. Participants also received orientation on data management, Code of Conduct (CoC), and Prevention of Sexual Exploitation and Abuse (PSEA), emphasizing accountability, ethical behavior, and protection principles. In addition, discussions addressed conflict resolution and dispute management to support social cohesion and effective community-driven site governance.",,,,
40561778055994026N,GZA4352,Al-Karim Site,https://app.zitemanager.org/#/sites/40078/submission-case-detail/40561778055994026N,2026-05-06,Closed,,abdallahalkurdi123,NRC,Active,,260 - 2600120,Gaza - Ad Darraj,2026-05-06,06/05/26,NRC,PRM,2026-04-26,26-04-26,Site Environment Improvements,"Site improvements, Care and Maintenance",,,0,0,0,0,0,0,0,0,,0,,,,,,,,,,"Communal Space Upgrades, Communal Space Upgrades",,communal_space,"Toolkits, Toolkits",,,,,,,1,,0,10875,,0,"Care and Maintenance Tools Distribution Activity was implemented across 30 IDP sites including this site to address the lack of proper tools required for Cash for works and daily site maintenance, especially in flood-prone areas. The sites were facing challenges in digging drainage channels, removing debris, and maintaining safe pathways during rainy conditions, and also during cleaning the pathways in the site . To mitigate these issues, NRC distributed essential tools including shovels, hoes, pickaxes, wheelbarrows, plastic garden combs, and complete toolboxes. These tools enabled site teams and community workers to carry out regular cleaning, soil excavation, and drainage channel construction more effectively. The intervention also improved preparedness for flooding risks and supported safer and more organized site conditions. Overall, the activity strengthened site maintenance capacity and contributed to improving the living environment for IDPs across the targeted sites.",https://app.zitemanager.org/api/v2/generate-presigned-url/?object_key=AlKareem_Abu_Khadra-11_26_19.jpeg&return_type=file,,,
59261776761168126S,DEB0071,Ard Abu Gemayzeh,https://app.zitemanager.org/#/sites/31306/submission-case-detail/59261776761168126S,2026-04-21,Closed,,rafanassar,IOM,Active,BLDA,265 - 2651089,Deir Al-Balah - Yafa,2026-04-21,21/04/26,BLDA,PRM,2026-03-30,30-03-26,Community Participation and Representation,Community or Committee Meeting,,,15,16,0,0,31,0,15,16,,31,,,,,,,,,"Programming Specific Meetings (e.g. project inductions, cash for work, etc.)",,,program_specific_meeting,,,,,,,,,,,,,,"Focus Group Discussions (FGDs) were conducted across displacement sites to introduce the project and raise community awareness about the details of work within the sites, including planned activities, implementation mechanisms, and the role of the community in participation and follow-up. The sessions also aimed to collect feedback, identify needs and priorities, and strengthen transparency and communication.

The sessions included a presentation of project objectives and planned activities, followed by interactive discussions with participants to explore challenges and needs within the sites, as well as discussing the risks faced by residents such as safety concerns, lack of services, and environmental conditions. Dedicated sessions were also conducted with women and girls to ensure their perspectives are included in planning and decision-making.

Overall, the sessions demonstrated positive community engagement and a clear willingness to participate in the implementation of activities and improve living conditions within displacement sites.",,,,
40561778056393618S,GZA6014,Sanad Site,https://app.zitemanager.org/#/sites/43040/submission-case-detail/40561778056393618S,2026-05-06,Closed,,abdallahalkurdi123,NRC,Active,,260 - 2600119,Gaza - Southern Remal,2026-05-06,06/05/26,NRC,PRM,2026-04-07,07-04-26,Site Environment Improvements,"Site improvements, Care and Maintenance",,,0,0,0,0,0,0,0,0,,0,,,,,,,,,,"Communal Space Upgrades, Communal Space Upgrades",,communal_space,"No Items, No Items",,,,,,,,,0,1832,,0,"Furniture Distribution (2 Tables, 2 Mats and 9 Chairs per site ) for SMC Activity was implemented to address the lack of proper furniture inside administrative tents across IDP sites, which was affecting communication, coordination, and service delivery. On 7 April 2026, NRC Site Management teams distributed essential furniture to 30 sites across Gaza, the Middle Area, and Khan Younis, including this site. The activity created more organized and dignified spaces for receiving displaced families and conducting daily operations. It also improved complaint handling, referrals, and communication between site management teams and IDPs. In addition, the furnished tents enhanced coordination meetings with community committees and humanitarian partners. Overall, the intervention strengthened service delivery and benefited more than 131,000 displaced individuals across the targeted sites",https://app.zitemanager.org/api/v2/generate-presigned-url/?object_key=Sanad-11_32_25.jpeg&return_type=file,,,
40151778582332483B,KYS1713,Al-Fedaa site,https://app.zitemanager.org/#/sites/31749/submission-case-detail/40151778582332483B,2026-05-12,Closed,,malmaqadma,IOM,Active,ACTED,270 - 27002154,Khan Younis - Al Mawasi,2026-05-12,12/05/26,ACTED,PRM,2026-05-05,05-05-26,"Two-Way Information Sharing, Feedback and Complaints",Awareness sessions,,,,22,,,22,0,0,22,No,22,,,,,,,,,,UXOs/Mine Action,,uxos,No Items,,,,,,,,,0,,,,"A dedicated session was conducted for women focusing on psychosocial support and awareness raising on the risks of unexploded ordnance (UXO). The session provided a safe and supportive environment where women were encouraged to share their concerns, experiences, and daily challenges, helping to reduce stress and strengthen emotional well-being. In addition, participants received awareness messages on the dangers of interacting with unexploded ordnance, including the different types and shapes of explosive remnants, their components, and the possible causes of sudden explosions. Real-life examples and visual materials were presented to highlight the serious risks associated with handling suspicious objects and to promote safe behaviors within the community.",,,,
40561778056540586L,GZA6014,Sanad Site,https://app.zitemanager.org/#/sites/43040/submission-case-detail/40561778056540586L,2026-05-06,Closed,,abdallahalkurdi123,NRC,Active,,260 - 2600119,Gaza - Southern Remal,2026-05-06,06/05/26,NRC,PRM,2026-04-26,26-04-26,Site Environment Improvements,"Site improvements, Care and Maintenance",,,0,0,0,0,0,0,0,0,,0,,,,,,,,,,"Communal Space Upgrades, Communal Space Upgrades",,communal_space,"Toolkits, Toolkits",,,,,,,1,,0,10875,,0,"Care and Maintenance Tools Distribution Activity was implemented across 30 IDP sites including this site to address the lack of proper tools required for Cash for works and daily site maintenance, especially in flood-prone areas. The sites were facing challenges in digging drainage channels, removing debris, and maintaining safe pathways during rainy conditions, and also during cleaning the pathways in the site . To mitigate these issues, NRC distributed essential tools including shovels, hoes, pickaxes, wheelbarrows, plastic garden combs, and complete toolboxes. These tools enabled site teams and community workers to carry out regular cleaning, soil excavation, and drainage channel construction more effectively. The intervention also improved preparedness for flooding risks and supported safer and more organized site conditions. Overall, the activity strengthened site maintenance capacity and contributed to improving the living environment for IDPs across the targeted sites.",https://app.zitemanager.org/api/v2/generate-presigned-url/?object_key=Sanad-11_35_24.jpeg&return_type=file,,,
40561778056792333E,GZA4425,Al jondi Al mjhool Site,https://app.zitemanager.org/#/sites/42216/submission-case-detail/40561778056792333E,2026-05-06,Closed,,abdallahalkurdi123,NRC,Active,,260 - 2600118,Gaza - Northern Remal,2026-05-06,06/05/26,NRC,PRM,2026-04-07,07-04-26,Site Environment Improvements,"Site improvements, Care and Maintenance",,,0,0,0,0,0,0,0,0,,0,,,,,,,,,,"Communal Space Upgrades, Communal Space Upgrades",,communal_space,"No Items, No Items",,,,,,,,,0,1833,,0,"Furniture Distribution (2 Tables, 2 Mats and 9 Chairs per site ) for SMC Activity was implemented to address the lack of proper furniture inside administrative tents across IDP sites, which was affecting communication, coordination, and service delivery. On 7 April 2026, NRC Site Management teams distributed essential furniture to 30 sites across Gaza, the Middle Area, and Khan Younis, including this site. The activity created more organized and dignified spaces for receiving displaced families and conducting daily operations. It also improved complaint handling, referrals, and communication between site management teams and IDPs. In addition, the furnished tents enhanced coordination meetings with community committees and humanitarian partners. Overall, the intervention strengthened service delivery and benefited more than 131,000 displaced individuals across the targeted sites",https://app.zitemanager.org/api/v2/generate-presigned-url/?object_key=AlJundi_AlMajhool_1-11_39_40.jpeg&return_type=file,,,
40561778056904465T,GZA4425,Al jondi Al mjhool Site,https://app.zitemanager.org/#/sites/42216/submission-case-detail/40561778056904465T,2026-05-06,Closed,,abdallahalkurdi123,NRC,Active,,260 - 2600118,Gaza - Northern Remal,2026-05-06,06/05/26,NRC,PRM,2026-04-26,26-04-26,Site Environment Improvements,"Site improvements, Care and Maintenance",,,0,0,0,0,0,0,0,0,,0,,,,,,,,,,"Communal Space Upgrades, Communal Space Upgrades",,communal_space,"Toolkits, Toolkits",,,,,,,1,,0,10875,,0,"Care and Maintenance Tools Distribution Activity was implemented across 30 IDP sites including this site to address the lack of proper tools required for Cash for works and daily site maintenance, especially in flood-prone areas. The sites were facing challenges in digging drainage channels, removing debris, and maintaining safe pathways during rainy conditions, and also during cleaning the pathways in the site . To mitigate these issues, NRC distributed essential tools including shovels, hoes, pickaxes, wheelbarrows, plastic garden combs, and complete toolboxes. These tools enabled site teams and community workers to carry out regular cleaning, soil excavation, and drainage channel construction more effectively. The intervention also improved preparedness for flooding risks and supported safer and more organized site conditions. Overall, the activity strengthened site maintenance capacity and contributed to improving the living environment for IDPs across the targeted sites.",https://app.zitemanager.org/api/v2/generate-presigned-url/?object_key=AlJundi-11_41_33.jpeg&return_type=file,,,
40151778583802242T,KYS0805,Al-Shaheed Jameel,https://app.zitemanager.org/#/sites/31493/submission-case-detail/40151778583802242T,2026-05-12,Closed,,malmaqadma,IOM,Active,ACTED,270 - 27002154,Khan Younis - Al Mawasi,2026-05-12,12/05/26,ACTED,PRM,2026-05-06,06-05-26,"Two-Way Information Sharing, Feedback and Complaints",Awareness sessions,,,,17,,2,19,0,0,19,Yes,19,,1,,,,,1,,,UXOs/Mine Action,,uxos,No Items,,,,,,,,,0,,,,"A dedicated session was conducted for women focusing on psychosocial support and awareness raising on the risks of unexploded ordnance (UXO). The session provided a safe and supportive environment where women were encouraged to share their concerns, experiences, and daily challenges, helping to reduce stress and strengthen emotional well-being. In addition, participants received awareness messages on the dangers of interacting with unexploded ordnance, including the different types and shapes of explosive remnants, their components, and the possible causes of sudden explosions. Real-life examples and visual materials were presented to highlight the serious risks associated with handling suspicious objects and to promote safe behaviors within the community.",,,,
47941778580596514A,KYS1926,Albwasil,https://app.zitemanager.org/#/sites/31920/submission-case-detail/47941778580596514A,2026-05-12,Closed,,bisan_harb,IOM,Active,ACTED,270 - 27002154,Khan Younis - Al Mawasi,2026-05-12,12/05/26,ACTED,PRM,2026-05-12,12-05-26,Community Participation and Representation,Community or Committee Meeting,,,10,5,1,0,16,1,11,5,,16,,,,,,,,,"Programming Specific Meetings (e.g. project inductions, cash for work, etc.)",,,program_specific_meeting,,,,,,,,,,,,,,"A meeting was conducted with committee members regarding the CLI application process to explain the purpose of the activity, discuss roles and responsibilities, and provide detailed guidance on how to properly complete and submit the application forms. The session also clarified the required questions and information in the application, including beneficiary details, community needs, proposed initiatives, implementation priorities, and eligibility criteria to ensure accurate and complete submissions.",,,,
47941778579672528M,KYS1715,Al-Quds,https://app.zitemanager.org/#/sites/31751/submission-case-detail/47941778579672528M,2026-05-12,Closed,,bisan_harb,IOM,Active,ACTED,270 - 27002154,Khan Younis - Al Mawasi,2026-05-12,12/05/26,ACTED,PRM,2026-05-11,11-05-26,Community Participation and Representation,Community or Committee Meeting,,,6,3,0,0,9,1,6,3,,9,,,,,,,,,"Programming Specific Meetings (e.g. project inductions, cash for work, etc.)",,,program_specific_meeting,,,,,,,,,,,,,,"A meeting was conducted with committee members regarding the CLI application process to explain the purpose of the activity, discuss roles and responsibilities, and provide detailed guidance on how to properly complete and submit the application forms. The session also clarified the required questions and information in the application, including beneficiary details, community needs, proposed initiatives, implementation priorities, and eligibility criteria to ensure accurate and complete submissions.",,,,
40151778582654338N,KYS0825,Al-Jawhari,https://app.zitemanager.org/#/sites/31498/submission-case-detail/40151778582654338N,2026-05-12,Closed,,malmaqadma,IOM,Active,ACTED,270 - 27002154,Khan Younis - Al Mawasi,2026-05-12,12/05/26,ACTED,PRM,2026-05-07,07-05-26,"Two-Way Information Sharing, Feedback and Complaints",Awareness sessions,,,19,,1,,20,0,20,0,No,20,,,,,,,,,,UXOs/Mine Action,,uxos,Other Items,Stationary and Refreshment,,,,,,,20,0,,,,"An awareness session was conducted for men focusing on the dangers of unexploded ordnance (UXO) and the importance of adopting safe practices within the community. The session included discussions on the different types and forms of explosive remnants of war, their components, and the reasons behind unexpected explosions. Participants were shown visual examples of UXO and informed about previous incidents that demonstrated the severe consequences of interacting with suspicious objects. The session emphasized the importance of avoiding direct contact with unknown items, reporting dangerous materials to relevant authorities, and spreading awareness among family and community members to reduce risks and enhance community safety.",,,,
40151778584019280B,KYS0805,Al-Shaheed Jameel,https://app.zitemanager.org/#/sites/31493/submission-case-detail/40151778584019280B,2026-05-12,Closed,,malmaqadma,IOM,Active,ACTED,270 - 27002154,Khan Younis - Al Mawasi,2026-05-12,12/05/26,ACTED,PRM,2026-05-06,06-05-26,"Two-Way Information Sharing, Feedback and Complaints",Awareness sessions,16,3,,,,,19,0,16,3,Yes,19,,,1,2,,,3,,,UXOs/Mine Action,,uxos,Other Items,Refreshment,,,,,,,22,0,,,,"A child-friendly session was organized for children, including energizing activities, introductory games, and recreational exercises designed to create a positive and supportive atmosphere. Interactive games and group activities encouraged participation, social interaction, and emotional expression, helping children feel more comfortable and engaged. In addition, children received simple and age-appropriate awareness messages on the dangers of unexploded ordnance (UXO). Through visual materials and practical examples, facilitators explained the importance of not touching unfamiliar objects, staying away from suspicious items, and immediately informing adults if dangerous materials are found. The activities aimed to increase children’s awareness while maintaining a safe and enjoyable learning environment.",,,,
41741778580666612P,DEB0071,Ard Abu Gemayzeh,https://app.zitemanager.org/#/sites/31306/submission-case-detail/41741778580666612P,2026-05-12,Closed,,bashar,IOM,Active,BLDA,265 - 2651089,Deir Al-Balah - Yafa,2026-05-12,12/05/26,BLDA,PRM,2026-05-11,11-05-26,Site Environment Improvements,"Site improvements, Care and Maintenance",,,0,0,0,0,0,0,0,0,,0,,,,,,,,,,"Site Safety & Access Improvements, Site Safety & Access Improvements",,site_access,"No Items, No Items",,,,,,,,,0,13603,,0,"The intervention at Ard Abu Gemayzeh site was successfully implemented through comprehensive sand spreading and ground leveling works in the affected areas, directly contributing to reducing water accumulation and improving the site’s internal conditions. The activity significantly enhanced safe access and mobility within the site, mitigated environmental and public health risks, and contributed to improving living conditions while promoting the dignity and safety of displaced residents.",https://app.zitemanager.org/api/v2/generate-presigned-url/?object_key=WhatsApp_Image_2026-05-12_at_12.21.57_PM_3-12_57_38.jpeg&return_type=file,https://app.zitemanager.org/api/v2/generate-presigned-url/?object_key=WhatsApp_Image_2026-05-12_at_12.22.08_PM-12_57_49.jpeg&return_type=file,https://app.zitemanager.org/api/v2/generate-presigned-url/?object_key=1-12_58_9.jpeg&return_type=file,
40561778057373682H,GZA6015,Al-Taawon  Site,https://app.zitemanager.org/#/sites/43043/submission-case-detail/40561778057373682H,2026-05-06,Closed,,abdallahalkurdi123,NRC,Active,,260 - 2600120,Gaza - Ad Darraj,2026-05-06,06/05/26,NRC,PRM,2026-04-07,07-04-26,Site Environment Improvements,"Site improvements, Care and Maintenance",,,0,0,0,0,0,0,0,0,,0,,,,,,,,,,"Communal Space Upgrades, Communal Space Upgrades",,communal_space,"No Items, No Items",,,,,,,,,0,1833,,0,"Furniture Distribution (2 Tables, 2 Mats and 9 Chairs per site ) for SMC Activity was implemented to address the lack of proper furniture inside administrative tents across IDP sites, which was affecting communication, coordination, and service delivery. On 7 April 2026, NRC Site Management teams distributed essential furniture to 30 sites across Gaza, the Middle Area, and Khan Younis, including this site. The activity created more organized and dignified spaces for receiving displaced families and conducting daily operations. It also improved complaint handling, referrals, and communication between site management teams and IDPs. In addition, the furnished tents enhanced coordination meetings with community committees and humanitarian partners. Overall, the intervention strengthened service delivery and benefited more than 131,000 displaced individuals across the targeted sites",https://app.zitemanager.org/api/v2/generate-presigned-url/?object_key=WhatsApp_Image_2026-04-09_at_8.16.18_PM-11_49_20.jpeg&return_type=file,,,
40151778582143924V,KYS1713,Al-Fedaa site,https://app.zitemanager.org/#/sites/31749/submission-case-detail/40151778582143924V,2026-05-12,Closed,,malmaqadma,IOM,Active,ACTED,270 - 27002154,Khan Younis - Al Mawasi,2026-05-12,12/05/26,ACTED,PRM,2026-05-05,05-05-26,"Two-Way Information Sharing, Feedback and Complaints",Awareness sessions,24,,,,,,24,0,24,0,No,24,,,,,,,,,,UXOs/Mine Action,,uxos,No Items,,,,,,,,,0,,,,"A child-friendly session was organized for children, including energizing activities, introductory games, and recreational exercises designed to create a positive and supportive atmosphere. Interactive games and group activities encouraged participation, social interaction, and emotional expression, helping children feel more comfortable and engaged. In addition, children received simple and age-appropriate awareness messages on the dangers of unexploded ordnance (UXO). Through visual materials and practical examples, facilitators explained the importance of not touching unfamiliar objects, staying away from suspicious items, and immediately informing adults if dangerous materials are found. The activities aimed to increase children’s awareness while maintaining a safe and enjoyable learning environment.",,,,
40561778057445537H,GZA6015,Al-Taawon  Site,https://app.zitemanager.org/#/sites/43043/submission-case-detail/40561778057445537H,2026-05-06,Closed,,abdallahalkurdi123,NRC,Active,,260 - 2600120,Gaza - Ad Darraj,2026-05-06,06/05/26,NRC,PRM,2026-04-26,26-04-26,Site Environment Improvements,"Site improvements, Care and Maintenance",,,0,0,0,0,0,0,0,0,,0,,,,,,,,,,"Communal Space Upgrades, Communal Space Upgrades",,communal_space,"Toolkits, Toolkits",,,,,,,1,,0,10875,,0,"Care and Maintenance Tools Distribution Activity was implemented across 30 IDP sites including this site to address the lack of proper tools required for Cash for works and daily site maintenance, especially in flood-prone areas. The sites were facing challenges in digging drainage channels, removing debris, and maintaining safe pathways during rainy conditions, and also during cleaning the pathways in the site . To mitigate these issues, NRC distributed essential tools including shovels, hoes, pickaxes, wheelbarrows, plastic garden combs, and complete toolboxes. These tools enabled site teams and community workers to carry out regular cleaning, soil excavation, and drainage channel construction more effectively. The intervention also improved preparedness for flooding risks and supported safer and more organized site conditions. Overall, the activity strengthened site maintenance capacity and contributed to improving the living environment for IDPs across the targeted sites.",https://app.zitemanager.org/api/v2/generate-presigned-url/?object_key=AlTaawon-11_50_35.jpeg&return_type=file,,,
40151778583543290M,KYS0947,Al-rimal Al-Thahabiea,https://app.zitemanager.org/#/sites/31532/submission-case-detail/40151778583543290M,2026-05-12,Closed,,malmaqadma,IOM,Active,ACTED,270 - 27002154,Khan Younis - Al Mawasi,2026-05-12,12/05/26,ACTED,PRM,2026-05-10,10-05-26,"Two-Way Information Sharing, Feedback and Complaints",Awareness sessions,20,7,,,,,27,0,20,7,No,27,,,,,,,,,,UXOs/Mine Action,,uxos,Other Items,Refreshments,,,,,,,27,0,,,,"A child-friendly session was organized for children, including energizing activities, introductory games, and recreational exercises designed to create a positive and supportive atmosphere. Interactive games and group activities encouraged participation, social interaction, and emotional expression, helping children feel more comfortable and engaged. In addition, children received simple and age-appropriate awareness messages on the dangers of unexploded ordnance (UXO). Through visual materials and practical examples, facilitators explained the importance of not touching unfamiliar objects, staying away from suspicious items, and immediately informing adults if dangerous materials are found. The activities aimed to increase children’s awareness while maintaining a safe and enjoyable learning environment.",,,,
40151778582465249S,KYS0825,Al-Jawhari,https://app.zitemanager.org/#/sites/31498/submission-case-detail/40151778582465249S,2026-05-12,Closed,,malmaqadma,IOM,Active,ACTED,270 - 27002154,Khan Younis - Al Mawasi,2026-05-12,12/05/26,ACTED,PRM,2026-05-07,07-05-26,"Two-Way Information Sharing, Feedback and Complaints",Awareness sessions,17,3,,,,,20,0,17,3,No,20,,,,,,,,,,UXOs/Mine Action,,uxos,Other Items,Refreshments & stationary,,,,,,,20,0,,,,"A child-friendly session was organized for children, including energizing activities, introductory games, and recreational exercises designed to create a positive and supportive atmosphere. Interactive games and group activities encouraged participation, social interaction, and emotional expression, helping children feel more comfortable and engaged. In addition, children received simple and age-appropriate awareness messages on the dangers of unexploded ordnance (UXO). Through visual materials and practical examples, facilitators explained the importance of not touching unfamiliar objects, staying away from suspicious items, and immediately informing adults if dangerous materials are found. The activities aimed to increase children’s awareness while maintaining a safe and enjoyable learning environment.",,,,
47941778580869420Q,KYS0100,Wijdan  community,https://app.zitemanager.org/#/sites/31321/submission-case-detail/47941778580869420Q,2026-05-12,Closed,,bisan_harb,IOM,Active,ACTED,270 - 27002154,Khan Younis - Al Mawasi,2026-05-12,12/05/26,ACTED,PRM,2026-05-11,11-05-26,Community Participation and Representation,Community or Committee Meeting,,,9,7,0,0,16,0,9,7,,16,,,,,,,,,"Programming Specific Meetings (e.g. project inductions, cash for work, etc.)",,,program_specific_meeting,,,,,,,,,,,,,,"A meeting was conducted with committee members regarding the CLI application process to explain the purpose of the activity, discuss roles and responsibilities, and provide detailed guidance on how to properly complete and submit the application forms. The session also clarified the required questions and information in the application, including beneficiary details, community needs, proposed initiatives, implementation priorities, and eligibility criteria to ensure accurate and complete submissions.",,,,
40561778057638935H,GZA4301,Mosaab Camp,https://app.zitemanager.org/#/sites/39537/submission-case-detail/40561778057638935H,2026-05-06,Closed,,abdallahalkurdi123,NRC,Active,,260 - 2600112,Gaza - Ash Sheikh 'Ijleen,2026-05-06,06/05/26,NRC,PRM,2026-04-07,07-04-26,Site Environment Improvements,"Site improvements, Care and Maintenance",,,0,0,0,0,0,0,0,0,,0,,,,,,,,,,"Communal Space Upgrades, Communal Space Upgrades",,communal_space,"No Items, No Items",,,,,,,,,0,1833,,0,"Furniture Distribution (2 Tables, 2 Mats and 9 Chairs per site ) for SMC Activity was implemented to address the lack of proper furniture inside administrative tents across IDP sites, which was affecting communication, coordination, and service delivery. On 7 April 2026, NRC Site Management teams distributed essential furniture to 30 sites across Gaza, the Middle Area, and Khan Younis, including this site. The activity created more organized and dignified spaces for receiving displaced families and conducting daily operations. It also improved complaint handling, referrals, and communication between site management teams and IDPs. In addition, the furnished tents enhanced coordination meetings with community committees and humanitarian partners. Overall, the intervention strengthened service delivery and benefited more than 131,000 displaced individuals across the targeted sites",https://app.zitemanager.org/api/v2/generate-presigned-url/?object_key=Musab_A-11_53_35.jpeg&return_type=file,,,
40561778057751021Z,GZA4301,Mosaab Camp,https://app.zitemanager.org/#/sites/39537/submission-case-detail/40561778057751021Z,2026-05-06,Closed,,abdallahalkurdi123,NRC,Active,,260 - 2600112,Gaza - Ash Sheikh 'Ijleen,2026-05-06,06/05/26,NRC,PRM,2026-04-26,26-04-26,Site Environment Improvements,"Site improvements, Care and Maintenance",,,0,0,0,0,0,0,0,0,,0,,,,,,,,,,"Communal Space Upgrades, Communal Space Upgrades",,communal_space,"Toolkits, Toolkits",,,,,,,1,,0,10875,,0,"Care and Maintenance Tools Distribution Activity was implemented across 30 IDP sites including this site to address the lack of proper tools required for Cash for works and daily site maintenance, especially in flood-prone areas. The sites were facing challenges in digging drainage channels, removing debris, and maintaining safe pathways during rainy conditions, and also during cleaning the pathways in the site . To mitigate these issues, NRC distributed essential tools including shovels, hoes, pickaxes, wheelbarrows, plastic garden combs, and complete toolboxes. These tools enabled site teams and community workers to carry out regular cleaning, soil excavation, and drainage channel construction more effectively. The intervention also improved preparedness for flooding risks and supported safer and more organized site conditions. Overall, the activity strengthened site maintenance capacity and contributed to improving the living environment for IDPs across the targeted sites.",https://app.zitemanager.org/api/v2/generate-presigned-url/?object_key=Mosaab_A-11_55_37.jpeg&return_type=file,,,
40151778583438322M,KYS0947,Al-rimal Al-Thahabiea,https://app.zitemanager.org/#/sites/31532/submission-case-detail/40151778583438322M,2026-05-12,Closed,,malmaqadma,IOM,Active,ACTED,270 - 27002154,Khan Younis - Al Mawasi,2026-05-12,12/05/26,ACTED,PRM,2026-05-10,10-05-26,"Two-Way Information Sharing, Feedback and Complaints",Awareness sessions,,,,29,,2,31,0,0,31,No,31,,,,,,,,,,UXOs/Mine Action,,uxos,Other Items,Stationary and Refreshments,,,,,,,31,0,,,,"A dedicated session was conducted for women focusing on psychosocial support and awareness raising on the risks of unexploded ordnance (UXO). The session provided a safe and supportive environment where women were encouraged to share their concerns, experiences, and daily challenges, helping to reduce stress and strengthen emotional well-being. In addition, participants received awareness messages on the dangers of interacting with unexploded ordnance, including the different types and shapes of explosive remnants, their components, and the possible causes of sudden explosions. Real-life examples and visual materials were presented to highlight the serious risks associated with handling suspicious objects and to promote safe behaviors within the community.",,,,
40151778583305349L,KYS0947,Al-rimal Al-Thahabiea,https://app.zitemanager.org/#/sites/31532/submission-case-detail/40151778583305349L,2026-05-12,Closed,,malmaqadma,IOM,Active,ACTED,270 - 27002154,Khan Younis - Al Mawasi,2026-05-12,12/05/26,ACTED,PRM,2026-05-10,10-05-26,"Two-Way Information Sharing, Feedback and Complaints",Awareness sessions,,,18,,1,,19,0,19,0,Yes,19,4,,,,,,4,,,UXOs/Mine Action,,uxos,Other Items,Stationary and Refreshment,,,,,,,23,0,,,,"An awareness session was conducted for men focusing on the dangers of unexploded ordnance (UXO) and the importance of adopting safe practices within the community. The session included discussions on the different types and forms of explosive remnants of war, their components, and the reasons behind unexpected explosions. Participants were shown visual examples of UXO and informed about previous incidents that demonstrated the severe consequences of interacting with suspicious objects. The session emphasized the importance of avoiding direct contact with unknown items, reporting dangerous materials to relevant authorities, and spreading awareness among family and community members to reduce risks and enhance community safety.",,,,
40151778581955192J,KYS1713,Al-Fedaa site,https://app.zitemanager.org/#/sites/31749/submission-case-detail/40151778581955192J,2026-05-12,Closed,,malmaqadma,IOM,Active,ACTED,270 - 27002154,Khan Younis - Al Mawasi,2026-05-12,12/05/26,ACTED,PRM,2026-05-05,05-05-26,"Two-Way Information Sharing, Feedback and Complaints",Awareness sessions,1,,19,,,,20,0,20,0,No,20,,,,,,,,,,UXOs/Mine Action,,uxos,No Items,,,,,,,,,0,,,,"An awareness session was conducted for men focusing on the dangers of unexploded ordnance (UXO) and the importance of adopting safe practices within the community. The session included discussions on the different types and forms of explosive remnants of war, their components, and the reasons behind unexpected explosions. Participants were shown visual examples of UXO and informed about previous incidents that demonstrated the severe consequences of interacting with suspicious objects. The session emphasized the importance of avoiding direct contact with unknown items, reporting dangerous materials to relevant authorities, and spreading awareness among family and community members to reduce risks and enhance community safety.",,,,
47941778581079311G,KYS1933,Al faruq,https://app.zitemanager.org/#/sites/31926/submission-case-detail/47941778581079311G,2026-05-12,Closed,,bisan_harb,IOM,Active,ACTED,270 - 27002154,Khan Younis - Al Mawasi,2026-05-12,12/05/26,ACTED,PRM,2026-05-12,12-05-26,Community Participation and Representation,Community or Committee Meeting,,,3,5,0,0,8,0,3,5,,8,,,,,,,,,"Programming Specific Meetings (e.g. project inductions, cash for work, etc.)",,,program_specific_meeting,,,,,,,,,,,,,,"A meeting was conducted with committee members regarding the CLI application process to explain the purpose of the activity, discuss roles and responsibilities, and provide detailed guidance on how to properly complete and submit the application forms. The session also clarified the required questions and information in the application, including beneficiary details, community needs, proposed initiatives, implementation priorities, and eligibility criteria to ensure accurate and complete submissions.",,,,
40151778582556431L,KYS0825,Al-Jawhari,https://app.zitemanager.org/#/sites/31498/submission-case-detail/40151778582556431L,2026-05-12,Closed,,malmaqadma,IOM,Active,ACTED,270 - 27002154,Khan Younis - Al Mawasi,2026-05-12,12/05/26,ACTED,PRM,2026-05-07,07-05-26,"Two-Way Information Sharing, Feedback and Complaints",Awareness sessions,,1,,19,,,20,0,0,20,No,20,,,,,,,,,,UXOs/Mine Action,,uxos,Other Items,Refreshment and Stationary,,,,,,,20,0,,,,"A dedicated session was conducted for women focusing on psychosocial support and awareness raising on the risks of unexploded ordnance (UXO). The session provided a safe and supportive environment where women were encouraged to share their concerns, experiences, and daily challenges, helping to reduce stress and strengthen emotional well-being. In addition, participants received awareness messages on the dangers of interacting with unexploded ordnance, including the different types and shapes of explosive remnants, their components, and the possible causes of sudden explosions. Real-life examples and visual materials were presented to highlight the serious risks associated with handling suspicious objects and to promote safe behaviors within the community.",,,,
40151778583900589Z,KYS0805,Al-Shaheed Jameel,https://app.zitemanager.org/#/sites/31493/submission-case-detail/40151778583900589Z,2026-05-12,Closed,,malmaqadma,IOM,Active,ACTED,270 - 27002154,Khan Younis - Al Mawasi,2026-05-12,12/05/26,ACTED,PRM,2026-05-06,06-05-26,"Two-Way Information Sharing, Feedback and Complaints",Awareness sessions,,,17,,,,17,0,17,0,Yes,17,1,,,,,,1,,,UXOs/Mine Action,,uxos,No Items,,,,,,,,,0,,,,"An awareness session was conducted for men focusing on the dangers of unexploded ordnance (UXO) and the importance of adopting safe practices within the community. The session included discussions on the different types and forms of explosive remnants of war, their components, and the reasons behind unexpected explosions. Participants were shown visual examples of UXO and informed about previous incidents that demonstrated the severe consequences of interacting with suspicious objects. The session emphasized the importance of avoiding direct contact with unknown items, reporting dangerous materials to relevant authorities, and spreading awareness among family and community members to reduce risks and enhance community safety.",,,,
40561778058045701J,GZA4857,Mosab B site,https://app.zitemanager.org/#/sites/50989/submission-case-detail/40561778058045701J,2026-05-06,Closed,,abdallahalkurdi123,NRC,Active,,260 - 2600112,Gaza - Ash Sheikh 'Ijleen,2026-05-06,06/05/26,NRC,PRM,2026-04-07,07-04-26,Site Environment Improvements,"Site improvements, Care and Maintenance",,,0,0,0,0,0,0,0,0,,0,,,,,,,,,,"Communal Space Upgrades, Communal Space Upgrades",,communal_space,"No Items, No Items",,,,,,,,,0,1833,,0,"Furniture Distribution (2 Tables, 2 Mats and 9 Chairs per site ) for SMC Activity was implemented to address the lack of proper furniture inside administrative tents across IDP sites, which was affecting communication, coordination, and service delivery. On 7 April 2026, NRC Site Management teams distributed essential furniture to 30 sites across Gaza, the Middle Area, and Khan Younis, including this site. The activity created more organized and dignified spaces for receiving displaced families and conducting daily operations. It also improved complaint handling, referrals, and communication between site management teams and IDPs. In addition, the furnished tents enhanced coordination meetings with community committees and humanitarian partners. Overall, the intervention strengthened service delivery and benefited more than 131,000 displaced individuals across the targeted sites",https://app.zitemanager.org/api/v2/generate-presigned-url/?object_key=Musab_B_3-12_0_28.jpeg&return_type=file,,,
40151778584348434R,KYS0835,Yafa Site,https://app.zitemanager.org/#/sites/31507/submission-case-detail/40151778584348434R,2026-05-12,Closed,,malmaqadma,IOM,Active,ACTED,270 - 27002154,Khan Younis - Al Mawasi,2026-05-12,12/05/26,ACTED,PRM,2026-05-04,04-05-26,"Two-Way Information Sharing, Feedback and Complaints",Awareness sessions,14,6,,,,,20,0,14,6,No,20,,,,,,,,,,UXOs/Mine Action,,uxos,No Items,,,,,,,,,0,,,,"A child-friendly session was organized for children, including energizing activities, introductory games, and recreational exercises designed to create a positive and supportive atmosphere. Interactive games and group activities encouraged participation, social interaction, and emotional expression, helping children feel more comfortable and engaged. In addition, children received simple and age-appropriate awareness messages on the dangers of unexploded ordnance (UXO). Through visual materials and practical examples, facilitators explained the importance of not touching unfamiliar objects, staying away from suspicious items, and immediately informing adults if dangerous materials are found. The activities aimed to increase children’s awareness while maintaining a safe and enjoyable learning environment.",,,,
40151778584488257S,KYS0835,Yafa Site,https://app.zitemanager.org/#/sites/31507/submission-case-detail/40151778584488257S,2026-05-12,Closed,,malmaqadma,IOM,Active,ACTED,270 - 27002154,Khan Younis - Al Mawasi,2026-05-12,12/05/26,ACTED,PRM,2026-05-04,04-05-26,"Two-Way Information Sharing, Feedback and Complaints",Awareness sessions,,,16,,4,,20,0,20,0,No,20,,,,,,,,,,UXOs/Mine Action,,uxos,No Items,,,,,,,,,0,,,,"An awareness session was conducted for men focusing on the dangers of unexploded ordnance (UXO) and the importance of adopting safe practices within the community. The session included discussions on the different types and forms of explosive remnants of war, their components, and the reasons behind unexpected explosions. Participants were shown visual examples of UXO and informed about previous incidents that demonstrated the severe consequences of interacting with suspicious objects. The session emphasized the importance of avoiding direct contact with unknown items, reporting dangerous materials to relevant authorities, and spreading awareness among family and community members to reduce risks and enhance community safety.",,,,
40151778585748621N,KYS0835,Yafa Site,https://app.zitemanager.org/#/sites/31507/submission-case-detail/40151778585748621N,2026-05-12,Closed,,malmaqadma,IOM,Active,ACTED,270 - 27002154,Khan Younis - Al Mawasi,2026-05-12,12/05/26,ACTED,PRM,2026-05-04,04-05-26,"Two-Way Information Sharing, Feedback and Complaints",Awareness sessions,,,,19,,4,23,0,0,23,Yes,23,,1,,,,,1,,,UXOs/Mine Action,,uxos,No Items,,,,,,,,,0,,,,"A dedicated session was conducted for women focusing on psychosocial support and awareness raising on the risks of unexploded ordnance (UXO). The session provided a safe and supportive environment where women were encouraged to share their concerns, experiences, and daily challenges, helping to reduce stress and strengthen emotional well-being. In addition, participants received awareness messages on the dangers of interacting with unexploded ordnance, including the different types and shapes of explosive remnants, their components, and the possible causes of sudden explosions. Real-life examples and visual materials were presented to highlight the serious risks associated with handling suspicious objects and to promote safe behaviors within the community.",,,,
40561778058178154L,GZA4857,Mosab B site,https://app.zitemanager.org/#/sites/50989/submission-case-detail/40561778058178154L,2026-05-06,Closed,,abdallahalkurdi123,NRC,Active,,260 - 2600112,Gaza - Ash Sheikh 'Ijleen,2026-05-06,06/05/26,NRC,PRM,2026-04-26,26-04-26,Site Environment Improvements,"Site improvements, Care and Maintenance",,,0,0,0,0,0,0,0,0,,0,,,,,,,,,,"Communal Space Upgrades, Communal Space Upgrades",,communal_space,"Toolkits, Toolkits",,,,,,,1,,0,10875,,0,"Care and Maintenance Tools Distribution Activity was implemented across 30 IDP sites including this site to address the lack of proper tools required for Cash for works and daily site maintenance, especially in flood-prone areas. The sites were facing challenges in digging drainage channels, removing debris, and maintaining safe pathways during rainy conditions, and also during cleaning the pathways in the site . To mitigate these issues, NRC distributed essential tools including shovels, hoes, pickaxes, wheelbarrows, plastic garden combs, and complete toolboxes. These tools enabled site teams and community workers to carry out regular cleaning, soil excavation, and drainage channel construction more effectively. The intervention also improved preparedness for flooding risks and supported safer and more organized site conditions. Overall, the activity strengthened site maintenance capacity and contributed to improving the living environment for IDPs across the targeted sites.",https://app.zitemanager.org/api/v2/generate-presigned-url/?object_key=Mosaab_B-12_1_53.jpeg&return_type=file,,,
41741778743873546R,DEB3187,Al-Noor Shelter,https://app.zitemanager.org/#/sites/32418/submission-case-detail/41741778743873546R,2026-05-14,Closed,,bashar,IOM,Active,BLDA,265 - 26510152,Deir Al-Balah - Deir Al Balah (south),2026-05-14,14/05/26,BLDA,PRM,2026-05-12,12-05-26,Site Environment Improvements,"Site improvements, Care and Maintenance",,,0,0,0,0,0,0,0,0,,0,,,,,,,,,,"Site Safety & Access Improvements, Site Safety & Access Improvements",,site_access,"No Items, No Items",,,,,,,,,0,5340,,0,"The intervention at Al-Nour site was successfully implemented through comprehensive sand spreading and ground leveling works across the affected areas, significantly contributing to reducing water accumulation and improving the overall site conditions. This activity greatly enhanced safe access and movement within the site, filled hazardous pits that posed public health concerns, mitigated environmental and health risks, and contributed to improving living conditions while promoting the dignity and safety of displaced residents.",https://app.zitemanager.org/api/v2/generate-presigned-url/?object_key=WhatsApp_Image_2026-05-14_at_8.39.00_AM-10_27_32.jpeg&return_type=file,https://app.zitemanager.org/api/v2/generate-presigned-url/?object_key=WhatsApp_Image_2026-05-12_at_12.21.58_PM_6-10_27_42.jpeg&return_type=file,,
41741778425172439Y,DEB2199,Al-Hasoon,https://app.zitemanager.org/#/sites/32016/submission-case-detail/41741778425172439Y,2026-05-10,Closed,According to field update the eventual site improvement activity couldn't be implemented because the neighboring residents refused the street leveling work. We attempted to communicate and reach a solution with them but not possible.,bashar,IOM,Active,BLDA,265 - 2651089,Deir Al-Balah - Yafa,2026-05-10,10/05/26,BLDA,PRM,2026-05-10,10-05-26,Site Environment Improvements,Site Improvement Plans,,,,,,,,,0,0,,1,,,,,,,,,,,,,,,,,,,,,,,,,,"A Site Improvement Plan was developed for Al-Hasoon site to address water accumulation caused by uneven ground surfaces inside the site, which affects movement and increases health and safety risks for residents. The planned intervention includes sand spreading and ground leveling activities to improve drainage, accessibility, and overall living conditions for displaced populations. The activity is planned to start on 11 May 2026 and is expected to be completed within one working day.",,,,https://app.zitemanager.org/api/v2/generate-presigned-url/?object_key=Site_Improvement_Plan__-_Hasoon-17_59_20.xlsx&return_type=file
41741778743460721C,DEB2708,Al-Quds Hurra,https://app.zitemanager.org/#/sites/32268/submission-case-detail/41741778743460721C,2026-05-14,Closed,,bashar,IOM,Active,BLDA,265 - 26510152,Deir Al-Balah - Deir Al Balah (south),2026-05-14,14/05/26,BLDA,PRM,2026-05-11,11-05-26,Site Environment Improvements,"Site improvements, Care and Maintenance",,,0,0,0,0,0,0,0,0,,0,,,,,,,,,,"Site Safety & Access Improvements, Site Safety & Access Improvements",,site_access,"No Items, No Items",,,,,,,,,0,21901,,0,"The intervention at Al-Quds Al-Hurra site was successfully implemented through comprehensive sand spreading and ground leveling works across the affected areas, significantly contributing to reducing water accumulation and improving the overall internal conditions of the site. Several hazardous pits within the site had previously led to children falling and exposed residents to serious safety risks, which required urgent intervention to protect children and ensure a safer environment for the displaced community. The activity included filling and rehabilitating these dangerous areas, resulting in a significant positive impact on the shelter community. Furthermore, the intervention greatly enhanced safe access and mobility throughout the site, mitigated environmental and public health risks, and contributed to improving living conditions while promoting the dignity and safety of displaced residents.",https://app.zitemanager.org/api/v2/generate-presigned-url/?object_key=WhatsApp_Image_2026-05-14_at_8.39.00_AM_1-10_23_49.jpeg&return_type=file,https://app.zitemanager.org/api/v2/generate-presigned-url/?object_key=WhatsApp_Image_2026-05-14_at_8.39.01_AM-10_23_53.jpeg&return_type=file,https://app.zitemanager.org/api/v2/generate-presigned-url/?object_key=WhatsApp_Image_2026-05-14_at_8.39.02_AM-10_23_58.jpeg&return_type=file,
41741778750544806J,DEB3454,Abu Mishaal,https://app.zitemanager.org/#/sites/33492/submission-case-detail/41741778750544806J,2026-05-14,Closed,,bashar,IOM,Active,BLDA,265 - 26510152,Deir Al-Balah - Deir Al Balah (south),2026-05-14,14/05/26,BLDA,PRM,2026-05-12,12-05-26,Site Environment Improvements,"Site improvements, Care and Maintenance",,,0,0,0,0,0,0,0,0,,0,,,,,,,,,,"Debris Clearance, Debris Clearance, Site Safety & Access Improvements, Site Safety & Access Improvements",,debris_clearance site_access,"No Items, No Items",,,,,,,,,0,13603,,0,"The intervention at Abu Mishaal site was successfully implemented through comprehensive sand spreading, ground leveling, and debris removal activities across the affected areas. These works directly contributed to improving the site’s internal infrastructure, reducing water accumulation, and restoring safer and more accessible movement pathways for displaced residents.

The intervention also played a critical role in mitigating environmental and public health risks by eliminating unhygienic conditions, accumulated rubble, and the spread of rodents and insects that had been negatively impacting the displaced population. Overall, the activity significantly improved living conditions within the site and contributed to enhancing the dignity, safety, and well-being of residents.",https://app.zitemanager.org/api/v2/generate-presigned-url/?object_key=WhatsApp_Image_2026-05-14_at-11_56_12.jpeg&return_type=file,https://app.zitemanager.org/api/v2/generate-presigned-url/?object_key=WhatsApp_Image_2026-05-12_at_12.22.07_PM_5-11_56_19.jpeg&return_type=file,https://app.zitemanager.org/api/v2/generate-presigned-url/?object_key=WhatsApp_Image_2026-05-12_at_12.22.06_PM_5-11_57_14.jpeg&return_type=file,
40151778753652808F,KYS1713,Al-Fedaa site,https://app.zitemanager.org/#/sites/31749/submission-case-detail/40151778753652808F,2026-05-14,Closed,,malmaqadma,IOM,Active,ACTED,270 - 27002154,Khan Younis - Al Mawasi,2026-05-14,14/05/26,ACTED,PRM,2026-05-10,10-05-26,Site Environment Improvements,Site Improvement Plans,,,,,,,,,0,0,,1,,,,,,,,,,,,,,,,,,,,,,,,,,"The site is facing severe safety, protection, WASH, shelter, and environmental challenges that are putting displaced families at serious risk. Most latrines and bathing facilities lack doors, locks, privacy measures, and proper sewage systems, exposing women and children to protection and health hazards. Unsafe sewage pits, flooding, poor drainage, insufficient drinking and domestic water, and unmanaged waste are contributing to pollution and disease outbreaks. Shelter conditions are also critical, with overcrowded tents made from weak materials, lack of lighting and ventilation, inadequate privacy, and exposure to harsh weather and flooding. The site’s poor planning, muddy pathways, absence of emergency roads, and lack of fencing or lighting further increase protection risks, especially at night. The proposed intervention aims to improve safety, dignity, hygiene, and living conditions through rehabilitation of WASH facilities, shelter upgrades, environmental cleaning activities, flood mitigation measures, installation of solar lighting, awareness sessions, and site reorganization to reduce overcrowding and protection risks.",,,,https://app.zitemanager.org/api/v2/generate-presigned-url/?object_key=Site_Improvement_Plan__-_Al_Fedaa_Site-13_12_3.docx&return_type=file
40151778753855715H,KYS0947,Al-rimal Al-Thahabiea,https://app.zitemanager.org/#/sites/31532/submission-case-detail/40151778753855715H,2026-05-14,Closed,,malmaqadma,IOM,Active,ACTED,270 - 27002154,Khan Younis - Al Mawasi,2026-05-14,14/05/26,ACTED,PRM,2026-05-12,12-05-26,Site Environment Improvements,Site Improvement Plans,,,,,,,,,0,0,,1,,,,,,,,,,,,,,,,,,,,,,,,,,"The proposed intervention aims to improve safety, dignity, and living conditions for displaced families by addressing the critical risks affecting WASH, shelter, environmental health, and site protection. The intervention seeks to rehabilitate unsafe latrines and bathing facilities, improve access to safe domestic and drinking water, and reduce health hazards caused by flooding, open sewage pits, and unmanaged waste. It also aims to enhance shelter conditions through weather-resistant repairs, improved privacy measures, and safer living spaces for women, children, and vulnerable groups. In addition, the intervention will strengthen environmental and public safety by improving drainage systems, organizing waste management, reducing risks from insects and rodents, installing lighting systems, and improving pathways and emergency access roads. These actions will contribute to mitigating protection risks, improving hygiene and public health, reducing overcrowding impacts, and creating a safer and more dignified environment for site residents.",,,,https://app.zitemanager.org/api/v2/generate-presigned-url/?object_key=Site_Improvement_Plan__-_Al_Rimal_Al_Thahabiea-13_16_47.docx&return_type=file
40151778760036845U,KYS0835,Yafa Site,https://app.zitemanager.org/#/sites/31507/submission-case-detail/40151778760036845U,2026-05-14,Closed,,malmaqadma,IOM,Active,ACTED,270 - 27002154,Khan Younis - Al Mawasi,2026-05-14,14/05/26,ACTED,PRM,2026-05-05,05-05-26,Site Environment Improvements,Site Improvement Plans,,,,,,,,,0,0,,1,,,,,,,,,,,,,,,,,,,,,,,,,,"The site is facing critical safety, protection, WASH, shelter, and environmental risks that severely affect displaced families. WASH facilities are inadequate, as most latrines and bathing spaces lack doors, locks, privacy, water connections, and proper sewage systems. Open sewage and soak pits create serious risks for children and adults, while flooding and poor drainage worsen sanitation conditions. Families also suffer from shortages of drinking and domestic water, forcing residents to travel long distances to collect water. Shelter conditions are poor, with overcrowded tents made from weak materials such as tarpaulins and plastic sheets, lacking privacy, ventilation, lighting, and protection from harsh weather. Environmental conditions at Yafa Site are dangerous due to flooding, muddy pathways, waste accumulation, insects, rodents, and stray dogs. Safety risks are increased by the absence of lighting, emergency roads, fire safety tools, fences, and safe movement pathways throughout the site.",,,,https://app.zitemanager.org/api/v2/generate-presigned-url/?object_key=Site_Improvement_Plan__-_Yafa_Site_1-15_0_6.docx&return_type=file
40151777503571635L,KYS0835,Yafa Site,https://app.zitemanager.org/#/sites/31507/submission-case-detail/40151777503571635L,2026-05-03,Closed,,malmaqadma,IOM,Active,ACTED,270 - 27002154,Khan Younis - Al Mawasi,2026-04-30,30/04/26,ACTED,PRM,2026-04-21,21-04-26,Community Participation and Representation,Community or Committee Meeting,,,11,4,3,1,19,1,14,5,,19,,,,,,,,,"Site Management Committee Establishment, Coordination or Planning",,,committee_planning,,,,,,,,,,,,,,"The meeting served as a structured step toward strengthening site committee governance and enhancing coordination with ACTED. It established a shared understanding of roles and responsibilities and formalized collaboration through the adoption of the ToR and CoC. Discussions also emphasized inclusive representation within committees. Agreed actions included capacity-building initiatives, provision of basic operational support, and the establishment of regular communication and coordination mechanisms.",,,,
40151777508422575F,KYS0835,Yafa Site,https://app.zitemanager.org/#/sites/31507/submission-case-detail/40151777508422575F,2026-05-03,Closed,,malmaqadma,IOM,Active,ACTED,270 - 27002154,Khan Younis - Al Mawasi,2026-04-30,30/04/26,ACTED,PRM,2026-04-13,13-04-26,Community Participation and Representation,Community or Committee Meeting,,,20,12,0,0,32,1,20,12,,32,,,,,,,,,"Site Management Committee Establishment, Coordination or Planning",,,committee_planning,,,,,,,,,,,,,,"The meeting included updates on infrastructure and service mapping, which were presented and agreed to be finalized as part of strengthening site planning and coordination. A detailed review of the roles and responsibilities of all SMC committees was conducted to ensure clarity, accountability, and effective coordination. These included the Site Representative and Deputy, who oversee all committees and ensure compliance with the Code of Conduct (CoC), as well as sectoral committees such as Data Management, Women, Protection, Education, Health, PWD, Social Affairs, Maintenance & Firefighting, WASH, Security, and Distribution, each assigned specific operational roles to improve service delivery and response at site level.

The Terms of Reference (ToR) was identified as a key governing document and will be further discussed and validated in the next meeting after confirming committee member lists and ensuring community (IDPs) acceptance. A significant discussion was held regarding Yafa site, including challenges related to site structure, boundaries, and the nomination process for Site Representative and Deputy. ACTED clarified its role as facilitative and advisory only, without decision-making authority, emphasizing neutrality, the “Do No Harm” principle, and adherence to agreed humanitarian standards.

Following discussions among stakeholders and in line with mutual agreement, consensus was reached to appoint Ibrahim Abu Daqqa as Site Representative and Amal Najm as Deputy Site Representative. The decision aimed to ensure cooperation, stability, and uninterrupted service delivery to affected populations. Action points included finalizing and verifying committee member lists, posting them for validation at site level, and preparing ToR and Code of Conduct for discussion and approval in the next meeting.",,,,
40151777553433459A,KYS0835,Yafa Site,https://app.zitemanager.org/#/sites/31507/submission-case-detail/40151777553433459A,2026-05-03,Closed,,malmaqadma,IOM,Active,ACTED,270 - 27002154,Khan Younis - Al Mawasi,2026-04-30,30/04/26,ACTED,PRM,2026-04-26,26-04-26,Community Participation and Representation,Community or Committee Meeting,,,13,4,0,0,17,1,13,4,,17,,,,,,,,,"Programming Specific Meetings (e.g. project inductions, cash for work, etc.)",,,program_specific_meeting,,,,,,,,,,,,,,"The meeting introduced Community-Led Initiatives (CLI) within displacement sites and clarified ACTED Site Management’s role in supporting their implementation. It provided an overview of Site Management functions and defined CLIs as community-designed and community-implemented initiatives responding to priority needs. The session emphasized key objectives, including reducing life-threatening risks, improving environmental and social conditions, strengthening community cohesion, establishing or improving services, and supporting livelihoods. The implementation approach was explained, highlighting that site committees lead the process with participation from wider community members. Each site will select one prioritized initiative. ACTED will provide guidance, awareness sessions, and continuous technical support throughout the process.",,,,
40151777507792499X,KYS0835,Yafa Site,https://app.zitemanager.org/#/sites/31507/submission-case-detail/40151777507792499X,2026-05-03,Closed,,malmaqadma,IOM,Active,ACTED,270 - 27002154,Khan Younis - Al Mawasi,2026-04-30,30/04/26,ACTED,PRM,2026-04-09,09-04-26,Community Participation and Representation,Community or Committee Meeting,,,14,8,0,0,22,1,14,8,,22,,,,,,,,,"Site Management Committee Establishment, Coordination or Planning",,,committee_planning,,,,,,,,,,,,,,"The meeting focused on discussing the updated SMC structure and reviewing the current SMC mapping in line with proposed adjustments. A key issue raised was the selection of the Site Representative at Yafa site, where two candidates, Amal Najm and Raed Mousa, were proposed. The discussion emphasized the need for a fair, transparent, and agreed-upon process to resolve the selection. Participants also agreed on the importance of updating both infrastructure and service mapping to reflect current needs and ensure accurate planning. Next steps included continuing the selection process for the Yafa site representative, proceeding with updates to mappings, and advancing the finalization of the SMC structure. The next meeting will focus on reviewing progress, updated mappings, and confirming final decisions.",,,,
40151777503410437X,KYS0805,Al-Shaheed Jameel,https://app.zitemanager.org/#/sites/31493/submission-case-detail/40151777503410437X,2026-05-03,Closed,,malmaqadma,IOM,Active,ACTED,270 - 27002154,Khan Younis - Al Mawasi,2026-04-30,30/04/26,ACTED,PRM,2026-04-21,21-04-26,Community Participation and Representation,Community or Committee Meeting,,,7,5,2,1,15,2,9,6,,15,,,,,,,,,"Site Management Committee Establishment, Coordination or Planning",,,committee_planning,,,,,,,,,,,,,,"The meeting resulted in a clear understanding of site management roles and improved transparency in the relationship between ACTED and the committee. All members signed the ToR and CoC, formalizing their engagement. Key outcomes included a commitment to inclusive participation, regular internal meetings, and the implementation of upcoming training and support activities.",,,,
40151777507638697T,KYS0805,Al-Shaheed Jameel,https://app.zitemanager.org/#/sites/31493/submission-case-detail/40151777507638697T,2026-05-03,Closed,,malmaqadma,IOM,Active,ACTED,270 - 27002154,Khan Younis - Al Mawasi,2026-04-30,30/04/26,ACTED,PRM,2026-04-09,09-04-26,Community Participation and Representation,Community or Committee Meeting,,,10,4,0,0,14,2,10,4,,14,,,,,,,,,"Site Management Committee Establishment, Coordination or Planning",,,committee_planning,,,,,,,,,,,,,,"The meeting included a presentation by the ACTED team on the SMC framework, aiming to strengthen site management through an efficient and transparent structure. It reviewed the current SMC setup using a mapping exercise to identify gaps and improve performance. Discussions focused on roles and responsibilities, coordination, and decision-making processes among committees and humanitarian actors. The ToR was introduced as the guiding document, alongside a proposed expanded, sector-based structure under a Site Representative and Deputy. Participants agreed to update infrastructure and service mapping and emphasized key principles such as transparency, accountability, and inclusiveness. Capacity building for members was also highlighted, with action points to update mappings and proceed with finalizing the SMC structure, and the next meeting will review updates and confirm decisions.",,,,
40151777553860285B,KYS0805,Al-Shaheed Jameel,https://app.zitemanager.org/#/sites/31493/submission-case-detail/40151777553860285B,2026-05-03,Closed,,malmaqadma,IOM,Active,ACTED,270 - 27002154,Khan Younis - Al Mawasi,2026-04-30,30/04/26,ACTED,PRM,2026-04-26,26-04-26,Community Participation and Representation,Community or Committee Meeting,,,18,8,0,0,26,2,18,8,,26,,,,,,,,,"Programming Specific Meetings (e.g. project inductions, cash for work, etc.)",,,program_specific_meeting,,,,,,,,,,,,,,"The meeting introduced Community-Led Initiatives (CLI) as a new approach within displacement sites, highlighting ACTED Site Management’s supporting role. It provided an overview of Site Management duties and explained that CLIs are initiatives designed by communities to respond to their most urgent needs. Objectives include reducing life-threatening risks, improving environmental and social well-being, strengthening cohesion, and enhancing or establishing community services and livelihoods. The implementation process is community-led, with site committees coordinating idea collection and prioritization while involving wider residents. Each site will choose one initiative. ACTED will support through awareness sessions, guidance on applications, and continuous technical assistance.",,,,
40151777503067375K,KYS1713,Al-Fedaa site,https://app.zitemanager.org/#/sites/31749/submission-case-detail/40151777503067375K,2026-05-03,Closed,,malmaqadma,IOM,Active,ACTED,270 - 27002154,Khan Younis - Al Mawasi,2026-04-30,30/04/26,ACTED,PRM,2026-04-21,21-04-26,Community Participation and Representation,Community or Committee Meeting,,,13,7,3,2,25,1,16,9,,25,,,,,,,,,"Site Management Committee Establishment, Coordination or Planning",,,committee_planning,,,,,,,,,,,,,,"The meeting focused on clarifying site management roles, strengthening coordination with the committee, and reviewing and signing the ToR and CoC. It also emphasized inclusive participation and agreed on follow-up actions, including regular meetings, training, and operational support.",,,,
40151777507155482O,KYS1713,Al-Fedaa site,https://app.zitemanager.org/#/sites/31749/submission-case-detail/40151777507155482O,2026-05-03,Closed,,malmaqadma,IOM,Active,ACTED,270 - 27002154,Khan Younis - Al Mawasi,2026-04-30,30/04/26,ACTED,PRM,2026-04-09,09-04-26,Community Participation and Representation,Community or Committee Meeting,,,17,6,0,0,23,1,17,6,,23,,,,,,,,,"Site Management Committee Establishment, Coordination or Planning",,,committee_planning,,,,,,,,,,,,,,"The meeting presented the ACTED SMC framework aimed at strengthening site management through a more structured, transparent, and efficient committee system. It reviewed the current SMC structure using a mapping exercise to identify gaps and improve alignment with site needs. Discussions focused on clarifying roles and responsibilities, enhancing coordination among committees, site representatives, and humanitarian actors, and improving decision-making processes. The Terms of Reference (ToR) was introduced as the main guiding document, alongside a proposed revised SMC structure based on sectoral committees (including data management, protection, education, health, WASH, security, and distribution) under a Site Representative and Deputy. Participants agreed on updating both infrastructure and service mapping to reflect current gaps and needs. Key principles such as inclusiveness, transparency, accountability, and clear roles were emphasized, along with agreed working mechanisms including regular meetings, structured decision-making, documentation, and performance monitoring. Capacity building for committee members was also highlighted as essential for effective implementation. Action points included updating mappings and progressing toward finalizing the SMC structure, with the next meeting focusing on reviewing updates and confirming final decisions.",,,,
40151777553972540V,KYS1713,Al-Fedaa site,https://app.zitemanager.org/#/sites/31749/submission-case-detail/40151777553972540V,2026-05-03,Closed,,malmaqadma,IOM,Active,ACTED,270 - 27002154,Khan Younis - Al Mawasi,2026-04-30,30/04/26,ACTED,PRM,2026-04-26,26-04-26,Community Participation and Representation,Community or Committee Meeting,,,12,9,0,0,21,1,12,9,,21,,,,,,,,,"Programming Specific Meetings (e.g. project inductions, cash for work, etc.)",,,program_specific_meeting,,,,,,,,,,,,,,"This meeting aimed to introduce Community-Led Initiatives (CLI) and clarify ACTED Site Management’s involvement in their implementation. It presented the role of Site Management and defined CLIs as community-driven initiatives addressing priority needs in displacement sites. The objectives include reducing risks, improving environmental and social conditions, strengthening community cohesion, and supporting services and livelihoods. The approach ensures community participation through site committees and broader resident involvement in generating and prioritizing ideas. Each site will implement one selected initiative. ACTED will conduct awareness sessions, explain criteria and procedures, support application submission, and provide ongoing guidance throughout the implementation process.",,,,
40151777583162949U,KYS1713,Al-Fedaa site,https://app.zitemanager.org/#/sites/31749/submission-case-detail/40151777583162949U,2026-05-03,Closed,,malmaqadma,IOM,Active,ACTED,270 - 27002154,Khan Younis - Al Mawasi,2026-05-01,01/05/26,ACTED,PRM,2026-04-29,29-04-26,Community Participation and Representation,Capacity strengthening for community members,,,16,10,0,0,26,1,16,10,,26,,,,,,,,,,,,,,,,,,,,,,,,,,"The CCCM training was conducted for Site Management Committees (SMCs) to strengthen their capacity in effectively managing and coordinating within displacement sites. The session provided a clear overview of the roles and responsibilities of site committees, emphasizing their role in community representation, accountability, and facilitating communication between humanitarian actors and site residents. A key part of the training focused on the five core activities of CCCM, including coordination and partnership, information management, service monitoring, community participation, and site maintenance, with practical guidance on how to apply these activities to improve service delivery and living conditions. The training also covered the Code of Conduct, highlighting essential principles such as integrity, respect, non-discrimination, and professionalism in all interactions. In addition, special attention was given to PSEA (Protection from Sexual Exploitation and Abuse), ensuring that committee members understand their responsibilities in preventing, reporting, and responding to misconduct. Overall, the training aimed to enhance the knowledge and skills of site committees, enabling them to perform their roles effectively while promoting a safe, inclusive, and well-coordinated site environment.",,,,
47941778495901424R,KYS1926,Albwasil,https://app.zitemanager.org/#/sites/31920/submission-case-detail/47941778495901424R,2026-05-11,Closed,,bisan_harb,IOM,Active,ACTED,270 - 27002154,Khan Younis - Al Mawasi,2026-05-11,11/05/26,ACTED,PRM,2026-05-10,10-05-26,"Two-Way Information Sharing, Feedback and Complaints",Awareness sessions,2,,29,25,1,,57,0,32,25,No,57,,,,,,,,,,Other,Cash for work,other Cash for work,No Items,,,,,,,,,0,,,,"A CFW awareness session was conducted for IDPs to introduce the Cash for Work activity, explain the selection criteria, work conditions, payment mechanism, and ensure participants understood their roles and responsibilities before the implementation phase. The session also included guidance on how to properly fill out and submit the application form of Cash of work.",,,,
40221777799248778X,KYS1679,Al-Itihad,https://app.zitemanager.org/#/sites/31722/submission-case-detail/40221777799248778X,2026-05-03,Closed,,malkhaldi,IOM,Active,PHC,270 - 27002154,Khan Younis - Al Mawasi,2026-05-03,03/05/26,PHC,ECHO,2026-04-12,12-04-26,Site Environment Improvements,Community-Led Projects,,,14,9,5,2,30,0,19,11,,30,,,,,,,,,,"Site Safety & Access Improvements, Site Safety & Access Improvements",,site_access,"No Items, No Items",,,,,,,,,0,0,Yes,0,"The Site Management Team of the PHC, in cooperation with the OCHA team and relevant partners, carried out an urgent intervention at Al-Etihad site in Al-Mawasi area – Khan Younis, in response to the emergency situation involving several displaced 6 families residing inside the old swimming pool area, which was at risk of collapse.
The necessary measures were taken to secure the site and facilitate the backfilling works and technical treatment of the pool, ensuring the safety of the families residing in the area and reducing potential structural risks.
The works were successfully implemented in cooperation with OCHA, UNDP, Khan Younis Municipality, and the community committee, which contributed to reducing structural risks and enhancing the protection of displaced families within the site.",https://app.zitemanager.org/api/v2/generate-presigned-url/?object_key=dd-11_55_5.jpeg&return_type=file,https://app.zitemanager.org/api/v2/generate-presigned-url/?object_key=dddd-11_55_20.jpeg&return_type=file,https://app.zitemanager.org/api/v2/generate-presigned-url/?object_key=ddd-11_55_35.jpeg&return_type=file,
41741778525561250G,DEB3187,Al-Noor Shelter,https://app.zitemanager.org/#/sites/32418/submission-case-detail/41741778525561250G,2026-05-11,Closed,,bashar,IOM,Active,BLDA,265 - 26510152,Deir Al-Balah - Deir Al Balah (south),2026-05-11,11/05/26,BLDA,PRM,2026-05-10,10-05-26,Site Environment Improvements,Site Improvement Plans,,,,,,,,,0,0,,1,,,,,,,,,,,,,,,,,,,,,,,,,,"The planned site improvement intervention at Al-Nour site aims to address uneven ground levels and accumulated debris that negatively affect accessibility, safety, and living conditions for displaced residents. The proposed activities include land leveling, sand spreading, and debris removal to improve movement within the site, reduce environmental and health risks, and create a safer and more organized environment for the community.",,,,https://app.zitemanager.org/api/v2/generate-presigned-url/?object_key=Site_Improvement_Plan__-_Al-Nour-21_50_8.xlsx&return_type=file
48801778497823236J,GZA4439,Arafat City Site,https://app.zitemanager.org/#/sites/42526/submission-case-detail/48801778497823236J,2026-05-11,Closed,,arsalah,IOM,Active,PHC,260 - 2600119,Gaza - Southern Remal,2026-05-11,11/05/26,PHC,ECHO,2026-05-11,11-05-26,Site Environment Improvements,Site Improvement Plans,,,,,,,,,0,0,,1,,,,,,,,,,,,,,,,,,,,,,,,,,الإدارة تطالب بتوفير خيمة خاصة بالإدارة بمساحة 4.5 متر، بالإضافة إلى خيمة تعليمية مخصصة للأنشطة والدعم التعليمي، مع توفير أدوات ومستلزمات المطبخ الأساسية.,,,,https://app.zitemanager.org/api/v2/generate-presigned-url/?object_key=1778498325747.pdf&return_type=file
47941778496622978M,KYS0100,Wijdan  community,https://app.zitemanager.org/#/sites/31321/submission-case-detail/47941778496622978M,2026-05-11,Closed,,bisan_harb,IOM,Active,ACTED,270 - 27002154,Khan Younis - Al Mawasi,2026-05-11,11/05/26,ACTED,PRM,2026-05-10,10-05-26,"Two-Way Information Sharing, Feedback and Complaints",Awareness sessions,,,46,23,,1,70,2,46,24,No,70,,,,,,,,,,Other,Cash for work,other Cash for work,No Items,,,,,,,,,0,,,,"A CFW awareness session was conducted for IDPs to introduce the Cash for Work activity, explain the selection criteria, work conditions, payment mechanism, and ensure participants understood their roles and responsibilities before the implementation phase. The session also included guidance on how to properly fill out and submit the application form of CFW",,,,
47941778493661471D,KYS1715,Al-Quds,https://app.zitemanager.org/#/sites/31751/submission-case-detail/47941778493661471D,2026-05-11,Closed,,bisan_harb,IOM,Active,ACTED,270 - 27002154,Khan Younis - Al Mawasi,2026-05-11,11/05/26,ACTED,PRM,2026-05-10,10-05-26,"Two-Way Information Sharing, Feedback and Complaints",Awareness sessions,,,33,26,4,4,67,8,37,30,No,67,,,,,,,,,,Other,Cash for work,other Cash for work,No Items,,,,,,,,,0,,,,A CFW awareness session was conducted for IDPs to introduce the Cash for Work activity. The session also included guidance on how to properly fill out and submit the application form.,,,,
47941778496923220S,KYS1933,Al faruq,https://app.zitemanager.org/#/sites/31926/submission-case-detail/47941778496923220S,2026-05-11,Closed,,bisan_harb,IOM,Active,ACTED,270 - 27002154,Khan Younis - Al Mawasi,2026-05-11,11/05/26,ACTED,PRM,2026-05-10,10-05-26,"Two-Way Information Sharing, Feedback and Complaints",Awareness sessions,1,1,32,27,,,61,2,33,28,No,61,,,,,,,,,,Other,Cash for work,other Cash for work,No Items,,,,,,,,,0,,,,"A CFW awareness session was conducted for IDPs to introduce the Cash for Work activity, explain the selection criteria, work conditions, and ensure participants understood their roles and responsibilities before the implementation phase. The session also included guidance on how to properly fill out and submit the application form of Cash for work",,,,
47941778493850539J,KYS1715,Al-Quds,https://app.zitemanager.org/#/sites/31751/submission-case-detail/47941778493850539J,2026-05-11,Closed,,bisan_harb,IOM,Active,ACTED,270 - 27002154,Khan Younis - Al Mawasi,2026-05-11,11/05/26,ACTED,PRM,2026-05-10,10-05-26,"Two-Way Information Sharing, Feedback and Complaints",Awareness sessions,,,38,39,1,1,79,4,39,40,No,79,,,,,,,,,,Other,Cash for work,other Cash for work,No Items,,,,,,,,,0,,,,A CFW awareness session was conducted for IDPs to introduce the Cash for Work activity. The session also included guidance on how to properly fill out and submit the application form of cash for work.,,,,
41741778526072115J,DEB2263,Akka,https://app.zitemanager.org/#/sites/32040/submission-case-detail/41741778526072115J,2026-05-11,Closed,,bashar,IOM,Active,BLDA,265 - 26510152,Deir Al-Balah - Deir Al Balah (south),2026-05-11,11/05/26,BLDA,PRM,2026-05-10,10-05-26,Site Environment Improvements,Site Improvement Plans,,,,,,,,,0,0,,1,,,,,,,,,,,,,,,,,,,,,,,,,,"The planned intervention at Aka site seeks to improve overall site conditions by addressing uneven terrain and accumulated debris that affect safe movement and pose environmental and health risks to displaced residents. The activity will involve land leveling and sand spreading to improve accessibility, enhance safety, and support better living conditions within the site.",,,,https://app.zitemanager.org/api/v2/generate-presigned-url/?object_key=Site_Improvement_Plan__-_Aka-22_0_23.xlsx&return_type=file
41741778526361149D,DEB4920,Bait Lahea Camp,https://app.zitemanager.org/#/sites/51151/submission-case-detail/41741778526361149D,2026-05-11,Closed,,bashar,IOM,Active,BLDA,265 - 2650577,Deir Al-Balah - As Sahabah,2026-05-11,11/05/26,BLDA,PRM,2026-05-10,10-05-26,Site Environment Improvements,Site Improvement Plans,,,,,,,,,0,0,,1,,,,,,,,,,,,,,,,,,,,,,,,,,"The planned intervention at Bait Lahea site seeks to improve overall site conditions by addressing uneven terrain and accumulated debris that affect safe movement and pose environmental and health risks to displaced residents. The activity will involve land leveling and sand spreading to improve accessibility, enhance safety, and support better living conditions within the site.",,,,https://app.zitemanager.org/api/v2/generate-presigned-url/?object_key=Site_Improvement_Plan__-_Bait_Lahia-22_5_17.xlsx&return_type=file
48801777460086612P,GZA4439,Arafat City Site,https://app.zitemanager.org/#/sites/42526/submission-case-detail/48801777460086612P,2026-05-03,Closed,,harresyakubi,IOM,Active,PHC,260 - 2600119,Gaza - Southern Remal,2026-04-29,29/04/26,PHC,ECHO,2026-03-22,22-03-26,Site Environment Improvements,Community-Led Projects,,,8,0,0,0,8,0,8,0,,8,,,,,,,,,,"Site Safety & Access Improvements, Site Safety & Access Improvements",,site_access,"Sand/Flour Bags, Sand/Flour Bags",,,,,,350,,,0,0,Yes,0,تم تحسين بيئة الموقع وتعزيز معايير السلامة وسهولة الوصول، من خلال توزيع 350 أكياس رملية واستخدامها في أعمال التدعيم والتحسين داخل الموقع. وقد ساهم المشروع في تلبية الاحتياجات المتعلقة بتحسينات السلامة والوصول، ودعم جاهزية البنية التحتية الأساسية، بما يعزز ظروف المعيشة للمجتمع المستفيد.,https://app.zitemanager.org/api/v2/generate-presigned-url/?object_key=WhatsApp_Image_2026-04-29_at_1.15.43_PM-13_54_37.jpeg&return_type=file,,,
41741779270999544Z,DEB2263,Akka,https://app.zitemanager.org/#/sites/32040/submission-case-detail/41741779270999544Z,2026-05-20,Closed,,bashar,IOM,Active,BLDA,265 - 26510152,Deir Al-Balah - Deir Al Balah (south),2026-05-20,20/05/26,BLDA,PRM,2026-05-12,12-05-26,Site Environment Improvements,"Site improvements, Care and Maintenance",,,0,0,0,0,0,0,0,0,,0,,,,,,,,,,Site Safety & Access Improvements,,site_access,No Items,,,,,,,,,0,733,,0,"The site improvement intervention was implemented to address unsafe and unhealthy conditions within the site caused by uneven ground surfaces and the accumulation of stagnant wastewater. The completed works included ground levelling and sand spreading to improve internal roads and pathways within the site, which significantly enhanced the safe movement and accessibility of displaced residents. The intervention also contributed to reducing environmental and public health risks while improving overall safety and living conditions within the site.",https://app.zitemanager.org/api/v2/generate-presigned-url/?object_key=عكا_1-12_43_25.JPG&return_type=file,https://app.zitemanager.org/api/v2/generate-presigned-url/?object_key=عكا_2-12_43_27.JPG&return_type=file,https://app.zitemanager.org/api/v2/generate-presigned-url/?object_key=عكا_3-12_43_30.JPG&return_type=file,
41741779273392445R,DEB4920,Bait Lahea Camp,https://app.zitemanager.org/#/sites/51151/submission-case-detail/41741779273392445R,2026-05-20,Closed,,bashar,IOM,Active,BLDA,265 - 2650577,Deir Al-Balah - As Sahabah,2026-05-20,20/05/26,BLDA,PRM,2026-05-13,13-05-26,Site Environment Improvements,"Site improvements, Care and Maintenance",,,0,0,0,0,0,0,0,0,,0,,,,,,,,,,Site Safety & Access Improvements,,site_access,Sand/Flour Bags,,,,,,160,,,0,7256,,0,"The site improvement intervention was implemented to address unsafe and unhealthy conditions within the site caused by uneven ground surfaces, stagnant wastewater accumulation, and the presence of multiple pits across the area. The completed works included ground levelling, sand spreading, and filling pits with sand, which had contributed to the spread of rodents and environmental hazards. These interventions also improved internal roads and pathways within the site, while sandbags were placed along road edges to enhance protection and stability. As a result, the intervention significantly improved the safe movement and accessibility of displaced residents, reduced environmental and public health risks, and enhanced overall safety and living conditions within the site.",https://app.zitemanager.org/api/v2/generate-presigned-url/?object_key=new-01-13_36_4.jpg&return_type=file,https://app.zitemanager.org/api/v2/generate-presigned-url/?object_key=new-02-13_36_14.jpg&return_type=file,https://app.zitemanager.org/api/v2/generate-presigned-url/?object_key=new-04-13_36_17.jpg&return_type=file,
47941779279783334F,KYS1715,Al-Quds,https://app.zitemanager.org/#/sites/31751/submission-case-detail/47941779279783334F,2026-05-20,Closed,,bisan_harb,IOM,Active,ACTED,270 - 27002154,Khan Younis - Al Mawasi,2026-05-20,20/05/26,ACTED,PRM,2026-05-12,12-05-26,Site Environment Improvements,Site Improvement Plans,,,,,,,,,0,0,,1,,,,,,,,,,,,,,,,,,,,,,,,,,"The site faces critical multi-sectoral vulnerabilities affecting WASH, shelter, environment, and protection.

WASH services are severely inadequate, with unsafe latrines, water shortages, lack of wastewater and waste management, and high health risks. Shelter conditions are poor, with overcrowding, deteriorated materials, and weak structural safety and security. Environmental risks include poor drainage, waste accumulation, and pest infestations. Protection concerns are high due to lack of lighting, exposed hazards, fire risks, and absence of site fencing and control.

Overall, the site requires urgent integrated humanitarian intervention.",,,,https://app.zitemanager.org/api/v2/generate-presigned-url/?object_key=Site_Improvement_Plan_-_Al_Quds_Site-15_22_57.docx&return_type=file
47941779280140367I,KYS1711,Al-Nakheel and Al-Zaitoon site,https://app.zitemanager.org/#/sites/31748/submission-case-detail/47941779280140367I,2026-05-20,Closed,,bisan_harb,IOM,Active,ACTED,270 - 27002154,Khan Younis - Al Mawasi,2026-05-20,20/05/26,ACTED,PRM,2026-05-10,10-05-26,Site Environment Improvements,Site Improvement Plans,,,,,,,,,0,0,,1,,,,,,,,,,,,,,,,,,,,,,,,,,"Al-Nakheel site faces severe WASH, shelter, environmental, and protection risks driven by flooding, high water table, poor sanitation, overcrowding, and lack of lighting and site security.

The proposed intervention aims to reduce protection risks and improve safety through integrated upgrades in WASH, shelter, drainage, and site infrastructure.

Key actions include rehabilitation and construction of safe latrines, proper decommissioning of unsafe pits, improved water supply systems, and establishment of solid waste management and hygiene promotion activities. Shelter improvements will include upgraded transitional shelters, winterization support, site leveling, and better fire safety layout.

Environmental measures will focus on storm-water drainage, vector control, and improved waste management. Protection actions will include installation of solar lighting, fire safety preparedness, and perimeter fencing to enhance overall site safety and security.",,,,https://app.zitemanager.org/api/v2/generate-presigned-url/?object_key=Site_Improvement_Plan_Al_Nakheel_w_Alzaytoun_Site-15_27_37.docx&return_type=file
47941779280406346S,KYS1926,Albwasil,https://app.zitemanager.org/#/sites/31920/submission-case-detail/47941779280406346S,2026-05-20,Closed,,bisan_harb,IOM,Active,ACTED,270 - 27002154,Khan Younis - Al Mawasi,2026-05-20,20/05/26,ACTED,PRM,2026-05-14,14-05-26,Site Environment Improvements,Site Improvement Plans,,,,,,,,,0,0,,1,,,,,,,,,,,,,,,,,,,,,,,,,,"The Al-Bawasil Site faces critical WASH, shelter, environmental, and protection challenges, including severe water shortages, degraded sanitation systems, overcrowded and insecure shelters, lack of lighting, and weak site safety measures.

The intervention aims to restore dignity and improve safety by addressing urgent infrastructure gaps and reducing protection risks.

Key actions include improving water supply through communal storage and distribution systems, rehabilitating and upgrading latrines with privacy features, safely managing cesspools, and strengthening solid waste management and hygiene promotion.

Shelter upgrades will focus on installing secure doors, reinforcing structures, reducing overcrowding, and providing winterization support. Environmental works will include drainage systems, vector control, and pathway improvements.

Protection measures will include installation of solar lighting, fire safety preparedness, site fencing, and improved access to support services for vulnerable groups.",,,,https://app.zitemanager.org/api/v2/generate-presigned-url/?object_key=Site_Improvement_Plan_-_Albwasil_Site-15_33_20.docx&return_type=file
47941779280630353Y,KYS0100,Wijdan  community,https://app.zitemanager.org/#/sites/31321/submission-case-detail/47941779280630353Y,2026-05-20,Closed,,bisan_harb,IOM,Active,ACTED,270 - 27002154,Khan Younis - Al Mawasi,2026-05-20,20/05/26,ACTED,PRM,2026-05-17,17-05-26,Site Environment Improvements,Site Improvement Plans,,,,,,,,,0,0,,1,,,,,,,,,,,,,,,,,,,,,,,,,,"The Wijdan Site faces a severe humanitarian crisis affecting 630 families, with critical gaps in WASH, shelter, environmental safety, and protection services.

Major issues include dilapidated and overcrowded latrines, unsafe wastewater disposal, lack of solid waste management, severe pest infestations, and widespread skin diseases. Shelters are highly insecure, overcrowded, and made of weak materials with no proper doors or locks.

The site is also highly vulnerable to flooding due to its low-lying sand dune location, with narrow pathways restricting emergency access. Protection risks are compounded by absence of lighting, fencing, and child-safe or educational spaces.

The intervention aims to improve dignity and safety through latrine rehabilitation with privacy upgrades, installation of secure shelter doors, drainage systems for flood prevention, solar lighting, and establishment of safe learning spaces.

Additional actions include waste management systems, pest control, site reorganization, fire safety measures, and perimeter fencing to enhance overall protection and living conditions.",,,,https://app.zitemanager.org/api/v2/generate-presigned-url/?object_key=Site_Improvement_Plan_-_Wijdan-15_37_6.docx&return_type=file
47941779280777355I,KYS1933,Al faruq,https://app.zitemanager.org/#/sites/31926/submission-case-detail/47941779280777355I,2026-05-20,Closed,,bisan_harb,IOM,Active,ACTED,270 - 27002154,Khan Younis - Al Mawasi,2026-05-20,20/05/26,ACTED,PRM,2026-05-05,05-05-26,Site Environment Improvements,Site Improvement Plans,,,,,,,,,0,0,,1,,,,,,,,,,,,,,,,,,,,,,,,,,"The site faces critical WASH, shelter, environmental, and protection risks that severely affect safety and living conditions.

Key issues include inadequate and unsafe sanitation facilities, water shortages, lack of proper sewage systems, overflowing and open cesspools, and poor solid waste management. Shelters are highly deteriorated, overcrowded, and lack basic security features such as doors and locks, making them unsafe and unfit for extreme weather conditions.

Environmental risks are significant, including flooding due to poor drainage, pest infestations, and soil contamination from unmanaged waste. Protection concerns are severe, with hazards from open pits, fire risks, absence of lighting, and lack of site fencing, increasing exposure to accidents and insecurity.",,,,https://app.zitemanager.org/api/v2/generate-presigned-url/?object_key=Site_Improvement_Plan_-_Al_Farouq_Site-15_39_27.docx&return_type=file
59261776761376945M,DEB3454,Abu Mishaal,https://app.zitemanager.org/#/sites/33492/submission-case-detail/59261776761376945M,2026-04-21,Closed,,rafanassar,IOM,Active,BLDA,265 - 26510152,Deir Al-Balah - Deir Al Balah (south),2026-04-21,21/04/26,BLDA,PRM,2026-03-30,30-03-26,Community Participation and Representation,Community or Committee Meeting,,,17,14,0,0,31,1,17,14,,31,,,,,,,,,"Programming Specific Meetings (e.g. project inductions, cash for work, etc.)",,,program_specific_meeting,,,,,,,,,,,,,,"Focus Group Discussions (FGDs) were conducted across displacement sites to introduce the project and raise community awareness about the details of work within the sites, including planned activities, implementation mechanisms, and the role of the community in participation and follow-up. The sessions also aimed to collect feedback, identify needs and priorities, and strengthen transparency and communication.

The sessions included a presentation of project objectives and planned activities, followed by interactive discussions with participants to explore challenges and needs within the sites, as well as discussing the risks faced by residents such as safety concerns, lack of services, and environmental conditions. Dedicated sessions were also conducted with women and girls to ensure their perspectives are included in planning and decision-making.

Overall, the sessions demonstrated positive community engagement and a clear willingness to participate in the implementation of activities and improve living conditions within displacement sites.",,,,
59261776762154091A,DEB3618,Al-Sadaqa Al-Swissri,https://app.zitemanager.org/#/sites/32643/submission-case-detail/59261776762154091A,2026-04-21,Closed,,rafanassar,IOM,Active,BLDA,265 - 26510152,Deir Al-Balah - Deir Al Balah (south),2026-04-21,21/04/26,BLDA,PRM,2026-03-29,29-03-26,Community Participation and Representation,Community or Committee Meeting,,,17,10,2,1,30,0,19,11,,30,,,,,,,,,"Programming Specific Meetings (e.g. project inductions, cash for work, etc.)",,,program_specific_meeting,,,,,,,,,,,,,,"Focus Group Discussions (FGDs) were conducted across displacement sites to introduce the project and raise community awareness about the details of work within the sites, including planned activities, implementation mechanisms, and the role of the community in participation and follow-up. The sessions also aimed to collect feedback, identify needs and priorities, and strengthen transparency and communication.

The sessions included a presentation of project objectives and planned activities, followed by interactive discussions with participants to explore challenges and needs within the sites, as well as discussing the risks faced by residents such as safety concerns, lack of services, and environmental conditions. Dedicated sessions were also conducted with women and girls to ensure their perspectives are included in planning and decision-making.

Overall, the sessions demonstrated positive community engagement and a clear willingness to participate in the implementation of activities and improve living conditions within displacement sites.",,,,
40161777915575445V,GZA4124,Housing the building of the Insurance and Pensions Authority,https://app.zitemanager.org/#/sites/38245/submission-case-detail/40161777915575445V,2026-05-04,Closed,,tamara,ACTED,Active,,260 - 2600118,Gaza - Northern Remal,2026-05-04,04/05/26,ACTED,PRM,2026-05-03,03-05-26,"Two-Way Information Sharing, Feedback and Complaints",Awareness sessions,9,11,,,,,20,0,9,11,No,20,,,,,,,,,,UXOs/Mine Action,,uxos,Brochures/Leaflets,,20,,,,,,,20,,,,"Risks of unexploded ordnance (UXO), how to recognize potential hazards, follow safety procedures, and take appropriate actions to prevent accidents and ensure worker safety. This activity was implemented in partnership with MAG International and Save Youth Future Society (SYF).	Furthermore, as part of the awareness activities, educational Snake and Ladder games were distributed to children to reinforce key safety messages in an engaging and age-appropriate manner.",,,,
40161777915659442Q,GZA4124,Housing the building of the Insurance and Pensions Authority,https://app.zitemanager.org/#/sites/38245/submission-case-detail/40161777915659442Q,2026-05-04,Closed,,tamara,ACTED,Active,,260 - 2600118,Gaza - Northern Remal,2026-05-04,04/05/26,ACTED,PRM,2026-05-03,03-05-26,"Two-Way Information Sharing, Feedback and Complaints",Awareness sessions,,,20,,,,20,2,20,0,No,20,,,,,,,,,,UXOs/Mine Action,,uxos,No Items,,,,,,,,,0,,,,"Risks of unexploded ordnance (UXO), how to recognize potential hazards, follow safety procedures, and take appropriate actions to prevent accidents and ensure worker safety. This activity was implemented in partnership with MAG International and Save Youth Future Society (SYF).",,,,
40161777915715432Y,GZA4124,Housing the building of the Insurance and Pensions Authority,https://app.zitemanager.org/#/sites/38245/submission-case-detail/40161777915715432Y,2026-05-04,Closed,,tamara,ACTED,Active,,260 - 2600118,Gaza - Northern Remal,2026-05-04,04/05/26,ACTED,PRM,2026-05-03,03-05-26,"Two-Way Information Sharing, Feedback and Complaints",Awareness sessions,,,,18,,,18,0,0,18,No,18,,,,,,,,,,UXOs/Mine Action,,uxos,No Items,,,,,,,,,0,,,,"Risks of unexploded ordnance (UXO), how to recognize potential hazards, follow safety procedures, and take appropriate actions to prevent accidents and ensure worker safety. This activity was implemented in partnership with MAG International and Save Youth Future Society (SYF).",,,,
40161777915974438Q,GZA5001,Alwaad,https://app.zitemanager.org/#/sites/51310/submission-case-detail/40161777915974438Q,2026-05-04,Closed,,tamara,ACTED,Active,-,260 - 2600118,Gaza - Northern Remal,2026-05-04,04/05/26,ACTED,PRM,2026-05-03,03-05-26,"Two-Way Information Sharing, Feedback and Complaints",Awareness sessions,,,16,,1,,17,1,17,0,No,17,,,,,,,,,,UXOs/Mine Action,,uxos,No Items,,,,,,,,,0,,,,"Risks of unexploded ordnance (UXO), how to recognize potential hazards, follow safety procedures, and take appropriate actions to prevent accidents and ensure worker safety. This activity was implemented in partnership with MAG International and Save Youth Future Society (SYF).",,,,
40161777916023433V,GZA5001,Alwaad,https://app.zitemanager.org/#/sites/51310/submission-case-detail/40161777916023433V,2026-05-04,Closed,,tamara,ACTED,Active,-,260 - 2600118,Gaza - Northern Remal,2026-05-04,04/05/26,ACTED,PRM,2026-05-03,03-05-26,"Two-Way Information Sharing, Feedback and Complaints",Awareness sessions,,,,18,,,18,1,0,18,No,18,,,,,,,,,,UXOs/Mine Action,,uxos,No Items,,,,,,,,,0,,,,"Risks of unexploded ordnance (UXO), how to recognize potential hazards, follow safety procedures, and take appropriate actions to prevent accidents and ensure worker safety. This activity was implemented in partnership with MAG International and Save Youth Future Society (SYF).",,,,
40161777916233454L,GZA3314,Al Amal college,https://app.zitemanager.org/#/sites/32508/submission-case-detail/40161777916233454L,2026-05-04,Closed,,tamara,ACTED,Active,,260 - 2600118,Gaza - Northern Remal,2026-05-04,04/05/26,ACTED,PRM,2026-05-04,04-05-26,"Two-Way Information Sharing, Feedback and Complaints",Awareness sessions,14,6,,,,,20,0,14,6,No,20,,,,,,,,,,UXOs/Mine Action,,uxos,Brochures/Leaflets,,20,,,,,,,20,,,,"Risks of unexploded ordnance (UXO), how to recognize potential hazards, follow safety procedures, and take appropriate actions to prevent accidents and ensure worker safety. This activity was implemented in partnership with MAG International and Save Youth Future Society (SYF).	Furthermore, as part of the awareness activities, educational Snake and Ladder games were distributed to children to reinforce key safety messages in an engaging and age-appropriate manner.",,,,
40161777916387626F,GZA3314,Al Amal college,https://app.zitemanager.org/#/sites/32508/submission-case-detail/40161777916387626F,2026-05-04,Closed,,tamara,ACTED,Active,,260 - 2600118,Gaza - Northern Remal,2026-05-04,04/05/26,ACTED,PRM,2026-05-04,04-05-26,"Two-Way Information Sharing, Feedback and Complaints",Awareness sessions,,,20,,1,,21,7,21,0,No,21,,,,,,,,,,UXOs/Mine Action,,uxos,No Items,,,,,,,,,0,,,,"Risks of unexploded ordnance (UXO), how to recognize potential hazards, follow safety procedures, and take appropriate actions to prevent accidents and ensure worker safety. This activity was implemented in partnership with MAG International and Save Youth Future Society (SYF).",,,,
40161777916478442D,GZA3314,Al Amal college,https://app.zitemanager.org/#/sites/32508/submission-case-detail/40161777916478442D,2026-05-04,Closed,,tamara,ACTED,Active,,260 - 2600118,Gaza - Northern Remal,2026-05-04,04/05/26,ACTED,PRM,2026-05-04,04-05-26,"Two-Way Information Sharing, Feedback and Complaints",Awareness sessions,,,,20,,,20,4,0,20,No,20,,,,,,,,,,UXOs/Mine Action,,uxos,No Items,,,,,,,,,0,,,,"Risks of unexploded ordnance (UXO), how to recognize potential hazards, follow safety procedures, and take appropriate actions to prevent accidents and ensure worker safety. This activity was implemented in partnership with MAG International and Save Youth Future Society (SYF).",,,,
40161777915890460L,GZA5001,Alwaad,https://app.zitemanager.org/#/sites/51310/submission-case-detail/40161777915890460L,2026-05-04,Closed,,tamara,ACTED,Active,-,260 - 2600118,Gaza - Northern Remal,2026-05-04,04/05/26,ACTED,PRM,2026-05-03,03-05-26,"Two-Way Information Sharing, Feedback and Complaints",Awareness sessions,10,10,,,,,20,0,10,10,No,20,,,,,,,,,,UXOs/Mine Action,,uxos,Brochures/Leaflets,,20,,,,,,,20,,,,"Risks of unexploded ordnance (UXO), how to recognize potential hazards, follow safety procedures, and take appropriate actions to prevent accidents and ensure worker safety. This activity was implemented in partnership with MAG International and Save Youth Future Society (SYF).	Furthermore, as part of the awareness activities, educational Snake and Ladder games were distributed to children to reinforce key safety messages in an engaging and age-appropriate manner.",,,,
40161777916688456R,GZA4122,Al Buraq School and Camp,https://app.zitemanager.org/#/sites/38243/submission-case-detail/40161777916688456R,2026-05-04,Closed,,tamara,ACTED,Active,,260 - 2600118,Gaza - Northern Remal,2026-05-04,04/05/26,ACTED,PRM,2026-05-04,04-05-26,"Two-Way Information Sharing, Feedback and Complaints",Awareness sessions,10,10,,,,,20,1,10,10,No,20,,,,,,,,,,UXOs/Mine Action,,uxos,Brochures/Leaflets,,20,,,,,,,20,,,,"Risks of unexploded ordnance (UXO), how to recognize potential hazards, follow safety procedures, and take appropriate actions to prevent accidents and ensure worker safety. This activity was implemented in partnership with MAG International and Save Youth Future Society (SYF).	Furthermore, as part of the awareness activities, educational Snake and Ladder games were distributed to children to reinforce key safety messages in an engaging and age-appropriate manner.",,,,
40161777916744477R,GZA4122,Al Buraq School and Camp,https://app.zitemanager.org/#/sites/38243/submission-case-detail/40161777916744477R,2026-05-04,Closed,,tamara,ACTED,Active,,260 - 2600118,Gaza - Northern Remal,2026-05-04,04/05/26,ACTED,PRM,2026-05-04,04-05-26,"Two-Way Information Sharing, Feedback and Complaints",Awareness sessions,,,9,,4,,13,0,13,0,No,13,,,,,,,,,,UXOs/Mine Action,,uxos,No Items,,,,,,,,,0,,,,"Risks of unexploded ordnance (UXO), how to recognize potential hazards, follow safety procedures, and take appropriate actions to prevent accidents and ensure worker safety. This activity was implemented in partnership with MAG International and Save Youth Future Society (SYF).",,,,
40161777916786455F,GZA4122,Al Buraq School and Camp,https://app.zitemanager.org/#/sites/38243/submission-case-detail/40161777916786455F,2026-05-04,Closed,,tamara,ACTED,Active,,260 - 2600118,Gaza - Northern Remal,2026-05-04,04/05/26,ACTED,PRM,2026-05-04,04-05-26,"Two-Way Information Sharing, Feedback and Complaints",Awareness sessions,,,,15,,2,17,1,0,17,No,17,,,,,,,,,,UXOs/Mine Action,,uxos,No Items,,,,,,,,,0,,,,"Risks of unexploded ordnance (UXO), how to recognize potential hazards, follow safety procedures, and take appropriate actions to prevent accidents and ensure worker safety. This activity was implemented in partnership with MAG International and Save Youth Future Society (SYF).",,,,
40161777917094460X,GZA4962,Al-Hayat 2,https://app.zitemanager.org/#/sites/51309/submission-case-detail/40161777917094460X,2026-05-04,Closed,,tamara,ACTED,Active,-,260 - 2600118,Gaza - Northern Remal,2026-05-04,04/05/26,ACTED,PRM,2026-05-04,04-05-26,Community Participation and Representation,Capacity strengthening for community members,,,9,10,0,0,19,0,9,10,,19,,,,,,,,,,,,,,,,,,,,,,,,,,"The Site Management training session provided participants with an overview of site management principles and practices to ensure safe, dignified, and inclusive living conditions. It introduced the role of the Site Management Committee (SMC) in representing community members and supporting coordination with service providers. The training covered key components including the Terms of Reference (ToR), Code of Conduct (CoC), and the roles and responsibilities of SMC members, emphasizing accountability, community participation, and effective communication. It also highlighted the importance of Gender-Based Violence (GBV) prevention and response, focusing on identifying risks, promoting safe practices, and ensuring appropriate referral mechanisms. It also introduces the CFM. Overall, the training aimed to strengthen participants’ capacity to support effective, protection-focused site management.",,,,
59261776688935797I,DEB0477,Arb abu salim shelter,https://app.zitemanager.org/#/sites/31430/submission-case-detail/59261776688935797I,2026-04-20,Closed,,rafanassar,IOM,Active,BLDA,265 - 2651093,Deir Al-Balah - Al Hikr,2026-04-20,20/04/26,BLDA,PRM,2026-03-28,27-03-26,Community Participation and Representation,Community or Committee Meeting,,,15,9,3,4,31,2,18,13,,31,,,,,,,,,"Programming Specific Meetings (e.g. project inductions, cash for work, etc.)",,,program_specific_meeting,,,,,,,,,,,,,,"Focus Group Discussions (FGDs) were conducted across displacement sites to introduce the project and raise community awareness about the details of work within the sites, including planned activities, implementation mechanisms, and the role of the community in participation and follow-up. The sessions also aimed to collect feedback, identify needs and priorities, and strengthen transparency and communication.

The sessions included a presentation of project objectives and planned activities, followed by interactive discussions with participants to explore challenges and needs within the sites, as well as discussing the risks faced by residents such as safety concerns, lack of services, and environmental conditions. Dedicated sessions were also conducted with women and girls to ensure their perspectives are included in planning and decision-making.

Overall, the sessions demonstrated positive community engagement and a clear willingness to participate in the implementation of activities and improve living conditions within displacement sites.",,,,
59261776689209115C,DEB2610,Al-Izza site,https://app.zitemanager.org/#/sites/32195/submission-case-detail/59261776689209115C,2026-04-20,Closed,,rafanassar,IOM,Active,BLDA,265 - 26510152,Deir Al-Balah - Deir Al Balah (south),2026-04-20,20/04/26,BLDA,PRM,2026-03-28,27-03-26,Community Participation and Representation,Community or Committee Meeting,,,13,17,0,0,30,0,13,17,,30,,,,,,,,,"Programming Specific Meetings (e.g. project inductions, cash for work, etc.)",,,program_specific_meeting,,,,,,,,,,,,,,"Focus Group Discussions (FGDs) were conducted across displacement sites to introduce the project and raise community awareness about the details of work within the sites, including planned activities, implementation mechanisms, and the role of the community in participation and follow-up. The sessions also aimed to collect feedback, identify needs and priorities, and strengthen transparency and communication.

The sessions included a presentation of project objectives and planned activities, followed by interactive discussions with participants to explore challenges and needs within the sites, as well as discussing the risks faced by residents such as safety concerns, lack of services, and environmental conditions. Dedicated sessions were also conducted with women and girls to ensure their perspectives are included in planning and decision-making.

Overall, the sessions demonstrated positive community engagement and a clear willingness to participate in the implementation of activities and improve living conditions within displacement sites.",,,,
71061777485161049D,GZA3314,Al Amal college,https://app.zitemanager.org/#/sites/32508/submission-case-detail/71061777485161049D,2026-05-04,Closed,,harresyakubi,ACTED,Active,,260 - 2600118,Gaza - Northern Remal,2026-04-29,29/04/26,ACTED,PRM,2026-04-28,28-04-26,Community Participation and Representation,Capacity strengthening for community members,,,18,10,1,0,29,0,19,10,,29,,,,,,,,,,,,,,,,,,,,,,,,,,"The Site Management training session provided participants with an overview of site management principles and practices to ensure safe, dignified, and inclusive living conditions. It introduced the role of the Site Management Committee (SMC) in representing community members and supporting coordination with service providers.The training covered key components including the Terms of Reference (ToR), Code of Conduct (CoC), and the roles and responsibilities of SMC members, emphasizing accountability, community participation, and effective communication.It also highlighted the importance of Gender-Based Violence (GBV) prevention and response, focusing on identifying risks, promoting safe practices, and ensuring appropriate referral mechanisms. It also introduces the CFM.Overall, the training aimed to strengthen participants’ capacity to support effective, protection-focused site management.",,,,
40151777967880253Q,KYS0805,Al-Shaheed Jameel,https://app.zitemanager.org/#/sites/31493/submission-case-detail/40151777967880253Q,2026-05-05,Closed,,malmaqadma,IOM,Active,ACTED,270 - 27002154,Khan Younis - Al Mawasi,2026-05-05,05/05/26,ACTED,PRM,2026-05-04,04-05-26,Community Participation and Representation,Capacity strengthening for community members,,,14,9,0,0,23,2,14,9,,23,,,,,,,,,,,,,,,,,,,,,,,,,,"A Site Management training session was conducted at Al-Shaheed Jameel site targeting members of the Site Management Committee (SMC), with the aim of strengthening their capacity to effectively manage site-level activities and represent the needs of the displaced population. The training provided a comprehensive overview of the Five Core Activities of Site Management, highlighting the importance of coordination, service monitoring, community participation, and accountability within the humanitarian response framework. In addition, the session emphasized the Code of Conduct (CoC), ensuring that committee members clearly understand ethical standards, roles, and expected behaviors while performing their responsibilities. The training also introduced key principles of Protection from Sexual Exploitation and Abuse (PSEA), reinforcing the importance of safeguarding vulnerable groups and promoting a safe and respectful environment within the site. Furthermore, detailed explanations were provided regarding the structure of SMCs, including the roles and responsibilities of different committees, to ensure clarity in task distribution and enhance coordination mechanisms. The session was delivered in an interactive and simplified manner to ensure accessibility and understanding, ultimately contributing to improved performance, stronger governance, and more effective service delivery within the site.",,,,
41741779002335291Z,NGZ4529,Isa Murad Site,https://app.zitemanager.org/#/sites/46150/submission-case-detail/41741779002335291Z,2026-05-17,Closed,,bashar,IOM,Active,BLDA,255 - 2550536,North Gaza - Al Karameh,2026-05-17,17/05/26,BLDA,PRM,2026-05-10,10-05-26,Site Environment Improvements,Site Improvement Plans,,,,,,,,,0,0,,1,,,,,,,,,,,,,,,,,,,,,,,,,,"The planned site improvement intervention aims to address unsafe and unhealthy conditions within the site caused by uneven ground, accumulated debris, and stagnant wastewater. The proposed activities include ground levelling, sand spreading, debris removal, and replacement of contaminated soil in an area previously used as a diesel factory within the site. These interventions aim to improve accessibility, reduce environmental and health risks, and enhance overall safety and living conditions for displaced residents.",,,,https://app.zitemanager.org/api/v2/generate-presigned-url/?object_key=Site_Improvement_Plan__-_Issa_Murad-10_18_41.xlsx&return_type=file
41741779002608481X,NGZ5105,Almahabba site,https://app.zitemanager.org/#/sites/51593/submission-case-detail/41741779002608481X,2026-05-17,Closed,,bashar,IOM,Active,BLDA,255 - 25505137,North Gaza - Ibad Ar-Rahman,2026-05-17,17/05/26,BLDA,PRM,2026-05-10,10-05-26,Site Environment Improvements,Site Improvement Plans,,,,,,,,,0,0,,1,,,,,,,,,,,,,,,,,,,,,,,,,,"The planned site improvement intervention aims to address unsafe and unhealthy conditions within the site caused by uneven ground, accumulated debris, and stagnant wastewater. The proposed activities include ground leveling, sand spreading, and debris removal to improve accessibility, reduce environmental and health risks, and enhance overall safety and living conditions for displaced residents.",,,,https://app.zitemanager.org/api/v2/generate-presigned-url/?object_key=Site_Improvement_Plan__-_Almahabba_site-10_23_8.xlsx&return_type=file
41741779002909488N,DEB3618,Al-Sadaqa Al-Swissri,https://app.zitemanager.org/#/sites/32643/submission-case-detail/41741779002909488N,2026-05-17,Closed,,bashar,IOM,Active,BLDA,265 - 26510152,Deir Al-Balah - Deir Al Balah (south),2026-05-17,17/05/26,BLDA,PRM,2026-05-11,11-05-26,Site Environment Improvements,Site Improvement Plans,,,,,,,,,0,0,,1,,,,,,,,,,,,,,,,,,,,,,,,,,"The planned intervention focuses on debris removal within the site to reduce the spread of pests, rodents, and insects, improve environmental health conditions, and enhance the safety and well-being of displaced residents.",,,,https://app.zitemanager.org/api/v2/generate-presigned-url/?object_key=Site_Improvement_Plan__-_Al-Sadaqa-10_28_11.xlsx&return_type=file
41741779003119426Z,DEB4919,Al-Sikka 2,https://app.zitemanager.org/#/sites/52223/submission-case-detail/41741779003119426Z,2026-05-17,Closed,,bashar,IOM,Active,BLDA,265 - 26503148,Deir Al-Balah - Al Bureij,2026-05-17,17/05/26,BLDA,PRM,2026-05-12,12-05-26,Site Environment Improvements,Site Improvement Plans,,,,,,,,,0,0,,1,,,,,,,,,,,,,,,,,,,,,,,,,,"The planned intervention focuses on debris removal and road widening within the site to reduce the spread of pests, rodents, and insects, improve environmental health conditions, facilitate safer movement and accessibility, and enhance the safety and well-being of displaced residents.",,,,https://app.zitemanager.org/api/v2/generate-presigned-url/?object_key=Site_Improvement_Plan__-_Al-Sika_2-10_31_41.xlsx&return_type=file
41741779003413455V,NGZ4916,Al-Helo 1,https://app.zitemanager.org/#/sites/52227/submission-case-detail/41741779003413455V,2026-05-17,Closed,,bashar,IOM,Active,BLDA,255 - 25505137,North Gaza - Ibad Ar-Rahman,2026-05-17,17/05/26,BLDA,PRM,2026-05-12,12-05-26,Site Environment Improvements,Site Improvement Plans,,,,,,,,,0,0,,1,,,,,,,,,,,,,,,,,,,,,,,,,,"The planned intervention focuses on debris removal and road widening within the site to reduce the spread of pests, rodents, and insects, improve environmental health conditions, facilitate safer movement and accessibility, and enhance the safety and well-being of displaced residents.",,,,https://app.zitemanager.org/api/v2/generate-presigned-url/?object_key=Site_Improvement_Plan__-_Al-Helo_1-10_36_45.xlsx&return_type=file
40561778058773558L,GZA4858,Al-Sheikh Ejleen A Site,https://app.zitemanager.org/#/sites/50990/submission-case-detail/40561778058773558L,2026-05-06,Closed,,abdallahalkurdi123,NRC,Active,,260 - 2600112,Gaza - Ash Sheikh 'Ijleen,2026-05-06,06/05/26,NRC,PRM,2026-04-07,07-04-26,Site Environment Improvements,"Site improvements, Care and Maintenance",,,0,0,0,0,0,0,0,0,,0,,,,,,,,,,"Communal Space Upgrades, Communal Space Upgrades",,communal_space,"No Items, No Items",,,,,,,,,0,1833,,0,"Furniture Distribution (2 Tables, 2 Mats and 9 Chairs per site ) for SMC Activity was implemented to address the lack of proper furniture inside administrative tents across IDP sites, which was affecting communication, coordination, and service delivery. On 7 April 2026, NRC Site Management teams distributed essential furniture to 30 sites across Gaza, the Middle Area, and Khan Younis, including this site. The activity created more organized and dignified spaces for receiving displaced families and conducting daily operations. It also improved complaint handling, referrals, and communication between site management teams and IDPs. In addition, the furnished tents enhanced coordination meetings with community committees and humanitarian partners. Overall, the intervention strengthened service delivery and benefited more than 131,000 displaced individuals across the targeted sites",https://app.zitemanager.org/api/v2/generate-presigned-url/?object_key=AlShekh_Ejleen_3-12_12_28.jpeg&return_type=file,,,
41741779003651474L,NGZ4915,Al-Helo 2,https://app.zitemanager.org/#/sites/52228/submission-case-detail/41741779003651474L,2026-05-17,Closed,,bashar,IOM,Active,BLDA,255 - 25505137,North Gaza - Ibad Ar-Rahman,2026-05-17,17/05/26,BLDA,PRM,2026-05-12,12-05-26,Site Environment Improvements,Site Improvement Plans,,,,,,,,,0,0,,1,,,,,,,,,,,,,,,,,,,,,,,,,,"The planned intervention focuses on debris removal and road widening within the site, as the close accumulation of debris near tents is contributing to the significant spread of rodents, pests, and insects. The activity aims to improve environmental health conditions, facilitate safer movement and accessibility, and enhance the safety of displaced residents.",,,,https://app.zitemanager.org/api/v2/generate-presigned-url/?object_key=Site_Improvement_Plan__-_Al-Helo_2-10_40_44.xlsx&return_type=file
40561778058857884Y,GZA4858,Al-Sheikh Ejleen A Site,https://app.zitemanager.org/#/sites/50990/submission-case-detail/40561778058857884Y,2026-05-06,Closed,,abdallahalkurdi123,NRC,Active,,260 - 2600112,Gaza - Ash Sheikh 'Ijleen,2026-05-06,06/05/26,NRC,PRM,2026-04-26,26-04-26,Site Environment Improvements,"Site improvements, Care and Maintenance",,,0,0,0,0,0,0,0,0,,0,,,,,,,,,,"Communal Space Upgrades, Communal Space Upgrades",,communal_space,"Toolkits, Toolkits",,,,,,,1,,0,10875,,0,"Care and Maintenance Tools Distribution Activity was implemented across 30 IDP sites including this site to address the lack of proper tools required for Cash for works and daily site maintenance, especially in flood-prone areas. The sites were facing challenges in digging drainage channels, removing debris, and maintaining safe pathways during rainy conditions, and also during cleaning the pathways in the site . To mitigate these issues, NRC distributed essential tools including shovels, hoes, pickaxes, wheelbarrows, plastic garden combs, and complete toolboxes. These tools enabled site teams and community workers to carry out regular cleaning, soil excavation, and drainage channel construction more effectively. The intervention also improved preparedness for flooding risks and supported safer and more organized site conditions. Overall, the activity strengthened site maintenance capacity and contributed to improving the living environment for IDPs across the targeted sites.",https://app.zitemanager.org/api/v2/generate-presigned-url/?object_key=Shiekh_Igleen_A-12_13_55.jpeg&return_type=file,,,
41741776759599367W,NGZ4915,Al-Helo 2,https://app.zitemanager.org/#/sites/52228/submission-case-detail/41741776759599367W,2026-04-21,Closed,,bashar,IOM,Active,BLDA,255 - 25505137,North Gaza - Ibad Ar-Rahman,2026-04-21,21/04/26,BLDA,PRM,2026-03-29,29-03-26,Community Participation and Representation,Community or Committee Meeting,,,9,11,8,3,31,0,17,14,,31,,,,,,,,,"Programming Specific Meetings (e.g. project inductions, cash for work, etc.)",,,program_specific_meeting,,,,,,,,,,,,,,"Focus Group Discussions (FGDs) were conducted across displacement sites to introduce the project and raise community awareness about the details of work within the sites, including planned activities, implementation mechanisms, and the role of the community in participation and follow-up. The sessions also aimed to collect feedback, identify needs and priorities, and strengthen transparency and communication.

The sessions included a presentation of project objectives and planned activities, followed by interactive discussions with participants to explore challenges and needs within the sites, as well as discussing the risks faced by residents such as safety concerns, lack of services, and environmental conditions. Dedicated sessions were also conducted with women and girls to ensure their perspectives are included in planning and decision-making.

Overall, the sessions demonstrated positive community engagement and a clear willingness to participate in the implementation of activities and improve living conditions within displacement sites.",,,,
41741776757056151O,GZA4922,A12,https://app.zitemanager.org/#/sites/52232/submission-case-detail/41741776757056151O,2026-04-21,Closed,,bashar,IOM,Active,BLDA,260 - 2600123,Gaza - An Naser-Gaza,2026-04-21,21/04/26,BLDA,PRM,2026-03-28,27-03-26,Community Participation and Representation,Community or Committee Meeting,,,15,13,2,0,30,2,17,13,,30,,,,,,,,,"Programming Specific Meetings (e.g. project inductions, cash for work, etc.)",,,program_specific_meeting,,,,,,,,,,,,,,"Focus Group Discussions (FGDs) were conducted across displacement sites to introduce the project and raise community awareness about the details of work within the sites, including planned activities, implementation mechanisms, and the role of the community in participation and follow-up. The sessions also aimed to collect feedback, identify needs and priorities, and strengthen transparency and communication.

The sessions included a presentation of project objectives and planned activities, followed by interactive discussions with participants to explore challenges and needs within the sites, as well as discussing the risks faced by residents such as safety concerns, lack of services, and environmental conditions. Dedicated sessions were also conducted with women and girls to ensure their perspectives are included in planning and decision-making.

Overall, the sessions demonstrated positive community engagement and a clear willingness to participate in the implementation of activities and improve living conditions within displacement sites.",,,,
59261776757123561M,DEB4561,Ard Abu Kheswan,https://app.zitemanager.org/#/sites/46366/submission-case-detail/59261776757123561M,2026-04-21,Closed,,rafanassar,IOM,Active,BLDA,265 - 26510152,Deir Al-Balah - Deir Al Balah (south),2026-04-21,21/04/26,BLDA,PRM,2026-03-30,30-03-26,Community Participation and Representation,Community or Committee Meeting,,,27,0,3,0,30,1,30,0,,30,,,,,,,,,"Programming Specific Meetings (e.g. project inductions, cash for work, etc.)",,,program_specific_meeting,,,,,,,,,,,,,,"Focus Group Discussions (FGDs) were conducted across displacement sites to introduce the project and raise community awareness about the details of work within the sites, including planned activities, implementation mechanisms, and the role of the community in participation and follow-up. The sessions also aimed to collect feedback, identify needs and priorities, and strengthen transparency and communication.

The sessions included a presentation of project objectives and planned activities, followed by interactive discussions with participants to explore challenges and needs within the sites, as well as discussing the risks faced by residents such as safety concerns, lack of services, and environmental conditions. Dedicated sessions were also conducted with women and girls to ensure their perspectives are included in planning and decision-making.

Overall, the sessions demonstrated positive community engagement and a clear willingness to participate in the implementation of activities and improve living conditions within displacement sites.",,,,
41741776757163547S,GZA4923,A13,https://app.zitemanager.org/#/sites/52233/submission-case-detail/41741776757163547S,2026-04-21,Closed,,bashar,IOM,Active,BLDA,260 - 2600123,Gaza - An Naser-Gaza,2026-04-21,21/04/26,BLDA,PRM,2026-03-28,27-03-26,Community Participation and Representation,Community or Committee Meeting,,,26,4,0,0,30,1,26,4,,30,,,,,,,,,"Programming Specific Meetings (e.g. project inductions, cash for work, etc.)",,,program_specific_meeting,,,,,,,,,,,,,,"Focus Group Discussions (FGDs) were conducted across displacement sites to introduce the project and raise community awareness about the details of work within the sites, including planned activities, implementation mechanisms, and the role of the community in participation and follow-up. The sessions also aimed to collect feedback, identify needs and priorities, and strengthen transparency and communication.

The sessions included a presentation of project objectives and planned activities, followed by interactive discussions with participants to explore challenges and needs within the sites, as well as discussing the risks faced by residents such as safety concerns, lack of services, and environmental conditions. Dedicated sessions were also conducted with women and girls to ensure their perspectives are included in planning and decision-making.

Overall, the sessions demonstrated positive community engagement and a clear willingness to participate in the implementation of activities and improve living conditions within displacement sites.",,,,
41741776757267510W,GZA6013,Metro Al-jwazat Site,https://app.zitemanager.org/#/sites/43038/submission-case-detail/41741776757267510W,2026-04-21,Closed,,bashar,IOM,Active,BLDA,260 - 2600119,Gaza - Southern Remal,2026-04-21,21/04/26,BLDA,PRM,2026-03-29,29-03-26,Community Participation and Representation,Community or Committee Meeting,,,27,4,0,0,31,1,27,4,,31,,,,,,,,,"Programming Specific Meetings (e.g. project inductions, cash for work, etc.)",,,program_specific_meeting,,,,,,,,,,,,,,"Focus Group Discussions (FGDs) were conducted across displacement sites to introduce the project and raise community awareness about the details of work within the sites, including planned activities, implementation mechanisms, and the role of the community in participation and follow-up. The sessions also aimed to collect feedback, identify needs and priorities, and strengthen transparency and communication.

The sessions included a presentation of project objectives and planned activities, followed by interactive discussions with participants to explore challenges and needs within the sites, as well as discussing the risks faced by residents such as safety concerns, lack of services, and environmental conditions. Dedicated sessions were also conducted with women and girls to ensure their perspectives are included in planning and decision-making.

Overall, the sessions demonstrated positive community engagement and a clear willingness to participate in the implementation of activities and improve living conditions within displacement sites.",,,,
41741779004596257I,GZA6013,Metro Al-jwazat Site,https://app.zitemanager.org/#/sites/43038/submission-case-detail/41741779004596257I,2026-05-17,Closed,,bashar,IOM,Active,BLDA,260 - 2600119,Gaza - Southern Remal,2026-05-17,17/05/26,BLDA,PRM,2026-05-10,10-05-26,Site Environment Improvements,Site Improvement Plans,,,,,,,,,0,0,,1,,,,,,,,,,,,,,,,,,,,,,,,,,"The planned site improvement intervention aims to address unsafe and unhealthy conditions within the site caused by uneven ground, accumulated debris, and stagnant wastewater. The proposed activities include ground levelling, sand spreading, and debris removal to improve accessibility, reduce environmental and health risks, and enhance overall safety and living conditions for displaced residents.",,,,https://app.zitemanager.org/api/v2/generate-presigned-url/?object_key=Site_Improvement_Plan__-_metro_Al-jawaz-10_46_24.xlsx&return_type=file
41741776759808907C,NGZ4529,Isa Murad Site,https://app.zitemanager.org/#/sites/46150/submission-case-detail/41741776759808907C,2026-04-21,Closed,,bashar,IOM,Active,BLDA,255 - 2550536,North Gaza - Al Karameh,2026-04-21,21/04/26,BLDA,PRM,2026-03-29,29-03-26,Community Participation and Representation,Community or Committee Meeting,,,21,6,3,0,30,0,24,6,,30,,,,,,,,,"Programming Specific Meetings (e.g. project inductions, cash for work, etc.)",,,program_specific_meeting,,,,,,,,,,,,,,"Focus Group Discussions (FGDs) were conducted across displacement sites to introduce the project and raise community awareness about the details of work within the sites, including planned activities, implementation mechanisms, and the role of the community in participation and follow-up. The sessions also aimed to collect feedback, identify needs and priorities, and strengthen transparency and communication.

The sessions included a presentation of project objectives and planned activities, followed by interactive discussions with participants to explore challenges and needs within the sites, as well as discussing the risks faced by residents such as safety concerns, lack of services, and environmental conditions. Dedicated sessions were also conducted with women and girls to ensure their perspectives are included in planning and decision-making.

Overall, the sessions demonstrated positive community engagement and a clear willingness to participate in the implementation of activities and improve living conditions within displacement sites.",,,,
41741776757485663C,GZA4921,Al-Mashtal,https://app.zitemanager.org/#/sites/52225/submission-case-detail/41741776757485663C,2026-04-21,Closed,,bashar,IOM,Active,BLDA,260 - 2600123,Gaza - An Naser-Gaza,2026-04-21,21/04/26,BLDA,PRM,2026-03-29,29-03-26,Community Participation and Representation,Community or Committee Meeting,,,12,14,3,2,31,2,15,16,,31,,,,,,,,,"Programming Specific Meetings (e.g. project inductions, cash for work, etc.)",,,program_specific_meeting,,,,,,,,,,,,,,"Focus Group Discussions (FGDs) were conducted across displacement sites to introduce the project and raise community awareness about the details of work within the sites, including planned activities, implementation mechanisms, and the role of the community in participation and follow-up. The sessions also aimed to collect feedback, identify needs and priorities, and strengthen transparency and communication.

The sessions included a presentation of project objectives and planned activities, followed by interactive discussions with participants to explore challenges and needs within the sites, as well as discussing the risks faced by residents such as safety concerns, lack of services, and environmental conditions. Dedicated sessions were also conducted with women and girls to ensure their perspectives are included in planning and decision-making.

Overall, the sessions demonstrated positive community engagement and a clear willingness to participate in the implementation of activities and improve living conditions within displacement sites.",,,,
59261776760750874Q,DEB4919,Al-Sikka 2,https://app.zitemanager.org/#/sites/52223/submission-case-detail/59261776760750874Q,2026-04-21,Closed,,rafanassar,IOM,Active,BLDA,265 - 26503148,Deir Al-Balah - Al Bureij,2026-04-21,21/04/26,BLDA,PRM,2026-03-29,29-03-26,Community Participation and Representation,Community or Committee Meeting,,,20,8,2,1,31,0,22,9,,31,,,,,,,,,"Programming Specific Meetings (e.g. project inductions, cash for work, etc.)",,,program_specific_meeting,,,,,,,,,,,,,,"Focus Group Discussions (FGDs) were conducted across displacement sites to introduce the project and raise community awareness about the details of work within the sites, including planned activities, implementation mechanisms, and the role of the community in participation and follow-up. The sessions also aimed to collect feedback, identify needs and priorities, and strengthen transparency and communication.

The sessions included a presentation of project objectives and planned activities, followed by interactive discussions with participants to explore challenges and needs within the sites, as well as discussing the risks faced by residents such as safety concerns, lack of services, and environmental conditions. Dedicated sessions were also conducted with women and girls to ensure their perspectives are included in planning and decision-making.

Overall, the sessions demonstrated positive community engagement and a clear willingness to participate in the implementation of activities and improve living conditions within displacement sites.",,,,
41741776759911257O,NGZ5105,Almahabba site,https://app.zitemanager.org/#/sites/51593/submission-case-detail/41741776759911257O,2026-04-21,Closed,,bashar,IOM,Active,BLDA,255 - 25505137,North Gaza - Ibad Ar-Rahman,2026-04-21,21/04/26,BLDA,PRM,2026-03-30,30-03-26,Community Participation and Representation,Community or Committee Meeting,,,26,2,2,1,31,0,28,3,,31,,,,,,,,,"Programming Specific Meetings (e.g. project inductions, cash for work, etc.)",,,program_specific_meeting,,,,,,,,,,,,,,"Focus Group Discussions (FGDs) were conducted across displacement sites to introduce the project and raise community awareness about the details of work within the sites, including planned activities, implementation mechanisms, and the role of the community in participation and follow-up. The sessions also aimed to collect feedback, identify needs and priorities, and strengthen transparency and communication.

The sessions included a presentation of project objectives and planned activities, followed by interactive discussions with participants to explore challenges and needs within the sites, as well as discussing the risks faced by residents such as safety concerns, lack of services, and environmental conditions. Dedicated sessions were also conducted with women and girls to ensure their perspectives are included in planning and decision-making.

Overall, the sessions demonstrated positive community engagement and a clear willingness to participate in the implementation of activities and improve living conditions within displacement sites.",,,,
41741776757629355F,GZA4195,Al-Awda,https://app.zitemanager.org/#/sites/39624/submission-case-detail/41741776757629355F,2026-04-21,Closed,,bashar,IOM,Active,BLDA,260 - 2600123,Gaza - An Naser-Gaza,2026-04-21,21/04/26,BLDA,PRM,2026-03-28,27-03-26,Community Participation and Representation,Community or Committee Meeting,,,19,7,2,3,31,1,21,10,,31,,,,,,,,,"Programming Specific Meetings (e.g. project inductions, cash for work, etc.)",,,program_specific_meeting,,,,,,,,,,,,,,"Focus Group Discussions (FGDs) were conducted across displacement sites to introduce the project and raise community awareness about the details of work within the sites, including planned activities, implementation mechanisms, and the role of the community in participation and follow-up. The sessions also aimed to collect feedback, identify needs and priorities, and strengthen transparency and communication.

The sessions included a presentation of project objectives and planned activities, followed by interactive discussions with participants to explore challenges and needs within the sites, as well as discussing the risks faced by residents such as safety concerns, lack of services, and environmental conditions. Dedicated sessions were also conducted with women and girls to ensure their perspectives are included in planning and decision-making.

Overall, the sessions demonstrated positive community engagement and a clear willingness to participate in the implementation of activities and improve living conditions within displacement sites.",,,,
59261776757630043Q,DEB2708,Al-Quds Hurra,https://app.zitemanager.org/#/sites/32268/submission-case-detail/59261776757630043Q,2026-04-21,Closed,,rafanassar,IOM,Active,BLDA,265 - 26510152,Deir Al-Balah - Deir Al Balah (south),2026-04-21,21/04/26,BLDA,PRM,2026-03-28,27-03-26,Community Participation and Representation,Community or Committee Meeting,,,13,14,1,4,32,0,14,18,,32,,,,,,,,,"Programming Specific Meetings (e.g. project inductions, cash for work, etc.)",,,program_specific_meeting,,,,,,,,,,,,,,"Focus Group Discussions (FGDs) were conducted across displacement sites to introduce the project and raise community awareness about the details of work within the sites, including planned activities, implementation mechanisms, and the role of the community in participation and follow-up. The sessions also aimed to collect feedback, identify needs and priorities, and strengthen transparency and communication.

The sessions included a presentation of project objectives and planned activities, followed by interactive discussions with participants to explore challenges and needs within the sites, as well as discussing the risks faced by residents such as safety concerns, lack of services, and environmental conditions. Dedicated sessions were also conducted with women and girls to ensure their perspectives are included in planning and decision-making.

Overall, the sessions demonstrated positive community engagement and a clear willingness to participate in the implementation of activities and improve living conditions within displacement sites.",,,,
59261776759984679O,DEB0143,Sweed camp,https://app.zitemanager.org/#/sites/31326/submission-case-detail/59261776759984679O,2026-04-21,Closed,,rafanassar,IOM,Active,BLDA,265 - 2651094,Deir Al-Balah - Al Balad,2026-04-21,21/04/26,BLDA,PRM,2026-03-28,27-03-26,Community Participation and Representation,Community or Committee Meeting,,,27,0,3,0,30,1,30,0,,30,,,,,,,,,"Programming Specific Meetings (e.g. project inductions, cash for work, etc.)",,,program_specific_meeting,,,,,,,,,,,,,,"Focus Group Discussions (FGDs) were conducted across displacement sites to introduce the project and raise community awareness about the details of work within the sites, including planned activities, implementation mechanisms, and the role of the community in participation and follow-up. The sessions also aimed to collect feedback, identify needs and priorities, and strengthen transparency and communication.

The sessions included a presentation of project objectives and planned activities, followed by interactive discussions with participants to explore challenges and needs within the sites, as well as discussing the risks faced by residents such as safety concerns, lack of services, and environmental conditions. Dedicated sessions were also conducted with women and girls to ensure their perspectives are included in planning and decision-making.

Overall, the sessions demonstrated positive community engagement and a clear willingness to participate in the implementation of activities and improve living conditions within displacement sites.",,,,
41741779006325560Y,NGZ4167,Walood,https://app.zitemanager.org/#/sites/39548/submission-case-detail/41741779006325560Y,2026-05-17,Closed,,bashar,IOM,Active,BLDA,255 - 25505143,North Gaza - Az Zohour,2026-05-17,17/05/26,BLDA,PRM,2026-05-13,13-05-26,Site Environment Improvements,Site Improvement Plans,,,,,,,,,0,0,,1,,,,,,,,,,,,,,,,,,,,,,,,,,"The planned intervention aims to remove randomly accumulated debris and rubble located close to tents, which are contributing to poor site conditions, limited accessibility, and increased risks of pests and rodents. The activity will also include widening the internal road to facilitate easier access for water trucks while improving site safety, accessibility, and overall living conditions for displaced residents.",,,,https://app.zitemanager.org/api/v2/generate-presigned-url/?object_key=Site_Improvement_Plan__-_Walood-11_23_44.xlsx&return_type=file
41741776760034275T,NGZ4167,Walood,https://app.zitemanager.org/#/sites/39548/submission-case-detail/41741776760034275T,2026-04-21,Closed,,bashar,IOM,Active,BLDA,255 - 25505143,North Gaza - Az Zohour,2026-04-21,21/04/26,BLDA,PRM,2026-04-06,06-04-26,Community Participation and Representation,Community or Committee Meeting,,,21,6,3,1,31,0,24,7,,31,,,,,,,,,"Programming Specific Meetings (e.g. project inductions, cash for work, etc.)",,,program_specific_meeting,,,,,,,,,,,,,,"Focus Group Discussions (FGDs) were conducted across displacement sites to introduce the project and raise community awareness about the details of work within the sites, including planned activities, implementation mechanisms, and the role of the community in participation and follow-up. The sessions also aimed to collect feedback, identify needs and priorities, and strengthen transparency and communication.

The sessions included a presentation of project objectives and planned activities, followed by interactive discussions with participants to explore challenges and needs within the sites, as well as discussing the risks faced by residents such as safety concerns, lack of services, and environmental conditions. Dedicated sessions were also conducted with women and girls to ensure their perspectives are included in planning and decision-making.

Overall, the sessions demonstrated positive community engagement and a clear willingness to participate in the implementation of activities and improve living conditions within displacement sites.",,,,
59261776757774693M,DEB2199,Al-Hasoon,https://app.zitemanager.org/#/sites/32016/submission-case-detail/59261776757774693M,2026-04-21,Closed,,rafanassar,IOM,Active,BLDA,265 - 2651089,Deir Al-Balah - Yafa,2026-04-21,21/04/26,BLDA,PRM,2026-03-28,27-03-26,Community Participation and Representation,Community or Committee Meeting,,,20,7,3,0,30,1,23,7,,30,,,,,,,,,"Programming Specific Meetings (e.g. project inductions, cash for work, etc.)",,,program_specific_meeting,,,,,,,,,,,,,,"Focus Group Discussions (FGDs) were conducted across displacement sites to introduce the project and raise community awareness about the details of work within the sites, including planned activities, implementation mechanisms, and the role of the community in participation and follow-up. The sessions also aimed to collect feedback, identify needs and priorities, and strengthen transparency and communication.

The sessions included a presentation of project objectives and planned activities, followed by interactive discussions with participants to explore challenges and needs within the sites, as well as discussing the risks faced by residents such as safety concerns, lack of services, and environmental conditions. Dedicated sessions were also conducted with women and girls to ensure their perspectives are included in planning and decision-making.

Overall, the sessions demonstrated positive community engagement and a clear willingness to participate in the implementation of activities and improve living conditions within displacement sites.",,,,
59261776752164003G,DEB3187,Al-Noor Shelter,https://app.zitemanager.org/#/sites/32418/submission-case-detail/59261776752164003G,2026-04-21,Closed,,rafanassar,IOM,Active,BLDA,265 - 26510152,Deir Al-Balah - Deir Al Balah (south),2026-04-21,21/04/26,BLDA,PRM,2026-03-28,27-03-26,Community Participation and Representation,Community or Committee Meeting,,,17,7,4,2,30,2,21,9,,30,,,,,,,,,"Programming Specific Meetings (e.g. project inductions, cash for work, etc.)",,,program_specific_meeting,,,,,,,,,,,,,,"Focus Group Discussions (FGDs) were conducted across displacement sites to introduce the project and raise community awareness about the details of work within the sites, including planned activities, implementation mechanisms, and the role of the community in participation and follow-up. The sessions also aimed to collect feedback, identify needs and priorities, and strengthen transparency and communication.

The sessions included a presentation of project objectives and planned activities, followed by interactive discussions with participants to explore challenges and needs within the sites, as well as discussing the risks faced by residents such as safety concerns, lack of services, and environmental conditions. Dedicated sessions were also conducted with women and girls to ensure their perspectives are included in planning and decision-making.

Overall, the sessions demonstrated positive community engagement and a clear willingness to participate in the implementation of activities and improve living conditions within displacement sites.",,,,
59261776760220409O,DEB4917,Al-Shaimaa,https://app.zitemanager.org/#/sites/52221/submission-case-detail/59261776760220409O,2026-04-21,Closed,,rafanassar,IOM,Active,BLDA,265 - 2651099,Deir Al-Balah - Al Birkeh,2026-04-21,21/04/26,BLDA,PRM,2026-03-28,27-03-26,Community Participation and Representation,Community or Committee Meeting,,,12,12,4,3,31,1,16,15,,31,,,,,,,,,"Programming Specific Meetings (e.g. project inductions, cash for work, etc.)",,,program_specific_meeting,,,,,,,,,,,,,,"Focus Group Discussions (FGDs) were conducted across displacement sites to introduce the project and raise community awareness about the details of work within the sites, including planned activities, implementation mechanisms, and the role of the community in participation and follow-up. The sessions also aimed to collect feedback, identify needs and priorities, and strengthen transparency and communication.

The sessions included a presentation of project objectives and planned activities, followed by interactive discussions with participants to explore challenges and needs within the sites, as well as discussing the risks faced by residents such as safety concerns, lack of services, and environmental conditions. Dedicated sessions were also conducted with women and girls to ensure their perspectives are included in planning and decision-making.

Overall, the sessions demonstrated positive community engagement and a clear willingness to participate in the implementation of activities and improve living conditions within displacement sites.",,,,
59261776752449466U,DEB4557,Al-Rafdeen,https://app.zitemanager.org/#/sites/46365/submission-case-detail/59261776752449466U,2026-04-21,Closed,,rafanassar,IOM,Active,BLDA,265 - 26510152,Deir Al-Balah - Deir Al Balah (south),2026-04-21,21/04/26,BLDA,PRM,2026-03-28,27-03-26,Community Participation and Representation,Community or Committee Meeting,,,14,12,4,0,30,2,18,12,,30,,,,,,,,,"Programming Specific Meetings (e.g. project inductions, cash for work, etc.)",,,program_specific_meeting,,,,,,,,,,,,,,"Focus Group Discussions (FGDs) were conducted across displacement sites to introduce the project and raise community awareness about the details of work within the sites, including planned activities, implementation mechanisms, and the role of the community in participation and follow-up. The sessions also aimed to collect feedback, identify needs and priorities, and strengthen transparency and communication.

The sessions included a presentation of project objectives and planned activities, followed by interactive discussions with participants to explore challenges and needs within the sites, as well as discussing the risks faced by residents such as safety concerns, lack of services, and environmental conditions. Dedicated sessions were also conducted with women and girls to ensure their perspectives are included in planning and decision-making.

Overall, the sessions demonstrated positive community engagement and a clear willingness to participate in the implementation of activities and improve living conditions within displacement sites.",,,,
41741776757823987Y,GZA4924,Al-Masri B13 Camp,https://app.zitemanager.org/#/sites/51170/submission-case-detail/41741776757823987Y,2026-04-21,Closed,,bashar,IOM,Active,BLDA,260 - 2600123,Gaza - An Naser-Gaza,2026-04-21,21/04/26,BLDA,PRM,2026-03-28,27-03-26,Community Participation and Representation,Community or Committee Meeting,,,17,10,1,2,30,0,18,12,,30,,,,,,,,,"Programming Specific Meetings (e.g. project inductions, cash for work, etc.)",,,program_specific_meeting,,,,,,,,,,,,,,"Focus Group Discussions (FGDs) were conducted across displacement sites to introduce the project and raise community awareness about the details of work within the sites, including planned activities, implementation mechanisms, and the role of the community in participation and follow-up. The sessions also aimed to collect feedback, identify needs and priorities, and strengthen transparency and communication.

The sessions included a presentation of project objectives and planned activities, followed by interactive discussions with participants to explore challenges and needs within the sites, as well as discussing the risks faced by residents such as safety concerns, lack of services, and environmental conditions. Dedicated sessions were also conducted with women and girls to ensure their perspectives are included in planning and decision-making.

Overall, the sessions demonstrated positive community engagement and a clear willingness to participate in the implementation of activities and improve living conditions within displacement sites.",,,,
41741776757904849R,GZA5461,B12,https://app.zitemanager.org/#/sites/53177/submission-case-detail/41741776757904849R,2026-04-21,Closed,,bashar,IOM,Active,BLDA,260 - 2600123,Gaza - An Naser-Gaza,2026-04-21,21/04/26,BLDA,PRM,2026-03-30,30-03-26,Community Participation and Representation,Community or Committee Meeting,,,16,13,1,0,30,0,17,13,,30,,,,,,,,,"Programming Specific Meetings (e.g. project inductions, cash for work, etc.)",,,program_specific_meeting,,,,,,,,,,,,,,"Focus Group Discussions (FGDs) were conducted across displacement sites to introduce the project and raise community awareness about the details of work within the sites, including planned activities, implementation mechanisms, and the role of the community in participation and follow-up. The sessions also aimed to collect feedback, identify needs and priorities, and strengthen transparency and communication.

The sessions included a presentation of project objectives and planned activities, followed by interactive discussions with participants to explore challenges and needs within the sites, as well as discussing the risks faced by residents such as safety concerns, lack of services, and environmental conditions. Dedicated sessions were also conducted with women and girls to ensure their perspectives are included in planning and decision-making.

Overall, the sessions demonstrated positive community engagement and a clear willingness to participate in the implementation of activities and improve living conditions within displacement sites.",,,,
41741776758001839V,NGZ4916,Al-Helo 1,https://app.zitemanager.org/#/sites/52227/submission-case-detail/41741776758001839V,2026-04-21,Closed,,bashar,IOM,Active,BLDA,255 - 25505137,North Gaza - Ibad Ar-Rahman,2026-04-21,21/04/26,BLDA,PRM,2026-03-29,29-03-26,Community Participation and Representation,Community or Committee Meeting,,,10,15,5,1,31,0,15,16,,31,,,,,,,,,"Programming Specific Meetings (e.g. project inductions, cash for work, etc.)",,,program_specific_meeting,,,,,,,,,,,,,,"Focus Group Discussions (FGDs) were conducted across displacement sites to introduce the project and raise community awareness about the details of work within the sites, including planned activities, implementation mechanisms, and the role of the community in participation and follow-up. The sessions also aimed to collect feedback, identify needs and priorities, and strengthen transparency and communication.

The sessions included a presentation of project objectives and planned activities, followed by interactive discussions with participants to explore challenges and needs within the sites, as well as discussing the risks faced by residents such as safety concerns, lack of services, and environmental conditions. Dedicated sessions were also conducted with women and girls to ensure their perspectives are included in planning and decision-making.

Overall, the sessions demonstrated positive community engagement and a clear willingness to participate in the implementation of activities and improve living conditions within displacement sites.",,,,
59261776760355441B,DEB2263,Akka,https://app.zitemanager.org/#/sites/32040/submission-case-detail/59261776760355441B,2026-04-21,Closed,,rafanassar,IOM,Active,BLDA,265 - 26510152,Deir Al-Balah - Deir Al Balah (south),2026-04-21,21/04/26,BLDA,PRM,2026-03-28,27-03-26,Community Participation and Representation,Community or Committee Meeting,,,22,6,2,0,30,0,24,6,,30,,,,,,,,,"Programming Specific Meetings (e.g. project inductions, cash for work, etc.)",,,program_specific_meeting,,,,,,,,,,,,,,"Focus Group Discussions (FGDs) were conducted across displacement sites to introduce the project and raise community awareness about the details of work within the sites, including planned activities, implementation mechanisms, and the role of the community in participation and follow-up. The sessions also aimed to collect feedback, identify needs and priorities, and strengthen transparency and communication.

The sessions included a presentation of project objectives and planned activities, followed by interactive discussions with participants to explore challenges and needs within the sites, as well as discussing the risks faced by residents such as safety concerns, lack of services, and environmental conditions. Dedicated sessions were also conducted with women and girls to ensure their perspectives are included in planning and decision-making.

Overall, the sessions demonstrated positive community engagement and a clear willingness to participate in the implementation of activities and improve living conditions within displacement sites.",,,,
40561778059585159A,GZA4451,Sheikh Ajlin Camp,https://app.zitemanager.org/#/sites/42705/submission-case-detail/40561778059585159A,2026-05-06,Closed,,abdallahalkurdi123,NRC,Active,,260 - 2600112,Gaza - Ash Sheikh 'Ijleen,2026-05-06,06/05/26,NRC,PRM,2026-04-07,07-04-26,Site Environment Improvements,"Site improvements, Care and Maintenance",,,0,0,0,0,0,0,0,0,,0,,,,,,,,,,"Communal Space Upgrades, Communal Space Upgrades",,communal_space,"No Items, No Items",,,,,,,,,0,1833,,0,"Furniture Distribution (2 Tables, 2 Mats and 9 Chairs per site ) for SMC Activity was implemented to address the lack of proper furniture inside administrative tents across IDP sites, which was affecting communication, coordination, and service delivery. On 7 April 2026, NRC Site Management teams distributed essential furniture to 30 sites across Gaza, the Middle Area, and Khan Younis, including this site. The activity created more organized and dignified spaces for receiving displaced families and conducting daily operations. It also improved complaint handling, referrals, and communication between site management teams and IDPs. In addition, the furnished tents enhanced coordination meetings with community committees and humanitarian partners. Overall, the intervention strengthened service delivery and benefited more than 131,000 displaced individuals across the targeted sites",https://app.zitemanager.org/api/v2/generate-presigned-url/?object_key=AlShekh_Ejleen_B_2-12_26_0.jpeg&return_type=file,,,
40561778059762890S,GZA4451,Sheikh Ajlin Camp,https://app.zitemanager.org/#/sites/42705/submission-case-detail/40561778059762890S,2026-05-06,Closed,,abdallahalkurdi123,NRC,Active,,260 - 2600112,Gaza - Ash Sheikh 'Ijleen,2026-05-06,06/05/26,NRC,PRM,2026-04-26,26-04-26,Site Environment Improvements,"Site improvements, Care and Maintenance",,,0,0,0,0,0,0,0,0,,0,,,,,,,,,,"Communal Space Upgrades, Communal Space Upgrades",,communal_space,"Toolkits, Toolkits",,,,,,,1,,0,10875,,0,"Care and Maintenance Tools Distribution Activity was implemented across 30 IDP sites including this site to address the lack of proper tools required for Cash for works and daily site maintenance, especially in flood-prone areas. The sites were facing challenges in digging drainage channels, removing debris, and maintaining safe pathways during rainy conditions, and also during cleaning the pathways in the site . To mitigate these issues, NRC distributed essential tools including shovels, hoes, pickaxes, wheelbarrows, plastic garden combs, and complete toolboxes. These tools enabled site teams and community workers to carry out regular cleaning, soil excavation, and drainage channel construction more effectively. The intervention also improved preparedness for flooding risks and supported safer and more organized site conditions. Overall, the activity strengthened site maintenance capacity and contributed to improving the living environment for IDPs across the targeted sites.",https://app.zitemanager.org/api/v2/generate-presigned-url/?object_key=Shiekh_Igleen_b-12_29_12.jpeg&return_type=file,,,
59261776760517815O,DEB4928,Al-Sikka 1,https://app.zitemanager.org/#/sites/51088/submission-case-detail/59261776760517815O,2026-04-21,Closed,,rafanassar,IOM,Active,BLDA,265 - 26503148,Deir Al-Balah - Al Bureij,2026-04-21,21/04/26,BLDA,PRM,2026-03-29,29-03-26,Community Participation and Representation,Community or Committee Meeting,,,15,11,3,1,30,1,18,12,,30,,,,,,,,,"Programming Specific Meetings (e.g. project inductions, cash for work, etc.)",,,program_specific_meeting,,,,,,,,,,,,,,"Focus Group Discussions (FGDs) were conducted across displacement sites to introduce the project and raise community awareness about the details of work within the sites, including planned activities, implementation mechanisms, and the role of the community in participation and follow-up. The sessions also aimed to collect feedback, identify needs and priorities, and strengthen transparency and communication.

The sessions included a presentation of project objectives and planned activities, followed by interactive discussions with participants to explore challenges and needs within the sites, as well as discussing the risks faced by residents such as safety concerns, lack of services, and environmental conditions. Dedicated sessions were also conducted with women and girls to ensure their perspectives are included in planning and decision-making.

Overall, the sessions demonstrated positive community engagement and a clear willingness to participate in the implementation of activities and improve living conditions within displacement sites.",,,,
40161778656169347Z,GZA4726,Is'ad Al-Tufula Site,https://app.zitemanager.org/#/sites/47183/submission-case-detail/40161778656169347Z,2026-05-13,Closed,,tamara,IOM,Active,ACTED,260 - 2600120,Gaza - Ad Darraj,2026-05-13,13/05/26,ACTED,PRM,2026-05-10,10-05-26,Community Participation and Representation,Community or Committee Meeting,,,9,8,1,0,18,2,10,8,,18,,,,,,,,,"Programming Specific Meetings (e.g. project inductions, cash for work, etc.)",,,program_specific_meeting,,,,,,,,,,,,,,"Site Management (SM) implemented an orientation session on Community-Led Initiatives (CLI) as part of Site Management activities, aiming to promote community participation, ownership, and self-reliance by supporting projects that benefit the wider community rather than individuals. These initiatives contribute to key objectives such as improving safety, social cohesion, environmental conditions, community services, and group-based livelihoods.

The number and budget of initiatives are defined during the project design stage, while their distribution is determined by the SM team based on needs and context, in coordination with other humanitarian actors to avoid duplication. Site committees serve as the main applicants, ensuring inclusive consultations with community members to identify priorities. Diverse and gender-balanced participation, particularly women’s involvement in leadership roles, is strongly encouraged.

During the session, the mechanism for filling out the Community-Led Initiatives application link was also explained, along with guidance on how to answer the questions included in the form to ensure that applications are submitted clearly and correctly.""",,,,
40161778656267366N,GZA4726,Is'ad Al-Tufula Site,https://app.zitemanager.org/#/sites/47183/submission-case-detail/40161778656267366N,2026-05-13,Closed,,tamara,IOM,Active,ACTED,260 - 2600120,Gaza - Ad Darraj,2026-05-13,13/05/26,ACTED,PRM,2026-05-10,10-05-26,Community Participation and Representation,Community or Committee Meeting,,,37,31,0,0,68,3,37,31,,68,,,,,,,,,"Programming Specific Meetings (e.g. project inductions, cash for work, etc.)",,,program_specific_meeting,,,,,,,,,,,,,,"Cash for Work sessions were conducted to explain the activity, registration process, and vulnerability-based beneficiary selection criteria",,,,
59261776760879873J,DEB4684,Al-Amal Aghosh,https://app.zitemanager.org/#/sites/47109/submission-case-detail/59261776760879873J,2026-04-21,Closed,,rafanassar,IOM,Active,BLDA,265 - 26510152,Deir Al-Balah - Deir Al Balah (south),2026-04-21,21/04/26,BLDA,PRM,2026-03-28,27-03-26,Community Participation and Representation,Community or Committee Meeting,,,20,4,3,4,31,0,23,8,,31,,,,,,,,,"Programming Specific Meetings (e.g. project inductions, cash for work, etc.)",,,program_specific_meeting,,,,,,,,,,,,,,"Focus Group Discussions (FGDs) were conducted across displacement sites to introduce the project and raise community awareness about the details of work within the sites, including planned activities, implementation mechanisms, and the role of the community in participation and follow-up. The sessions also aimed to collect feedback, identify needs and priorities, and strengthen transparency and communication.

The sessions included a presentation of project objectives and planned activities, followed by interactive discussions with participants to explore challenges and needs within the sites, as well as discussing the risks faced by residents such as safety concerns, lack of services, and environmental conditions. Dedicated sessions were also conducted with women and girls to ensure their perspectives are included in planning and decision-making.

Overall, the sessions demonstrated positive community engagement and a clear willingness to participate in the implementation of activities and improve living conditions within displacement sites.",,,,
40161778656364728Q,GZA5311,Watan,https://app.zitemanager.org/#/sites/52055/submission-case-detail/40161778656364728Q,2026-05-13,Closed,,tamara,IOM,Active,ACTED,260 - 2600120,Gaza - Ad Darraj,2026-05-13,13/05/26,ACTED,PRM,2026-05-07,07-05-26,Community Participation and Representation,Capacity strengthening for community members,,,6,10,0,0,16,0,6,10,,16,,,,,,,,,,,,,,,,,,,,,,,,,,"The Site Management training session provided participants with an overview of site management principles and practices to ensure safe, dignified, and inclusive living conditions. It introduced the role of the Site Management Committee (SMC) in representing community members and supporting coordination with service providers. The training covered key components including the Terms of Reference (ToR), Code of Conduct (CoC), and the roles and responsibilities of SMC members, emphasizing accountability, community participation, and effective communication. It also highlighted the importance of Gender-Based Violence (GBV) prevention and response, focusing on identifying risks, promoting safe practices, and ensuring appropriate referral mechanisms. It also introduces the CFM. Overall, the training aimed to strengthen participants’ capacity to support effective, protection-focused site management.",,,,
40161778656491950R,GZA5311,Watan,https://app.zitemanager.org/#/sites/52055/submission-case-detail/40161778656491950R,2026-05-13,Closed,,tamara,IOM,Active,ACTED,260 - 2600120,Gaza - Ad Darraj,2026-05-13,13/05/26,ACTED,PRM,2026-05-10,10-05-26,Community Participation and Representation,Community or Committee Meeting,,,9,9,0,0,18,0,9,9,,18,,,,,,,,,"Programming Specific Meetings (e.g. project inductions, cash for work, etc.)",,,program_specific_meeting,,,,,,,,,,,,,,"Site Management (SM) implemented an orientation session on Community-Led Initiatives (CLI) as part of Site Management activities, aiming to promote community participation, ownership, and self-reliance by supporting projects that benefit the wider community rather than individuals. These initiatives contribute to key objectives such as improving safety, social cohesion, environmental conditions, community services, and group-based livelihoods.

The number and budget of initiatives are defined during the project design stage, while their distribution is determined by the SM team based on needs and context, in coordination with other humanitarian actors to avoid duplication. Site committees serve as the main applicants, ensuring inclusive consultations with community members to identify priorities. Diverse and gender-balanced participation, particularly women’s involvement in leadership roles, is strongly encouraged.

During the session, the mechanism for filling out the Community-Led Initiatives application link was also explained, along with guidance on how to answer the questions included in the form to ensure that applications are submitted clearly and correctly.",,,,
40161778656610311M,GZA5311,Watan,https://app.zitemanager.org/#/sites/52055/submission-case-detail/40161778656610311M,2026-05-13,Closed,,tamara,IOM,Active,ACTED,260 - 2600120,Gaza - Ad Darraj,2026-05-13,13/05/26,ACTED,PRM,2026-05-10,10-05-26,Community Participation and Representation,Community or Committee Meeting,,,23,22,3,0,48,3,26,22,,48,,,,,,,,,"Programming Specific Meetings (e.g. project inductions, cash for work, etc.)",,,program_specific_meeting,,,,,,,,,,,,,,"Cash for Work sessions were conducted to explain the activity, registration process, and vulnerability-based beneficiary selection criteria",,,,
40161778656766821D,GZA4441,Ayam Almassrah Site,https://app.zitemanager.org/#/sites/42230/submission-case-detail/40161778656766821D,2026-05-13,Closed,,tamara,ACTED,Active,-,260 - 2600118,Gaza - Northern Remal,2026-05-13,13/05/26,ACTED,PRM,2026-05-10,10-05-26,Community Participation and Representation,Capacity strengthening for community members,,,9,7,0,0,16,1,9,7,,16,,,,,,,,,,,,,,,,,,,,,,,,,,"The Site Management training session provided participants with an overview of site management principles and practices to ensure safe, dignified, and inclusive living conditions. It introduced the role of the Site Management Committee (SMC) in representing community members and supporting coordination with service providers. The training covered key components including the Terms of Reference (ToR), Code of Conduct (CoC), and the roles and responsibilities of SMC members, emphasizing accountability, community participation, and effective communication. It also highlighted the importance of Gender-Based Violence (GBV) prevention and response, focusing on identifying risks, promoting safe practices, and ensuring appropriate referral mechanisms. It also introduces the CFM. Overall, the training aimed to strengthen participants’ capacity to support effective, protection-focused site management.",,,,
40161778656855561J,GZA4441,Ayam Almassrah Site,https://app.zitemanager.org/#/sites/42230/submission-case-detail/40161778656855561J,2026-05-13,Closed,,tamara,ACTED,Active,-,260 - 2600118,Gaza - Northern Remal,2026-05-13,13/05/26,ACTED,PRM,2026-05-10,10-05-26,Community Participation and Representation,Community or Committee Meeting,,,7,6,0,0,13,0,7,6,,13,,,,,,,,,"Programming Specific Meetings (e.g. project inductions, cash for work, etc.)",,,program_specific_meeting,,,,,,,,,,,,,,"Site Management (SM) implemented an orientation session on Community-Led Initiatives (CLI) as part of Site Management activities, aiming to promote community participation, ownership, and self-reliance by supporting projects that benefit the wider community rather than individuals. These initiatives contribute to key objectives such as improving safety, social cohesion, environmental conditions, community services, and group-based livelihoods.

The number and budget of initiatives are defined during the project design stage, while their distribution is determined by the SM team based on needs and context, in coordination with other humanitarian actors to avoid duplication. Site committees serve as the main applicants, ensuring inclusive consultations with community members to identify priorities. Diverse and gender-balanced participation, particularly women’s involvement in leadership roles, is strongly encouraged.

During the session, the mechanism for filling out the Community-Led Initiatives application link was also explained, along with guidance on how to answer the questions included in the form to ensure that applications are submitted clearly and correctly.",,,,
40161778656947054Z,GZA4441,Ayam Almassrah Site,https://app.zitemanager.org/#/sites/42230/submission-case-detail/40161778656947054Z,2026-05-13,Closed,,tamara,ACTED,Active,-,260 - 2600118,Gaza - Northern Remal,2026-05-13,13/05/26,ACTED,PRM,2026-05-10,10-05-26,Community Participation and Representation,Community or Committee Meeting,,,31,52,0,2,85,2,31,54,,85,,,,,,,,,"Programming Specific Meetings (e.g. project inductions, cash for work, etc.)",,,program_specific_meeting,,,,,,,,,,,,,,"Cash for Work sessions were conducted to explain the activity, registration process, and vulnerability-based beneficiary selection criteria",,,,
59261776756413436L,DEB0178,Al-Bukhari,https://app.zitemanager.org/#/sites/43671/submission-case-detail/59261776756413436L,2026-04-21,Closed,,rafanassar,IOM,Active,BLDA,265 - 2651093,Deir Al-Balah - Al Hikr,2026-04-21,21/04/26,BLDA,PRM,2026-03-29,29-03-26,Community Participation and Representation,Community or Committee Meeting,,,14,12,4,0,30,2,18,12,,30,,,,,,,,,"Programming Specific Meetings (e.g. project inductions, cash for work, etc.)",,,program_specific_meeting,,,,,,,,,,,,,,"Focus Group Discussions (FGDs) were conducted across displacement sites to introduce the project and raise community awareness about the details of work within the sites, including planned activities, implementation mechanisms, and the role of the community in participation and follow-up. The sessions also aimed to collect feedback, identify needs and priorities, and strengthen transparency and communication.

The sessions included a presentation of project objectives and planned activities, followed by interactive discussions with participants to explore challenges and needs within the sites, as well as discussing the risks faced by residents such as safety concerns, lack of services, and environmental conditions. Dedicated sessions were also conducted with women and girls to ensure their perspectives are included in planning and decision-making.

Overall, the sessions demonstrated positive community engagement and a clear willingness to participate in the implementation of activities and improve living conditions within displacement sites.",,,,
40161778657072276Z,GZA0391,Palestine Secondary School for Boys Shelter,https://app.zitemanager.org/#/sites/31398/submission-case-detail/40161778657072276Z,2026-05-13,Closed,,tamara,ACTED,Active,,260 - 2600118,Gaza - Northern Remal,2026-05-13,13/05/26,ACTED,PRM,2026-05-11,11-05-26,Community Participation and Representation,Capacity strengthening for community members,,,7,2,0,0,9,0,7,2,,9,,,,,,,,,,,,,,,,,,,,,,,,,,"The Site Management training session provided participants with an overview of site management principles and practices to ensure safe, dignified, and inclusive living conditions. It introduced the role of the Site Management Committee (SMC) in representing community members and supporting coordination with service providers. The training covered key components including the Terms of Reference (ToR), Code of Conduct (CoC), and the roles and responsibilities of SMC members, emphasizing accountability, community participation, and effective communication. It also highlighted the importance of Gender-Based Violence (GBV) prevention and response, focusing on identifying risks, promoting safe practices, and ensuring appropriate referral mechanisms. It also introduces the CFM. Overall, the training aimed to strengthen participants’ capacity to support effective, protection-focused site management.",,,,
40161778657142657E,GZA0391,Palestine Secondary School for Boys Shelter,https://app.zitemanager.org/#/sites/31398/submission-case-detail/40161778657142657E,2026-05-13,Closed,,tamara,ACTED,Active,,260 - 2600118,Gaza - Northern Remal,2026-05-13,13/05/26,ACTED,PRM,2026-05-11,11-05-26,Community Participation and Representation,Community or Committee Meeting,,,7,1,0,0,8,0,7,1,,8,,,,,,,,,"Programming Specific Meetings (e.g. project inductions, cash for work, etc.)",,,program_specific_meeting,,,,,,,,,,,,,,"Site Management (SM) implemented an orientation session on Community-Led Initiatives (CLI) as part of Site Management activities, aiming to promote community participation, ownership, and self-reliance by supporting projects that benefit the wider community rather than individuals. These initiatives contribute to key objectives such as improving safety, social cohesion, environmental conditions, community services, and group-based livelihoods.

The number and budget of initiatives are defined during the project design stage, while their distribution is determined by the SM team based on needs and context, in coordination with other humanitarian actors to avoid duplication. Site committees serve as the main applicants, ensuring inclusive consultations with community members to identify priorities. Diverse and gender-balanced participation, particularly women’s involvement in leadership roles, is strongly encouraged.

During the session, the mechanism for filling out the Community-Led Initiatives application link was also explained, along with guidance on how to answer the questions included in the form to ensure that applications are submitted clearly and correctly.",,,,
40161778657206079K,GZA0391,Palestine Secondary School for Boys Shelter,https://app.zitemanager.org/#/sites/31398/submission-case-detail/40161778657206079K,2026-05-13,Closed,,tamara,ACTED,Active,,260 - 2600118,Gaza - Northern Remal,2026-05-13,13/05/26,ACTED,PRM,2026-05-10,10-05-26,Community Participation and Representation,Community or Committee Meeting,,,20,35,0,0,55,1,20,35,,55,,,,,,,,,"Programming Specific Meetings (e.g. project inductions, cash for work, etc.)",,,program_specific_meeting,,,,,,,,,,,,,,"Cash for Work sessions were conducted to explain the activity, registration process, and vulnerability-based beneficiary selection criteria",,,,
40561778062182056K,GZA4155,Al-Jazeera camp,https://app.zitemanager.org/#/sites/38679/submission-case-detail/40561778062182056K,2026-05-06,Closed,,abdallahalkurdi123,NRC,Active,,260 - 2600120,Gaza - Ad Darraj,2026-05-06,06/05/26,NRC,PRM,2026-04-07,07-04-26,Site Environment Improvements,"Site improvements, Care and Maintenance",,,0,0,0,0,0,0,0,0,,0,,,,,,,,,,"Communal Space Upgrades, Communal Space Upgrades",,communal_space,"No Items, No Items",,,,,,,,,0,1833,,0,"Furniture Distribution (2 Tables, 2 Mats and 9 Chairs per site ) for SMC Activity was implemented to address the lack of proper furniture inside administrative tents across IDP sites, which was affecting communication, coordination, and service delivery. On 7 April 2026, NRC Site Management teams distributed essential furniture to 30 sites across Gaza, the Middle Area, and Khan Younis, including this site. The activity created more organized and dignified spaces for receiving displaced families and conducting daily operations. It also improved complaint handling, referrals, and communication between site management teams and IDPs. In addition, the furnished tents enhanced coordination meetings with community committees and humanitarian partners. Overall, the intervention strengthened service delivery and benefited more than 131,000 displaced individuals across the targeted sites",https://app.zitemanager.org/api/v2/generate-presigned-url/?object_key=WhatsApp_Image_2026-04-09_at_1.47.42_PM-13_9_33.jpeg&return_type=file,,,
40561778062315016L,GZA4155,Al-Jazeera camp,https://app.zitemanager.org/#/sites/38679/submission-case-detail/40561778062315016L,2026-05-06,Closed,,abdallahalkurdi123,NRC,Active,,260 - 2600120,Gaza - Ad Darraj,2026-05-06,06/05/26,NRC,PRM,2026-04-26,26-04-26,Site Environment Improvements,"Site improvements, Care and Maintenance",,,0,0,0,0,0,0,0,0,,0,,,,,,,,,,"Communal Space Upgrades, Communal Space Upgrades",,communal_space,"Toolkits, Toolkits",,,,,,,1,,0,10875,,0,"Care and Maintenance Tools Distribution Activity was implemented across 30 IDP sites including this site to address the lack of proper tools required for Cash for works and daily site maintenance, especially in flood-prone areas. The sites were facing challenges in digging drainage channels, removing debris, and maintaining safe pathways during rainy conditions, and also during cleaning the pathways in the site . To mitigate these issues, NRC distributed essential tools including shovels, hoes, pickaxes, wheelbarrows, plastic garden combs, and complete toolboxes. These tools enabled site teams and community workers to carry out regular cleaning, soil excavation, and drainage channel construction more effectively. The intervention also improved preparedness for flooding risks and supported safer and more organized site conditions. Overall, the activity strengthened site maintenance capacity and contributed to improving the living environment for IDPs across the targeted sites.",https://app.zitemanager.org/api/v2/generate-presigned-url/?object_key=Nadi_AlJazeera-13_11_40.jpeg&return_type=file,,,
40561778062441019Y,GZA4830,Fares 1 Site,https://app.zitemanager.org/#/sites/50110/submission-case-detail/40561778062441019Y,2026-05-06,Closed,,abdallahalkurdi123,NRC,Active,,260 - 2600119,Gaza - Southern Remal,2026-05-06,06/05/26,NRC,PRM,2026-04-07,07-04-26,Site Environment Improvements,"Site improvements, Care and Maintenance",,,0,0,0,0,0,0,0,0,,0,,,,,,,,,,"Communal Space Upgrades, Communal Space Upgrades",,communal_space,"No Items, No Items",,,,,,,,,0,1833,,0,"Furniture Distribution (2 Tables, 2 Mats and 9 Chairs per site ) for SMC Activity was implemented to address the lack of proper furniture inside administrative tents across IDP sites, which was affecting communication, coordination, and service delivery. On 7 April 2026, NRC Site Management teams distributed essential furniture to 30 sites across Gaza, the Middle Area, and Khan Younis, including this site. The activity created more organized and dignified spaces for receiving displaced families and conducting daily operations. It also improved complaint handling, referrals, and communication between site management teams and IDPs. In addition, the furnished tents enhanced coordination meetings with community committees and humanitarian partners. Overall, the intervention strengthened service delivery and benefited more than 131,000 displaced individuals across the targeted sites",https://app.zitemanager.org/api/v2/generate-presigned-url/?object_key=Fares_14_4-13_13_42.jpeg&return_type=file,,,
40561778062532051C,GZA4830,Fares 1 Site,https://app.zitemanager.org/#/sites/50110/submission-case-detail/40561778062532051C,2026-05-06,Closed,,abdallahalkurdi123,NRC,Active,,260 - 2600119,Gaza - Southern Remal,2026-05-06,06/05/26,NRC,PRM,2026-04-26,26-04-26,Site Environment Improvements,"Site improvements, Care and Maintenance",,,0,0,0,0,0,0,0,0,,0,,,,,,,,,,"Communal Space Upgrades, Communal Space Upgrades",,communal_space,"Toolkits, Toolkits",,,,,,,1,,0,10875,,0,"Care and Maintenance Tools Distribution Activity was implemented across 30 IDP sites including this site to address the lack of proper tools required for Cash for works and daily site maintenance, especially in flood-prone areas. The sites were facing challenges in digging drainage channels, removing debris, and maintaining safe pathways during rainy conditions, and also during cleaning the pathways in the site . To mitigate these issues, NRC distributed essential tools including shovels, hoes, pickaxes, wheelbarrows, plastic garden combs, and complete toolboxes. These tools enabled site teams and community workers to carry out regular cleaning, soil excavation, and drainage channel construction more effectively. The intervention also improved preparedness for flooding risks and supported safer and more organized site conditions. Overall, the activity strengthened site maintenance capacity and contributed to improving the living environment for IDPs across the targeted sites.",https://app.zitemanager.org/api/v2/generate-presigned-url/?object_key=Fares_14-13_15_18.jpeg&return_type=file,,,
40561778062735087G,GZA4834,Filastin 2 Site,https://app.zitemanager.org/#/sites/48793/submission-case-detail/40561778062735087G,2026-05-06,Closed,,abdallahalkurdi123,NRC,Active,,260 - 2600113,Gaza - Tal El Hawa,2026-05-06,06/05/26,NRC,PRM,2026-04-07,07-04-26,Site Environment Improvements,"Site improvements, Care and Maintenance",,,0,0,0,0,0,0,0,0,,0,,,,,,,,,,"Communal Space Upgrades, Communal Space Upgrades",,communal_space,"No Items, No Items",,,,,,,,,0,1833,,0,"Furniture Distribution (2 Tables, 2 Mats and 9 Chairs per site ) for SMC Activity was implemented to address the lack of proper furniture inside administrative tents across IDP sites, which was affecting communication, coordination, and service delivery. On 7 April 2026, NRC Site Management teams distributed essential furniture to 30 sites across Gaza, the Middle Area, and Khan Younis, including this site. The activity created more organized and dignified spaces for receiving displaced families and conducting daily operations. It also improved complaint handling, referrals, and communication between site management teams and IDPs. In addition, the furnished tents enhanced coordination meetings with community committees and humanitarian partners. Overall, the intervention strengthened service delivery and benefited more than 131,000 displaced individuals across the targeted sites",https://app.zitemanager.org/api/v2/generate-presigned-url/?object_key=Falestine__3-13_18_38.jpeg&return_type=file,,,
40561778062812008L,GZA4834,Filastin 2 Site,https://app.zitemanager.org/#/sites/48793/submission-case-detail/40561778062812008L,2026-05-06,Closed,,abdallahalkurdi123,NRC,Active,,260 - 2600113,Gaza - Tal El Hawa,2026-05-06,06/05/26,NRC,PRM,2026-04-26,26-04-26,Site Environment Improvements,"Site improvements, Care and Maintenance",,,0,0,0,0,0,0,0,0,,0,,,,,,,,,,"Communal Space Upgrades, Communal Space Upgrades",,communal_space,"Toolkits, Toolkits",,,,,,,1,,0,10875,,0,"Care and Maintenance Tools Distribution Activity was implemented across 30 IDP sites including this site to address the lack of proper tools required for Cash for works and daily site maintenance, especially in flood-prone areas. The sites were facing challenges in digging drainage channels, removing debris, and maintaining safe pathways during rainy conditions, and also during cleaning the pathways in the site . To mitigate these issues, NRC distributed essential tools including shovels, hoes, pickaxes, wheelbarrows, plastic garden combs, and complete toolboxes. These tools enabled site teams and community workers to carry out regular cleaning, soil excavation, and drainage channel construction more effectively. The intervention also improved preparedness for flooding risks and supported safer and more organized site conditions. Overall, the activity strengthened site maintenance capacity and contributed to improving the living environment for IDPs across the targeted sites.",https://app.zitemanager.org/api/v2/generate-presigned-url/?object_key=Falisteen_-13_20_4.jpeg&return_type=file,,,
40561778063029080C,GZA4827,Al-Ameer Site,https://app.zitemanager.org/#/sites/50077/submission-case-detail/40561778063029080C,2026-05-06,Closed,,abdallahalkurdi123,NRC,Active,,260 - 2600112,Gaza - Ash Sheikh 'Ijleen,2026-05-06,06/05/26,NRC,PRM,2026-04-07,07-04-26,Site Environment Improvements,"Site improvements, Care and Maintenance",,,0,0,0,0,0,0,0,0,,0,,,,,,,,,,"Communal Space Upgrades, Communal Space Upgrades",,communal_space,"No Items, No Items",,,,,,,,,0,1833,,0,"Furniture Distribution (2 Tables, 2 Mats and 9 Chairs per site ) for SMC Activity was implemented to address the lack of proper furniture inside administrative tents across IDP sites, which was affecting communication, coordination, and service delivery. On 7 April 2026, NRC Site Management teams distributed essential furniture to 30 sites across Gaza, the Middle Area, and Khan Younis, including this site. The activity created more organized and dignified spaces for receiving displaced families and conducting daily operations. It also improved complaint handling, referrals, and communication between site management teams and IDPs. In addition, the furnished tents enhanced coordination meetings with community committees and humanitarian partners. Overall, the intervention strengthened service delivery and benefited more than 131,000 displaced individuals across the targeted sites",https://app.zitemanager.org/api/v2/generate-presigned-url/?object_key=WhatsApp_Image_2026-04-09_at_3.34.45_PM-13_23_39.jpeg&return_type=file,,,
40561778063148222H,GZA4827,Al-Ameer Site,https://app.zitemanager.org/#/sites/50077/submission-case-detail/40561778063148222H,2026-05-06,Closed,,abdallahalkurdi123,NRC,Active,,260 - 2600112,Gaza - Ash Sheikh 'Ijleen,2026-05-06,06/05/26,NRC,PRM,2026-04-26,26-04-26,Site Environment Improvements,"Site improvements, Care and Maintenance",,,0,0,0,0,0,0,0,0,,0,,,,,,,,,,"Communal Space Upgrades, Communal Space Upgrades",,communal_space,"Toolkits, Toolkits",,,,,,,1,,0,10875,,0,"Care and Maintenance Tools Distribution Activity was implemented across 30 IDP sites including this site to address the lack of proper tools required for Cash for works and daily site maintenance, especially in flood-prone areas. The sites were facing challenges in digging drainage channels, removing debris, and maintaining safe pathways during rainy conditions, and also during cleaning the pathways in the site . To mitigate these issues, NRC distributed essential tools including shovels, hoes, pickaxes, wheelbarrows, plastic garden combs, and complete toolboxes. These tools enabled site teams and community workers to carry out regular cleaning, soil excavation, and drainage channel construction more effectively. The intervention also improved preparedness for flooding risks and supported safer and more organized site conditions. Overall, the activity strengthened site maintenance capacity and contributed to improving the living environment for IDPs across the targeted sites.",https://app.zitemanager.org/api/v2/generate-presigned-url/?object_key=AlAmeer-13_25_40.jpeg&return_type=file,,,
40561778063876288Y,GZA0050,Qasser Al Minaa,https://app.zitemanager.org/#/sites/43649/submission-case-detail/40561778063876288Y,2026-05-06,Closed,,abdallahalkurdi123,NRC,Active,,260 - 2600119,Gaza - Southern Remal,2026-05-06,06/05/26,NRC,PRM,2026-04-07,07-04-26,Site Environment Improvements,"Site improvements, Care and Maintenance",,,0,0,0,0,0,0,0,0,,0,,,,,,,,,,"Communal Space Upgrades, Communal Space Upgrades",,communal_space,"No Items, No Items",,,,,,,,,0,1833,,0,"Furniture Distribution (2 Tables, 2 Mats and 9 Chairs per site ) for SMC Activity was implemented to address the lack of proper furniture inside administrative tents across IDP sites, which was affecting communication, coordination, and service delivery. On 7 April 2026, NRC Site Management teams distributed essential furniture to 30 sites across Gaza, the Middle Area, and Khan Younis, including this site. The activity created more organized and dignified spaces for receiving displaced families and conducting daily operations. It also improved complaint handling, referrals, and communication between site management teams and IDPs. In addition, the furnished tents enhanced coordination meetings with community committees and humanitarian partners. Overall, the intervention strengthened service delivery and benefited more than 131,000 displaced individuals across the targeted sites",https://app.zitemanager.org/api/v2/generate-presigned-url/?object_key=Qasr_AlMena__3-13_37_47.jpeg&return_type=file,,,
40561778064030034P,GZA0050,Qasser Al Minaa,https://app.zitemanager.org/#/sites/43649/submission-case-detail/40561778064030034P,2026-05-06,Closed,,abdallahalkurdi123,NRC,Active,,260 - 2600119,Gaza - Southern Remal,2026-05-06,06/05/26,NRC,PRM,2026-04-26,26-04-26,Site Environment Improvements,"Site improvements, Care and Maintenance",,,0,0,0,0,0,0,0,0,,0,,,,,,,,,,"Communal Space Upgrades, Communal Space Upgrades",,communal_space,"Toolkits, Toolkits",,,,,,,1,,0,10875,,0,"Care and Maintenance Tools Distribution Activity was implemented across 30 IDP sites including this site to address the lack of proper tools required for Cash for works and daily site maintenance, especially in flood-prone areas. The sites were facing challenges in digging drainage channels, removing debris, and maintaining safe pathways during rainy conditions, and also during cleaning the pathways in the site . To mitigate these issues, NRC distributed essential tools including shovels, hoes, pickaxes, wheelbarrows, plastic garden combs, and complete toolboxes. These tools enabled site teams and community workers to carry out regular cleaning, soil excavation, and drainage channel construction more effectively. The intervention also improved preparedness for flooding risks and supported safer and more organized site conditions. Overall, the activity strengthened site maintenance capacity and contributed to improving the living environment for IDPs across the targeted sites.",https://app.zitemanager.org/api/v2/generate-presigned-url/?object_key=Qasr_AlMenA-13_40_19.jpeg&return_type=file,,,
40561778064219035F,KYS0963,Hai Alsalam Site,https://app.zitemanager.org/#/sites/32947/submission-case-detail/40561778064219035F,2026-05-06,Closed,,abdallahalkurdi123,NRC,Active,,270 - 27002105,Khan Younis - At Tahrir,2026-05-06,06/05/26,NRC,PRM,2026-04-07,07-04-26,Site Environment Improvements,"Site improvements, Care and Maintenance",,,0,0,0,0,0,0,0,0,,0,,,,,,,,,,"Communal Space Upgrades, Communal Space Upgrades",,communal_space,"No Items, No Items",,,,,,,,,0,1833,,0,"Furniture Distribution (2 Tables, 2 Mats and 9 Chairs per site ) for SMC Activity was implemented to address the lack of proper furniture inside administrative tents across IDP sites, which was affecting communication, coordination, and service delivery. On 7 April 2026, NRC Site Management teams distributed essential furniture to 30 sites across Gaza, the Middle Area, and Khan Younis, including this site. The activity created more organized and dignified spaces for receiving displaced families and conducting daily operations. It also improved complaint handling, referrals, and communication between site management teams and IDPs. In addition, the furnished tents enhanced coordination meetings with community committees and humanitarian partners. Overall, the intervention strengthened service delivery and benefited more than 131,000 displaced individuals across the targeted sites",https://app.zitemanager.org/api/v2/generate-presigned-url/?object_key=Hai_AlSalam_4-13_43_31.jpeg&return_type=file,,,
40561778064310240G,KYS0963,Hai Alsalam Site,https://app.zitemanager.org/#/sites/32947/submission-case-detail/40561778064310240G,2026-05-06,Closed,,abdallahalkurdi123,NRC,Active,,270 - 27002105,Khan Younis - At Tahrir,2026-05-06,06/05/26,NRC,PRM,2026-04-26,26-04-26,Site Environment Improvements,"Site improvements, Care and Maintenance",,,0,0,0,0,0,0,0,0,,0,,,,,,,,,,"Communal Space Upgrades, Communal Space Upgrades",,communal_space,"Toolkits, Toolkits",,,,,,,1,,0,10875,,0,"Care and Maintenance Tools Distribution Activity was implemented across 30 IDP sites including this site to address the lack of proper tools required for Cash for works and daily site maintenance, especially in flood-prone areas. The sites were facing challenges in digging drainage channels, removing debris, and maintaining safe pathways during rainy conditions, and also during cleaning the pathways in the site . To mitigate these issues, NRC distributed essential tools including shovels, hoes, pickaxes, wheelbarrows, plastic garden combs, and complete toolboxes. These tools enabled site teams and community workers to carry out regular cleaning, soil excavation, and drainage channel construction more effectively. The intervention also improved preparedness for flooding risks and supported safer and more organized site conditions. Overall, the activity strengthened site maintenance capacity and contributed to improving the living environment for IDPs across the targeted sites.",https://app.zitemanager.org/api/v2/generate-presigned-url/?object_key=Hai_AlSalam-13_44_48.jpg&return_type=file,,,
40561778064464150L,KYS4464,Al-Khair Site,https://app.zitemanager.org/#/sites/45606/submission-case-detail/40561778064464150L,2026-05-06,Closed,,abdallahalkurdi123,NRC,Active,,270 - 27002101,Khan Younis - An Naser,2026-05-06,06/05/26,NRC,PRM,2026-04-07,07-04-26,Site Environment Improvements,"Site improvements, Care and Maintenance",,,0,0,0,0,0,0,0,0,,0,,,,,,,,,,"Communal Space Upgrades, Communal Space Upgrades",,communal_space,"No Items, No Items",,,,,,,,,0,1833,,0,"Furniture Distribution (2 Tables, 2 Mats and 9 Chairs per site ) for SMC Activity was implemented to address the lack of proper furniture inside administrative tents across IDP sites, which was affecting communication, coordination, and service delivery. On 7 April 2026, NRC Site Management teams distributed essential furniture to 30 sites across Gaza, the Middle Area, and Khan Younis, including this site. The activity created more organized and dignified spaces for receiving displaced families and conducting daily operations. It also improved complaint handling, referrals, and communication between site management teams and IDPs. In addition, the furnished tents enhanced coordination meetings with community committees and humanitarian partners. Overall, the intervention strengthened service delivery and benefited more than 131,000 displaced individuals across the targeted sites",https://app.zitemanager.org/api/v2/generate-presigned-url/?object_key=Tabria_Alkhair_1-13_47_31.jpeg&return_type=file,,,
40561778064548235G,KYS4464,Al-Khair Site,https://app.zitemanager.org/#/sites/45606/submission-case-detail/40561778064548235G,2026-05-06,Closed,,abdallahalkurdi123,NRC,Active,,270 - 27002101,Khan Younis - An Naser,2026-05-06,06/05/26,NRC,PRM,2026-04-26,26-04-26,Site Environment Improvements,"Site improvements, Care and Maintenance",,,0,0,0,0,0,0,0,0,,0,,,,,,,,,,"Communal Space Upgrades, Communal Space Upgrades",,communal_space,"Toolkits, Toolkits",,,,,,,1,,0,10875,,0,"Care and Maintenance Tools Distribution Activity was implemented across 30 IDP sites including this site to address the lack of proper tools required for Cash for works and daily site maintenance, especially in flood-prone areas. The sites were facing challenges in digging drainage channels, removing debris, and maintaining safe pathways during rainy conditions, and also during cleaning the pathways in the site . To mitigate these issues, NRC distributed essential tools including shovels, hoes, pickaxes, wheelbarrows, plastic garden combs, and complete toolboxes. These tools enabled site teams and community workers to carry out regular cleaning, soil excavation, and drainage channel construction more effectively. The intervention also improved preparedness for flooding risks and supported safer and more organized site conditions. Overall, the activity strengthened site maintenance capacity and contributed to improving the living environment for IDPs across the targeted sites.",https://app.zitemanager.org/api/v2/generate-presigned-url/?object_key=Tabria_AlKhair-13_48_51.jpg&return_type=file,,,
40561778064716229W,KYS3920,Al-Ard Al-tayiba,https://app.zitemanager.org/#/sites/32798/submission-case-detail/40561778064716229W,2026-05-06,Closed,,abdallahalkurdi123,NRC,Active,,270 - 27002105,Khan Younis - At Tahrir,2026-05-06,06/05/26,NRC,PRM,2026-04-07,07-04-26,Site Environment Improvements,"Site improvements, Care and Maintenance",,,0,0,0,0,0,0,0,0,,0,,,,,,,,,,"Communal Space Upgrades, Communal Space Upgrades",,communal_space,"No Items, No Items",,,,,,,,,0,1833,,0,"Furniture Distribution (2 Tables, 2 Mats and 9 Chairs per site ) for SMC Activity was implemented to address the lack of proper furniture inside administrative tents across IDP sites, which was affecting communication, coordination, and service delivery. On 7 April 2026, NRC Site Management teams distributed essential furniture to 30 sites across Gaza, the Middle Area, and Khan Younis, including this site. The activity created more organized and dignified spaces for receiving displaced families and conducting daily operations. It also improved complaint handling, referrals, and communication between site management teams and IDPs. In addition, the furnished tents enhanced coordination meetings with community committees and humanitarian partners. Overall, the intervention strengthened service delivery and benefited more than 131,000 displaced individuals across the targeted sites",https://app.zitemanager.org/api/v2/generate-presigned-url/?object_key=WhatsApp_Image_2026-04-09_at_3.34.45_PM-13_51_47.jpeg&return_type=file,,,
40561778064800315R,KYS3920,Al-Ard Al-tayiba,https://app.zitemanager.org/#/sites/32798/submission-case-detail/40561778064800315R,2026-05-06,Closed,,abdallahalkurdi123,NRC,Active,,270 - 27002105,Khan Younis - At Tahrir,2026-05-06,06/05/26,NRC,PRM,2026-04-26,26-04-26,Site Environment Improvements,"Site improvements, Care and Maintenance",,,0,0,0,0,0,0,0,0,,0,,,,,,,,,,"Communal Space Upgrades, Communal Space Upgrades",,communal_space,"Toolkits, Toolkits",,,,,,,1,,0,10875,,0,"Care and Maintenance Tools Distribution Activity was implemented across 30 IDP sites including this site to address the lack of proper tools required for Cash for works and daily site maintenance, especially in flood-prone areas. The sites were facing challenges in digging drainage channels, removing debris, and maintaining safe pathways during rainy conditions, and also during cleaning the pathways in the site . To mitigate these issues, NRC distributed essential tools including shovels, hoes, pickaxes, wheelbarrows, plastic garden combs, and complete toolboxes. These tools enabled site teams and community workers to carry out regular cleaning, soil excavation, and drainage channel construction more effectively. The intervention also improved preparedness for flooding risks and supported safer and more organized site conditions. Overall, the activity strengthened site maintenance capacity and contributed to improving the living environment for IDPs across the targeted sites.",https://app.zitemanager.org/api/v2/generate-presigned-url/?object_key=AlArf_AlTaiba-13_53_6.jpg&return_type=file,,,
40561778064996206T,KYS4356,Al-Noor (Al-Nakheel),https://app.zitemanager.org/#/sites/39913/submission-case-detail/40561778064996206T,2026-05-06,Closed,,abdallahalkurdi123,NRC,Active,,270 - 27002105,Khan Younis - At Tahrir,2026-05-06,06/05/26,NRC,PRM,2026-04-07,07-04-26,Site Environment Improvements,"Site improvements, Care and Maintenance",,,0,0,0,0,0,0,0,0,,0,,,,,,,,,,"Communal Space Upgrades, Communal Space Upgrades",,communal_space,"No Items, No Items",,,,,,,,,0,1833,,0,"Furniture Distribution (2 Tables, 2 Mats and 9 Chairs per site ) for SMC Activity was implemented to address the lack of proper furniture inside administrative tents across IDP sites, which was affecting communication, coordination, and service delivery. On 7 April 2026, NRC Site Management teams distributed essential furniture to 30 sites across Gaza, the Middle Area, and Khan Younis, including this site. The activity created more organized and dignified spaces for receiving displaced families and conducting daily operations. It also improved complaint handling, referrals, and communication between site management teams and IDPs. In addition, the furnished tents enhanced coordination meetings with community committees and humanitarian partners. Overall, the intervention strengthened service delivery and benefited more than 131,000 displaced individuals across the targeted sites",https://app.zitemanager.org/api/v2/generate-presigned-url/?object_key=Alnoor_Alnakheel_3-13_56_25.jpeg&return_type=file,,,
40561778065073146F,KYS4356,Al-Noor (Al-Nakheel),https://app.zitemanager.org/#/sites/39913/submission-case-detail/40561778065073146F,2026-05-06,Closed,,abdallahalkurdi123,NRC,Active,,270 - 27002105,Khan Younis - At Tahrir,2026-05-06,06/05/26,NRC,PRM,2026-04-26,26-04-26,Site Environment Improvements,"Site improvements, Care and Maintenance",,,0,0,0,0,0,0,0,0,,0,,,,,,,,,,"Communal Space Upgrades, Communal Space Upgrades",,communal_space,"Toolkits, Toolkits",,,,,,,1,,0,10875,,0,"Care and Maintenance Tools Distribution Activity was implemented across 30 IDP sites including this site to address the lack of proper tools required for Cash for works and daily site maintenance, especially in flood-prone areas. The sites were facing challenges in digging drainage channels, removing debris, and maintaining safe pathways during rainy conditions, and also during cleaning the pathways in the site . To mitigate these issues, NRC distributed essential tools including shovels, hoes, pickaxes, wheelbarrows, plastic garden combs, and complete toolboxes. These tools enabled site teams and community workers to carry out regular cleaning, soil excavation, and drainage channel construction more effectively. The intervention also improved preparedness for flooding risks and supported safer and more organized site conditions. Overall, the activity strengthened site maintenance capacity and contributed to improving the living environment for IDPs across the targeted sites.",https://app.zitemanager.org/api/v2/generate-presigned-url/?object_key=AlNour_AlNakhail-13_57_39.jpg&return_type=file,,,
40561778065206172Q,KYS4697,Al-Fajer Site,https://app.zitemanager.org/#/sites/47187/submission-case-detail/40561778065206172Q,2026-05-06,Closed,,abdallahalkurdi123,NRC,Active,,270 - 27002154,Khan Younis - Al Mawasi,2026-05-06,06/05/26,NRC,PRM,2026-04-07,07-04-26,Site Environment Improvements,"Site improvements, Care and Maintenance",,,0,0,0,0,0,0,0,0,,0,,,,,,,,,,"Communal Space Upgrades, Communal Space Upgrades",,communal_space,"No Items, No Items",,,,,,,,,0,1833,,0,"Furniture Distribution (2 Tables, 2 Mats and 9 Chairs per site ) for SMC Activity was implemented to address the lack of proper furniture inside administrative tents across IDP sites, which was affecting communication, coordination, and service delivery. On 7 April 2026, NRC Site Management teams distributed essential furniture to 30 sites across Gaza, the Middle Area, and Khan Younis, including this site. The activity created more organized and dignified spaces for receiving displaced families and conducting daily operations. It also improved complaint handling, referrals, and communication between site management teams and IDPs. In addition, the furnished tents enhanced coordination meetings with community committees and humanitarian partners. Overall, the intervention strengthened service delivery and benefited more than 131,000 displaced individuals across the targeted sites",https://app.zitemanager.org/api/v2/generate-presigned-url/?object_key=AlFajar_1-13_59_56.jpeg&return_type=file,,,
40561778065304484X,KYS4697,Al-Fajer Site,https://app.zitemanager.org/#/sites/47187/submission-case-detail/40561778065304484X,2026-05-06,Closed,,abdallahalkurdi123,NRC,Active,,270 - 27002154,Khan Younis - Al Mawasi,2026-05-06,06/05/26,NRC,PRM,2026-04-26,26-04-26,Site Environment Improvements,"Site improvements, Care and Maintenance",,,0,0,0,0,0,0,0,0,,0,,,,,,,,,,"Communal Space Upgrades, Communal Space Upgrades",,communal_space,"Toolkits, Toolkits",,,,,,,1,,0,10875,,0,"Care and Maintenance Tools Distribution Activity was implemented across 30 IDP sites including this site to address the lack of proper tools required for Cash for works and daily site maintenance, especially in flood-prone areas. The sites were facing challenges in digging drainage channels, removing debris, and maintaining safe pathways during rainy conditions, and also during cleaning the pathways in the site . To mitigate these issues, NRC distributed essential tools including shovels, hoes, pickaxes, wheelbarrows, plastic garden combs, and complete toolboxes. These tools enabled site teams and community workers to carry out regular cleaning, soil excavation, and drainage channel construction more effectively. The intervention also improved preparedness for flooding risks and supported safer and more organized site conditions. Overall, the activity strengthened site maintenance capacity and contributed to improving the living environment for IDPs across the targeted sites.",https://app.zitemanager.org/api/v2/generate-presigned-url/?object_key=AlFajar-14_1_28.jpg&return_type=file,,,
71061777480554945B,GZA4726,Is'ad Al-Tufula Site,https://app.zitemanager.org/#/sites/47183/submission-case-detail/71061777480554945B,2026-05-06,Closed,,abdullah90,IOM,Active,ACTED,260 - 2600120,Gaza - Ad Darraj,2026-04-29,29/04/26,ACTED,PRM,2026-04-27,27-04-26,"Two-Way Information Sharing, Feedback and Complaints",Awareness sessions,,,18,,,,18,0,18,0,No,18,,,,,,,,,,UXOs/Mine Action,,uxos,No Items,,,,,,,,,0,,,,"Risks of unexploded ordnance (UXO), how to recognize potential hazards, follow safety procedures, and take appropriate actions to prevent accidents and ensure worker safety. 	Furthermore, as part of the awareness activities, educational Snake and Ladder games were distributed to children to reinforce key safety messages in an engaging and age-appropriate manner.
This activity was implemented in partnership with MAG International and Save Youth Future Society (SYF).",,,,
71061777480470985B,GZA4726,Is'ad Al-Tufula Site,https://app.zitemanager.org/#/sites/47183/submission-case-detail/71061777480470985B,2026-05-06,Closed,,abdullah90,IOM,Active,ACTED,260 - 2600120,Gaza - Ad Darraj,2026-04-29,29/04/26,ACTED,PRM,2026-04-27,27-04-26,"Two-Way Information Sharing, Feedback and Complaints",Awareness sessions,18,2,,,,,20,0,18,2,No,20,,,,,,,,,,UXOs/Mine Action,,uxos,No Items,,,,,,,,,0,,,,"Risks of unexploded ordnance (UXO), how to recognize potential hazards, follow safety procedures, and take appropriate actions to prevent accidents and ensure worker safety. 	Furthermore, as part of the awareness activities, educational Snake and Ladder games were distributed to children to reinforce key safety messages in an engaging and age-appropriate manner.
This activity was implemented in partnership with MAG International and Save Youth Future Society (SYF).",,,,
71061777479784967N,GZA4726,Is'ad Al-Tufula Site,https://app.zitemanager.org/#/sites/47183/submission-case-detail/71061777479784967N,2026-05-06,Closed,,abdullah90,IOM,Active,ACTED,260 - 2600120,Gaza - Ad Darraj,2026-04-29,29/04/26,ACTED,PRM,2026-04-27,27-04-26,Community Participation and Representation,Community or Committee Meeting,,,10,7,1,0,18,1,11,7,,18,,,,,,,,,"Programming Specific Meetings (e.g. project inductions, cash for work, etc.)",,,program_specific_meeting,,,,,,,,,,,,,,"Risks of unexploded ordnance (UXO), how to recognize potential hazards, follow safety procedures, and take appropriate actions to prevent accidents and ensure worker safety. 	Furthermore, as part of the awareness activities, educational Snake and Ladder games were distributed to children to reinforce key safety messages in an engaging and age-appropriate manner.
This activity was implemented in partnership with MAG International and Save Youth Future Society (SYF).",,,,
71061777481303977L,GZA5311,Watan,https://app.zitemanager.org/#/sites/52055/submission-case-detail/71061777481303977L,2026-05-06,Closed,,abdullah90,IOM,Active,ACTED,260 - 2600120,Gaza - Ad Darraj,2026-04-29,29/04/26,ACTED,PRM,2026-04-27,27-04-26,"Two-Way Information Sharing, Feedback and Complaints",Awareness sessions,,,,23,,2,25,0,0,25,No,25,,,,,,,,,,UXOs/Mine Action,,uxos,No Items,,,,,,,,,0,,,,"Risks of unexploded ordnance (UXO), how to recognize potential hazards, follow safety procedures, and take appropriate actions to prevent accidents and ensure worker safety. 	Furthermore, as part of the awareness activities, educational Snake and Ladder games were distributed to children to reinforce key safety messages in an engaging and age-appropriate manner.
This activity was implemented in partnership with MAG International and Save Youth Future Society (SYF).",,,,
71061777480890969Q,GZA5311,Watan,https://app.zitemanager.org/#/sites/52055/submission-case-detail/71061777480890969Q,2026-05-06,Closed,,abdullah90,IOM,Active,ACTED,260 - 2600120,Gaza - Ad Darraj,2026-04-29,29/04/26,ACTED,PRM,2026-04-27,27-04-26,Community Participation and Representation,Community or Committee Meeting,,,6,3,0,0,9,0,6,3,,9,,,,,,,,,"Programming Specific Meetings (e.g. project inductions, cash for work, etc.)",,,program_specific_meeting,,,,,,,,,,,,,,"Risks of unexploded ordnance (UXO), how to recognize potential hazards, follow safety procedures, and take appropriate actions to prevent accidents and ensure worker safety. 	Furthermore, as part of the awareness activities, educational Snake and Ladder games were distributed to children to reinforce key safety messages in an engaging and age-appropriate manner.
This activity was implemented in partnership with MAG International and Save Youth Future Society (SYF).",,,,
71061777481205971R,GZA5311,Watan,https://app.zitemanager.org/#/sites/52055/submission-case-detail/71061777481205971R,2026-05-06,Closed,,abdullah90,IOM,Active,ACTED,260 - 2600120,Gaza - Ad Darraj,2026-04-29,29/04/26,ACTED,PRM,2026-04-27,27-04-26,"Two-Way Information Sharing, Feedback and Complaints",Awareness sessions,16,11,,,,,27,0,16,11,No,27,,,,,,,,,,UXOs/Mine Action,,uxos,No Items,,,,,,,,,0,,,,"Risks of unexploded ordnance (UXO), how to recognize potential hazards, follow safety procedures, and take appropriate actions to prevent accidents and ensure worker safety. 	Furthermore, as part of the awareness activities, educational Snake and Ladder games were distributed to children to reinforce key safety messages in an engaging and age-appropriate manner.
This activity was implemented in partnership with MAG International and Save Youth Future Society (SYF).",,,,
71061777483439016Q,GZA4441,Ayam Almassrah Site,https://app.zitemanager.org/#/sites/42230/submission-case-detail/71061777483439016Q,2026-05-06,Closed,,abdullah90,ACTED,Active,-,260 - 2600118,Gaza - Northern Remal,2026-04-29,29/04/26,ACTED,PRM,2026-04-28,28-04-26,"Two-Way Information Sharing, Feedback and Complaints",Awareness sessions,,,15,,,,15,0,15,0,No,15,,,,,,,,,,UXOs/Mine Action,,uxos,No Items,,,,,,,,,0,,,,"Risks of unexploded ordnance (UXO), how to recognize potential hazards, follow safety procedures, and take appropriate actions to prevent accidents and ensure worker safety. 	Furthermore, as part of the awareness activities, educational Snake and Ladder games were distributed to children to reinforce key safety messages in an engaging and age-appropriate manner.
This activity was implemented in partnership with MAG International and Save Youth Future Society (SYF).",,,,
71061777483495026F,GZA4441,Ayam Almassrah Site,https://app.zitemanager.org/#/sites/42230/submission-case-detail/71061777483495026F,2026-05-06,Closed,,abdullah90,ACTED,Active,-,260 - 2600118,Gaza - Northern Remal,2026-04-29,29/04/26,ACTED,PRM,2026-04-28,28-04-26,"Two-Way Information Sharing, Feedback and Complaints",Awareness sessions,,,,24,,3,27,0,0,27,No,27,,,,,,,,,,UXOs/Mine Action,,uxos,No Items,,,,,,,,,0,,,,"Risks of unexploded ordnance (UXO), how to recognize potential hazards, follow safety procedures, and take appropriate actions to prevent accidents and ensure worker safety. 	Furthermore, as part of the awareness activities, educational Snake and Ladder games were distributed to children to reinforce key safety messages in an engaging and age-appropriate manner.
This activity was implemented in partnership with MAG International and Save Youth Future Society (SYF).",,,,
40161778657415422F,GZA0393,Amir Al-Mansi School,https://app.zitemanager.org/#/sites/31399/submission-case-detail/40161778657415422F,2026-05-13,Closed,,tamara,ACTED,Active,,260 - 2600118,Gaza - Northern Remal,2026-05-13,13/05/26,ACTED,PRM,2026-05-12,12-05-26,Community Participation and Representation,Capacity strengthening for community members,,,12,3,0,0,15,0,12,3,,15,,,,,,,,,,,,,,,,,,,,,,,,,,"The Site Management training session provided participants with an overview of site management principles and practices to ensure safe, dignified, and inclusive living conditions. It introduced the role of the Site Management Committee (SMC) in representing community members and supporting coordination with service providers. The training covered key components including the Terms of Reference (ToR), Code of Conduct (CoC), and the roles and responsibilities of SMC members, emphasizing accountability, community participation, and effective communication. It also highlighted the importance of Gender-Based Violence (GBV) prevention and response, focusing on identifying risks, promoting safe practices, and ensuring appropriate referral mechanisms. It also introduces the CFM. Overall, the training aimed to strengthen participants’ capacity to support effective, protection-focused site management.",,,,
71061777483390035P,GZA4441,Ayam Almassrah Site,https://app.zitemanager.org/#/sites/42230/submission-case-detail/71061777483390035P,2026-05-06,Closed,,abdullah90,ACTED,Active,-,260 - 2600118,Gaza - Northern Remal,2026-04-29,29/04/26,ACTED,PRM,2026-04-28,28-04-26,"Two-Way Information Sharing, Feedback and Complaints",Awareness sessions,10,10,,,,,20,0,10,10,No,20,,,,,,,,,,UXOs/Mine Action,,uxos,No Items,,,,,,,,,0,,,,"Risks of unexploded ordnance (UXO), how to recognize potential hazards, follow safety procedures, and take appropriate actions to prevent accidents and ensure worker safety. 	Furthermore, as part of the awareness activities, educational Snake and Ladder games were distributed to children to reinforce key safety messages in an engaging and age-appropriate manner.
This activity was implemented in partnership with MAG International and Save Youth Future Society (SYF).",,,,
71061777484245021Y,GZA0391,Palestine Secondary School for Boys Shelter,https://app.zitemanager.org/#/sites/31398/submission-case-detail/71061777484245021Y,2026-05-06,Closed,,abdullah90,ACTED,Active,,260 - 2600118,Gaza - Northern Remal,2026-04-29,29/04/26,ACTED,PRM,2026-04-28,28-04-26,"Two-Way Information Sharing, Feedback and Complaints",Awareness sessions,16,11,,,,,27,0,16,11,No,27,,,,,,,,,,UXOs/Mine Action,,uxos,No Items,,,,,,,,,0,,,,"Risks of unexploded ordnance (UXO), how to recognize potential hazards, follow safety procedures, and take appropriate actions to prevent accidents and ensure worker safety. 	Furthermore, as part of the awareness activities, educational Snake and Ladder games were distributed to children to reinforce key safety messages in an engaging and age-appropriate manner.
This activity was implemented in partnership with MAG International and Save Youth Future Society (SYF).",,,,
71061777484335045M,GZA0391,Palestine Secondary School for Boys Shelter,https://app.zitemanager.org/#/sites/31398/submission-case-detail/71061777484335045M,2026-05-06,Closed,,abdullah90,ACTED,Active,,260 - 2600118,Gaza - Northern Remal,2026-04-29,29/04/26,ACTED,PRM,2026-04-28,28-04-26,"Two-Way Information Sharing, Feedback and Complaints",Awareness sessions,,,18,,,,18,0,18,0,No,18,,,,,,,,,,UXOs/Mine Action,,uxos,No Items,,,,,,,,,0,,,,"Risks of unexploded ordnance (UXO), how to recognize potential hazards, follow safety procedures, and take appropriate actions to prevent accidents and ensure worker safety. 	Furthermore, as part of the awareness activities, educational Snake and Ladder games were distributed to children to reinforce key safety messages in an engaging and age-appropriate manner.
This activity was implemented in partnership with MAG International and Save Youth Future Society (SYF).",,,,
71061777484426040Z,GZA0391,Palestine Secondary School for Boys Shelter,https://app.zitemanager.org/#/sites/31398/submission-case-detail/71061777484426040Z,2026-05-06,Closed,,abdullah90,ACTED,Active,,260 - 2600118,Gaza - Northern Remal,2026-04-29,29/04/26,ACTED,PRM,2026-04-28,28-04-26,"Two-Way Information Sharing, Feedback and Complaints",Awareness sessions,,,,29,,3,32,0,0,32,No,32,,,,,,,,,,UXOs/Mine Action,,uxos,No Items,,,,,,,,,0,,,,"Risks of unexploded ordnance (UXO), how to recognize potential hazards, follow safety procedures, and take appropriate actions to prevent accidents and ensure worker safety. 	Furthermore, as part of the awareness activities, educational Snake and Ladder games were distributed to children to reinforce key safety messages in an engaging and age-appropriate manner.
This activity was implemented in partnership with MAG International and Save Youth Future Society (SYF).",,,,
71061777575497665R,GZA0393,Amir Al-Mansi School,https://app.zitemanager.org/#/sites/31399/submission-case-detail/71061777575497665R,2026-05-06,Closed,,abdullah90,ACTED,Active,,260 - 2600118,Gaza - Northern Remal,2026-04-30,30/04/26,ACTED,PRM,2026-04-29,29-04-26,"Two-Way Information Sharing, Feedback and Complaints",Awareness sessions,,,,19,,1,20,0,0,20,No,20,,,,,,,,,,UXOs/Mine Action,,uxos,No Items,,,,,,,,,0,,,,"Risks of unexploded ordnance (UXO), how to recognize potential hazards, follow safety procedures, and take appropriate actions to prevent accidents and ensure worker safety. 	Furthermore, as part of the awareness activities, educational Snake and Ladder games were distributed to children to reinforce key safety messages in an engaging and age-appropriate manner.
This activity was implemented in partnership with MAG International and Save Youth Future Society (SYF).",,,,
71061777575413651J,GZA0393,Amir Al-Mansi School,https://app.zitemanager.org/#/sites/31399/submission-case-detail/71061777575413651J,2026-05-06,Closed,,abdullah90,ACTED,Active,,260 - 2600118,Gaza - Northern Remal,2026-04-30,30/04/26,ACTED,PRM,2026-04-29,29-04-26,"Two-Way Information Sharing, Feedback and Complaints",Awareness sessions,,,19,,3,,22,0,22,0,No,22,,,,,,,,,,UXOs/Mine Action,,uxos,No Items,,,,,,,,,0,,,,"Risks of unexploded ordnance (UXO), how to recognize potential hazards, follow safety procedures, and take appropriate actions to prevent accidents and ensure worker safety. 	Furthermore, as part of the awareness activities, educational Snake and Ladder games were distributed to children to reinforce key safety messages in an engaging and age-appropriate manner.
This activity was implemented in partnership with MAG International and Save Youth Future Society (SYF).",,,,
71061777575301658W,GZA0393,Amir Al-Mansi School,https://app.zitemanager.org/#/sites/31399/submission-case-detail/71061777575301658W,2026-05-06,Closed,,abdullah90,ACTED,Active,,260 - 2600118,Gaza - Northern Remal,2026-04-30,30/04/26,ACTED,PRM,2026-04-29,29-04-26,"Two-Way Information Sharing, Feedback and Complaints",Awareness sessions,9,12,,,,,21,0,9,12,No,21,,,,,,,,,,UXOs/Mine Action,,uxos,No Items,,,,,,,,,0,,,,"Risks of unexploded ordnance (UXO), how to recognize potential hazards, follow safety procedures, and take appropriate actions to prevent accidents and ensure worker safety. 	Furthermore, as part of the awareness activities, educational Snake and Ladder games were distributed to children to reinforce key safety messages in an engaging and age-appropriate manner.
This activity was implemented in partnership with MAG International and Save Youth Future Society (SYF).",,,,
40561778066305098A,KYS4223,Al-Amal Site,https://app.zitemanager.org/#/sites/39853/submission-case-detail/40561778066305098A,2026-05-06,Closed,,abdallahalkurdi123,NRC,Active,,270 - 27002154,Khan Younis - Al Mawasi,2026-05-06,06/05/26,NRC,PRM,2026-04-07,07-04-26,Site Environment Improvements,"Site improvements, Care and Maintenance",,,0,0,0,0,0,0,0,0,,0,,,,,,,,,,"Communal Space Upgrades, Communal Space Upgrades",,communal_space,"No Items, No Items",,,,,,,,,0,1833,,0,"Furniture Distribution (2 Tables, 2 Mats and 9 Chairs per site ) for SMC Activity was implemented to address the lack of proper furniture inside administrative tents across IDP sites, which was affecting communication, coordination, and service delivery. On 7 April 2026, NRC Site Management teams distributed essential furniture to 30 sites across Gaza, the Middle Area, and Khan Younis, including this site. The activity created more organized and dignified spaces for receiving displaced families and conducting daily operations. It also improved complaint handling, referrals, and communication between site management teams and IDPs. In addition, the furnished tents enhanced coordination meetings with community committees and humanitarian partners. Overall, the intervention strengthened service delivery and benefited more than 131,000 displaced individuals across the targeted sites",https://app.zitemanager.org/api/v2/generate-presigned-url/?object_key=WhatsApp_Image_2026-04-07_at_11.12.06_AM-14_18_9.jpeg&return_type=file,,,
40561778066459319Q,KYS4223,Al-Amal Site,https://app.zitemanager.org/#/sites/39853/submission-case-detail/40561778066459319Q,2026-05-06,Closed,,abdallahalkurdi123,NRC,Active,,270 - 27002154,Khan Younis - Al Mawasi,2026-05-06,06/05/26,NRC,PRM,2026-04-26,26-04-26,Site Environment Improvements,"Site improvements, Care and Maintenance",,,0,0,0,0,0,0,0,0,,0,,,,,,,,,,"Communal Space Upgrades, Communal Space Upgrades",,communal_space,"Toolkits, Toolkits",,,,,,,1,,0,10875,,0,"Care and Maintenance Tools Distribution Activity was implemented across 30 IDP sites including this site to address the lack of proper tools required for Cash for works and daily site maintenance, especially in flood-prone areas. The sites were facing challenges in digging drainage channels, removing debris, and maintaining safe pathways during rainy conditions, and also during cleaning the pathways in the site . To mitigate these issues, NRC distributed essential tools including shovels, hoes, pickaxes, wheelbarrows, plastic garden combs, and complete toolboxes. These tools enabled site teams and community workers to carry out regular cleaning, soil excavation, and drainage channel construction more effectively. The intervention also improved preparedness for flooding risks and supported safer and more organized site conditions. Overall, the activity strengthened site maintenance capacity and contributed to improving the living environment for IDPs across the targeted sites.",https://app.zitemanager.org/api/v2/generate-presigned-url/?object_key=AlAmal-14_20_42.jpg&return_type=file,,,
71061777488094121G,GZA4962,Al-Hayat 2,https://app.zitemanager.org/#/sites/51309/submission-case-detail/71061777488094121G,2026-05-06,Closed,,abdullah90,ACTED,Active,-,260 - 2600118,Gaza - Northern Remal,2026-04-29,29/04/26,ACTED,PRM,2026-04-29,29-04-26,"Two-Way Information Sharing, Feedback and Complaints",Awareness sessions,13,7,,,,,20,0,13,7,No,20,,,,,,,,,,UXOs/Mine Action,,uxos,No Items,,,,,,,,,0,,,,"Risks of unexploded ordnance (UXO), how to recognize potential hazards, follow safety procedures, and take appropriate actions to prevent accidents and ensure worker safety. 	Furthermore, as part of the awareness activities, educational Snake and Ladder games were distributed to children to reinforce key safety messages in an engaging and age-appropriate manner.
This activity was implemented in partnership with MAG International and Save Youth Future Society (SYF).",,,,
71061777488290336L,GZA4962,Al-Hayat 2,https://app.zitemanager.org/#/sites/51309/submission-case-detail/71061777488290336L,2026-05-06,Closed,,abdullah90,ACTED,Active,-,260 - 2600118,Gaza - Northern Remal,2026-04-29,29/04/26,ACTED,PRM,2026-04-29,29-04-26,"Two-Way Information Sharing, Feedback and Complaints",Awareness sessions,,,,20,,,20,0,0,20,No,20,,,,,,,,,,UXOs/Mine Action,,uxos,No Items,,,,,,,,,0,,,,"Risks of unexploded ordnance (UXO), how to recognize potential hazards, follow safety procedures, and take appropriate actions to prevent accidents and ensure worker safety. 	Furthermore, as part of the awareness activities, educational Snake and Ladder games were distributed to children to reinforce key safety messages in an engaging and age-appropriate manner.
This activity was implemented in partnership with MAG International and Save Youth Future Society (SYF).",,,,
71061777488136121C,GZA4962,Al-Hayat 2,https://app.zitemanager.org/#/sites/51309/submission-case-detail/71061777488136121C,2026-05-06,Closed,,abdullah90,ACTED,Active,-,260 - 2600118,Gaza - Northern Remal,2026-04-29,29/04/26,ACTED,PRM,2026-04-29,29-04-26,"Two-Way Information Sharing, Feedback and Complaints",Awareness sessions,,,20,,,,20,0,20,0,No,20,,,,,,,,,,UXOs/Mine Action,,uxos,No Items,,,,,,,,,0,,,,"Risks of unexploded ordnance (UXO), how to recognize potential hazards, follow safety procedures, and take appropriate actions to prevent accidents and ensure worker safety. 	Furthermore, as part of the awareness activities, educational Snake and Ladder games were distributed to children to reinforce key safety messages in an engaging and age-appropriate manner.
This activity was implemented in partnership with MAG International and Save Youth Future Society (SYF).",,,,
40561778066634095X,KYS4348,Al-Hamd 1,https://app.zitemanager.org/#/sites/39910/submission-case-detail/40561778066634095X,2026-05-06,Closed,,abdallahalkurdi123,NRC,Active,,270 - 27002154,Khan Younis - Al Mawasi,2026-05-06,06/05/26,NRC,PRM,2026-04-07,07-04-26,Site Environment Improvements,"Site improvements, Care and Maintenance",,,0,0,0,0,0,0,0,0,,0,,,,,,,,,,"Communal Space Upgrades, Communal Space Upgrades",,communal_space,"No Items, No Items",,,,,,,,,0,1833,,0,"Furniture Distribution (2 Tables, 2 Mats and 9 Chairs per site ) for SMC Activity was implemented to address the lack of proper furniture inside administrative tents across IDP sites, which was affecting communication, coordination, and service delivery. On 7 April 2026, NRC Site Management teams distributed essential furniture to 30 sites across Gaza, the Middle Area, and Khan Younis, including this site. The activity created more organized and dignified spaces for receiving displaced families and conducting daily operations. It also improved complaint handling, referrals, and communication between site management teams and IDPs. In addition, the furnished tents enhanced coordination meetings with community committees and humanitarian partners. Overall, the intervention strengthened service delivery and benefited more than 131,000 displaced individuals across the targeted sites",https://app.zitemanager.org/api/v2/generate-presigned-url/?object_key=WhatsApp_Image_2026-04-07_at_1.12.47_PM_5-14_23_46.jpeg&return_type=file,,,
40561778066732207T,KYS4348,Al-Hamd 1,https://app.zitemanager.org/#/sites/39910/submission-case-detail/40561778066732207T,2026-05-06,Closed,,abdallahalkurdi123,NRC,Active,,270 - 27002154,Khan Younis - Al Mawasi,2026-05-06,06/05/26,NRC,PRM,2026-04-26,26-04-26,Site Environment Improvements,"Site improvements, Care and Maintenance",,,0,0,0,0,0,0,0,0,,0,,,,,,,,,,"Communal Space Upgrades, Communal Space Upgrades",,communal_space,"Toolkits, Toolkits",,,,,,,1,,0,10875,,0,"Care and Maintenance Tools Distribution Activity was implemented across 30 IDP sites including this site to address the lack of proper tools required for Cash for works and daily site maintenance, especially in flood-prone areas. The sites were facing challenges in digging drainage channels, removing debris, and maintaining safe pathways during rainy conditions, and also during cleaning the pathways in the site . To mitigate these issues, NRC distributed essential tools including shovels, hoes, pickaxes, wheelbarrows, plastic garden combs, and complete toolboxes. These tools enabled site teams and community workers to carry out regular cleaning, soil excavation, and drainage channel construction more effectively. The intervention also improved preparedness for flooding risks and supported safer and more organized site conditions. Overall, the activity strengthened site maintenance capacity and contributed to improving the living environment for IDPs across the targeted sites.",https://app.zitemanager.org/api/v2/generate-presigned-url/?object_key=AlHamad-14_25_18.jpg&return_type=file,,,
71061778066850949A,GZA4726,Is'ad Al-Tufula Site,https://app.zitemanager.org/#/sites/47183/submission-case-detail/71061778066850949A,2026-05-06,Closed,,abdullah90,IOM,Active,ACTED,260 - 2600120,Gaza - Ad Darraj,2026-05-06,06/05/26,ACTED,PRM,2026-05-06,06-05-26,Community Participation and Representation,Capacity strengthening for community members,,,10,8,1,0,19,2,11,8,,19,,,,,,,,,,,,,,,,,,,,,,,,,,"The Site Management training session provided participants with an overview of site management principles and practices to ensure safe, dignified, and inclusive living conditions. It introduced the role of the Site Management Committee (SMC) in representing community members and supporting coordination with service providers.
The training covered key components including the Terms of Reference (ToR), Code of Conduct (CoC), and the roles and responsibilities of SMC members, emphasizing accountability, community participation, and effective communication.
It also highlighted the importance of Gender-Based Violence (GBV) prevention and response, focusing on identifying risks, promoting safe practices, and ensuring appropriate referral mechanisms. It also introduces the CFM.
Overall, the training aimed to strengthen participants’ capacity to support effective, protection-focused site management.",,,,
40561778066949120Y,KYS2041,Safad Camp,https://app.zitemanager.org/#/sites/31954/submission-case-detail/40561778066949120Y,2026-05-06,Closed,,abdallahalkurdi123,NRC,Active,,270 - 27002105,Khan Younis - At Tahrir,2026-05-06,06/05/26,NRC,PRM,2026-04-07,07-04-26,Site Environment Improvements,"Site improvements, Care and Maintenance",,,0,0,0,0,0,0,0,0,,0,,,,,,,,,,"Communal Space Upgrades, Communal Space Upgrades",,communal_space,"No Items, No Items",,,,,,,,,0,1833,,0,"Furniture Distribution (2 Tables, 2 Mats and 9 Chairs per site ) for SMC Activity was implemented to address the lack of proper furniture inside administrative tents across IDP sites, which was affecting communication, coordination, and service delivery. On 7 April 2026, NRC Site Management teams distributed essential furniture to 30 sites across Gaza, the Middle Area, and Khan Younis, including this site. The activity created more organized and dignified spaces for receiving displaced families and conducting daily operations. It also improved complaint handling, referrals, and communication between site management teams and IDPs. In addition, the furnished tents enhanced coordination meetings with community committees and humanitarian partners. Overall, the intervention strengthened service delivery and benefited more than 131,000 displaced individuals across the targeted sites",https://app.zitemanager.org/api/v2/generate-presigned-url/?object_key=Safad_4_1-14_28_55.jpeg&return_type=file,,,
40561778067082248R,KYS2041,Safad Camp,https://app.zitemanager.org/#/sites/31954/submission-case-detail/40561778067082248R,2026-05-06,Closed,,abdallahalkurdi123,NRC,Active,,270 - 27002105,Khan Younis - At Tahrir,2026-05-06,06/05/26,NRC,PRM,2026-04-26,26-04-26,Site Environment Improvements,"Site improvements, Care and Maintenance",,,0,0,0,0,0,0,0,0,,0,,,,,,,,,,"Communal Space Upgrades, Communal Space Upgrades",,communal_space,"Toolkits, Toolkits",,,,,,,1,,0,10875,,0,"Care and Maintenance Tools Distribution Activity was implemented across 30 IDP sites including this site to address the lack of proper tools required for Cash for works and daily site maintenance, especially in flood-prone areas. The sites were facing challenges in digging drainage channels, removing debris, and maintaining safe pathways during rainy conditions, and also during cleaning the pathways in the site . To mitigate these issues, NRC distributed essential tools including shovels, hoes, pickaxes, wheelbarrows, plastic garden combs, and complete toolboxes. These tools enabled site teams and community workers to carry out regular cleaning, soil excavation, and drainage channel construction more effectively. The intervention also improved preparedness for flooding risks and supported safer and more organized site conditions. Overall, the activity strengthened site maintenance capacity and contributed to improving the living environment for IDPs across the targeted sites.",https://app.zitemanager.org/api/v2/generate-presigned-url/?object_key=Safad-14_31_9.jpg&return_type=file,,,
40561778067222053W,KYS4428,Al-Heria Site,https://app.zitemanager.org/#/sites/43046/submission-case-detail/40561778067222053W,2026-05-06,Closed,,abdallahalkurdi123,NRC,Active,,270 - 27002105,Khan Younis - At Tahrir,2026-05-06,06/05/26,NRC,PRM,2026-04-07,07-04-26,Site Environment Improvements,"Site improvements, Care and Maintenance",,,0,0,0,0,0,0,0,0,,0,,,,,,,,,,"Communal Space Upgrades, Communal Space Upgrades",,communal_space,"No Items, No Items",,,,,,,,,0,1833,,0,"Furniture Distribution (2 Tables, 2 Mats and 9 Chairs per site ) for SMC Activity was implemented to address the lack of proper furniture inside administrative tents across IDP sites, which was affecting communication, coordination, and service delivery. On 7 April 2026, NRC Site Management teams distributed essential furniture to 30 sites across Gaza, the Middle Area, and Khan Younis, including this site. The activity created more organized and dignified spaces for receiving displaced families and conducting daily operations. It also improved complaint handling, referrals, and communication between site management teams and IDPs. In addition, the furnished tents enhanced coordination meetings with community committees and humanitarian partners. Overall, the intervention strengthened service delivery and benefited more than 131,000 displaced individuals across the targeted sites",https://app.zitemanager.org/api/v2/generate-presigned-url/?object_key=AlHoria_KH_1-14_33_26.jpeg&return_type=file,,,
71061777481128969Q,GZA5311,Watan,https://app.zitemanager.org/#/sites/52055/submission-case-detail/71061777481128969Q,2026-05-06,Closed,,abdullah90,IOM,Active,ACTED,260 - 2600120,Gaza - Ad Darraj,2026-04-29,29/04/26,ACTED,PRM,2026-04-16,16-04-26,Site Service Coordination and Monitoring,Safety Audits,,,,,,,,,0,0,,1,,,,,,,,No,,,,,,,,,,,,,,,,,,"FGD  – Women > 50 Year
The discussion guide examines the roles and responsibilities of women within the community, comparing current conditions with the period before the crisis. It explores daily life, lived experiences, and levels of independence, including reliance on others for routine activities.
It also investigates access to food, non-food items, and essential services, focusing on how resources are obtained, controlled, and whether women have equitable access and decision-making power over their use. Special attention is given to physical accessibility of key facilities such as latrines, water points, health centers, and distribution sites, as well as challenges faced during service access.
The questions assess awareness of complaint and feedback mechanisms in cases of unequal access, and identify the most vulnerable groups in the community along with the underlying causes of their vulnerability.
Furthermore, the guide explores the priority needs of women, their participation in community activities, and the extent of their roles and influence in decision-making processes. It evaluates their representation within community leadership structures and gathers suggestions for improving their inclusion and advocacy.
Barriers preventing women from expressing their concerns are highlighted, alongside potential mechanisms to enhance their participation. The role of men and boys in supporting women’s involvement in decision-making is also examined.
Finally, the discussion addresses safety and protection concerns, including unsafe locations, risks faced by women, emergency preparedness, and access to support systems. It also gathers recommendations for creating a safer, more inclusive, and enabling environment for women in the community.",,,,
71061777481093978K,GZA5311,Watan,https://app.zitemanager.org/#/sites/52055/submission-case-detail/71061777481093978K,2026-05-06,Closed,,abdullah90,IOM,Active,ACTED,260 - 2600120,Gaza - Ad Darraj,2026-04-29,29/04/26,ACTED,PRM,2026-04-16,16-04-26,Site Service Coordination and Monitoring,Safety Audits,,,,,,,,,0,0,,1,,,,,,,,No,,,,,,,,,,,,,,,,,,"FGD  – Women (18-54) Year
The discussion guide examines the roles and responsibilities of women within the community, comparing current conditions with the period before the crisis. It explores daily life, lived experiences, and levels of independence, including reliance on others for routine activities.
It also investigates access to food, non-food items, and essential services, focusing on how resources are obtained, controlled, and whether women have equitable access and decision-making power over their use. Special attention is given to physical accessibility of key facilities such as latrines, water points, health centers, and distribution sites, as well as challenges faced during service access.
The questions assess awareness of complaint and feedback mechanisms in cases of unequal access, and identify the most vulnerable groups in the community along with the underlying causes of their vulnerability.
Furthermore, the guide explores the priority needs of women, their participation in community activities, and the extent of their roles and influence in decision-making processes. It evaluates their representation within community leadership structures and gathers suggestions for improving their inclusion and advocacy.
Barriers preventing women from expressing their concerns are highlighted, alongside potential mechanisms to enhance their participation. The role of men and boys in supporting women’s involvement in decision-making is also examined.
Finally, the discussion addresses safety and protection concerns, including unsafe locations, risks faced by women, emergency preparedness, and access to support systems. It also gathers recommendations for creating a safer, more inclusive, and enabling environment for women in the community.",,,,
71061777481051970J,GZA5311,Watan,https://app.zitemanager.org/#/sites/52055/submission-case-detail/71061777481051970J,2026-05-06,Closed,,abdullah90,IOM,Active,ACTED,260 - 2600120,Gaza - Ad Darraj,2026-04-29,29/04/26,ACTED,PRM,2026-04-16,16-04-26,Site Service Coordination and Monitoring,Safety Audits,,,,,,,,,0,0,,1,,,,,,,,Yes,,,,,,,,,,,,,,,,,,"FGD  – Men and Persons with Disabilities (PwDs)
The discussion guide explores the roles, experiences, and challenges faced by men and persons with disabilities (PwDs) in the community, both before and during the current crisis. It examines changes in daily responsibilities, levels of independence, and reliance on others for basic activities.
It also focuses on access to food, non-food items, and essential services, including how these resources are distributed, controlled, and whether access is equitable. Particular attention is given to barriers faced by PwDs in accessing facilities such as water points, latrines, health centers, and distribution sites.
The questions assess awareness of complaint and feedback mechanisms in cases of inequality, and identify the most vulnerable groups within the community, along with the key protection risks faced by men and boys.
Additionally, the guide explores priority needs of men and PwDs, their participation in community activities, and their roles in decision-making processes. It examines the extent to which they are represented in community leadership structures and how decisions impact vulnerable groups.
Barriers to participation and voicing concerns are highlighted, alongside existing or potential mechanisms that could enhance inclusion and representation. The discussion also addresses psychosocial pressures on men, particularly related to providing for their families.
Finally, the questions investigate safety concerns, including unsafe locations, emergency preparedness, and main protection risks. They explore available support systems, reporting mechanisms, and recommendations for creating a safer and more inclusive environment for men and PwDs.",,,,
40561778067446278V,KYS4428,Al-Heria Site,https://app.zitemanager.org/#/sites/43046/submission-case-detail/40561778067446278V,2026-05-06,Closed,,abdallahalkurdi123,NRC,Active,,270 - 27002105,Khan Younis - At Tahrir,2026-05-06,06/05/26,NRC,PRM,2026-04-26,26-04-26,Site Environment Improvements,"Site improvements, Care and Maintenance",,,0,0,0,0,0,0,0,0,,0,,,,,,,,,,"Communal Space Upgrades, Communal Space Upgrades",,communal_space,"Toolkits, Toolkits",,,,,,,1,,0,10875,,0,"Care and Maintenance Tools Distribution Activity was implemented across 30 IDP sites including this site to address the lack of proper tools required for Cash for works and daily site maintenance, especially in flood-prone areas. The sites were facing challenges in digging drainage channels, removing debris, and maintaining safe pathways during rainy conditions, and also during cleaning the pathways in the site . To mitigate these issues, NRC distributed essential tools including shovels, hoes, pickaxes, wheelbarrows, plastic garden combs, and complete toolboxes. These tools enabled site teams and community workers to carry out regular cleaning, soil excavation, and drainage channel construction more effectively. The intervention also improved preparedness for flooding risks and supported safer and more organized site conditions. Overall, the activity strengthened site maintenance capacity and contributed to improving the living environment for IDPs across the targeted sites.",https://app.zitemanager.org/api/v2/generate-presigned-url/?object_key=Alhoria-14_35_12.jpg&return_type=file,,,
40561778067628099K,KYS4438,Al-Sawaid Site,https://app.zitemanager.org/#/sites/43619/submission-case-detail/40561778067628099K,2026-05-06,Closed,,abdallahalkurdi123,NRC,Active,,270 - 27002105,Khan Younis - At Tahrir,2026-05-06,06/05/26,NRC,PRM,2026-04-07,07-04-26,Site Environment Improvements,"Site improvements, Care and Maintenance",,,0,0,0,0,0,0,0,0,,0,,,,,,,,,,"Communal Space Upgrades, Communal Space Upgrades",,communal_space,"No Items, No Items",,,,,,,,,0,1833,,0,"Furniture Distribution (2 Tables, 2 Mats and 9 Chairs per site ) for SMC Activity was implemented to address the lack of proper furniture inside administrative tents across IDP sites, which was affecting communication, coordination, and service delivery. On 7 April 2026, NRC Site Management teams distributed essential furniture to 30 sites across Gaza, the Middle Area, and Khan Younis, including this site. The activity created more organized and dignified spaces for receiving displaced families and conducting daily operations. It also improved complaint handling, referrals, and communication between site management teams and IDPs. In addition, the furnished tents enhanced coordination meetings with community committees and humanitarian partners. Overall, the intervention strengthened service delivery and benefited more than 131,000 displaced individuals across the targeted sites",https://app.zitemanager.org/api/v2/generate-presigned-url/?object_key=Sawaed-14_40_12.jpeg&return_type=file,,,
40161778657521186A,GZA0393,Amir Al-Mansi School,https://app.zitemanager.org/#/sites/31399/submission-case-detail/40161778657521186A,2026-05-13,Closed,,tamara,ACTED,Active,,260 - 2600118,Gaza - Northern Remal,2026-05-13,13/05/26,ACTED,PRM,2026-05-11,11-05-26,Community Participation and Representation,Community or Committee Meeting,,,3,1,0,0,4,0,3,1,,4,,,,,,,,,"Programming Specific Meetings (e.g. project inductions, cash for work, etc.)",,,program_specific_meeting,,,,,,,,,,,,,,"Site Management (SM) implemented an orientation session on Community-Led Initiatives (CLI) as part of Site Management activities, aiming to promote community participation, ownership, and self-reliance by supporting projects that benefit the wider community rather than individuals. These initiatives contribute to key objectives such as improving safety, social cohesion, environmental conditions, community services, and group-based livelihoods.

The number and budget of initiatives are defined during the project design stage, while their distribution is determined by the SM team based on needs and context, in coordination with other humanitarian actors to avoid duplication. Site committees serve as the main applicants, ensuring inclusive consultations with community members to identify priorities. Diverse and gender-balanced participation, particularly women’s involvement in leadership roles, is strongly encouraged.

During the session, the mechanism for filling out the Community-Led Initiatives application link was also explained, along with guidance on how to answer the questions included in the form to ensure that applications are submitted clearly and correctly.",,,,
71061777485931091V,GZA3314,Al Amal college,https://app.zitemanager.org/#/sites/32508/submission-case-detail/71061777485931091V,2026-05-06,Closed,,abdullah90,ACTED,Active,,260 - 2600118,Gaza - Northern Remal,2026-04-29,29/04/26,ACTED,PRM,2026-04-19,19-04-26,Site Service Coordination and Monitoring,Safety Audits,,,,,,,,,0,0,,1,,,,,,,,No,,,,,,,,,,,,,,,,,,"FGD  – Women > 50 Year
The discussion guide examines the roles and responsibilities of women within the community, comparing current conditions with the period before the crisis. It explores daily life, lived experiences, and levels of independence, including reliance on others for routine activities.
It also investigates access to food, non-food items, and essential services, focusing on how resources are obtained, controlled, and whether women have equitable access and decision-making power over their use. Special attention is given to physical accessibility of key facilities such as latrines, water points, health centers, and distribution sites, as well as challenges faced during service access.
The questions assess awareness of complaint and feedback mechanisms in cases of unequal access, and identify the most vulnerable groups in the community along with the underlying causes of their vulnerability.
Furthermore, the guide explores the priority needs of women, their participation in community activities, and the extent of their roles and influence in decision-making processes. It evaluates their representation within community leadership structures and gathers suggestions for improving their inclusion and advocacy.
Barriers preventing women from expressing their concerns are highlighted, alongside potential mechanisms to enhance their participation. The role of men and boys in supporting women’s involvement in decision-making is also examined.
Finally, the discussion addresses safety and protection concerns, including unsafe locations, risks faced by women, emergency preparedness, and access to support systems. It also gathers recommendations for creating a safer, more inclusive, and enabling environment for women in the community.",,,,
71061777485910064M,GZA3314,Al Amal college,https://app.zitemanager.org/#/sites/32508/submission-case-detail/71061777485910064M,2026-05-06,Closed,,abdullah90,ACTED,Active,,260 - 2600118,Gaza - Northern Remal,2026-04-29,29/04/26,ACTED,PRM,2026-04-19,19-04-26,Site Service Coordination and Monitoring,Safety Audits,,,,,,,,,0,0,,1,,,,,,,,No,,,,,,,,,,,,,,,,,,"FGD  – Women (18-54) Year
The discussion guide examines the roles and responsibilities of women within the community, comparing current conditions with the period before the crisis. It explores daily life, lived experiences, and levels of independence, including reliance on others for routine activities.
It also investigates access to food, non-food items, and essential services, focusing on how resources are obtained, controlled, and whether women have equitable access and decision-making power over their use. Special attention is given to physical accessibility of key facilities such as latrines, water points, health centers, and distribution sites, as well as challenges faced during service access.
The questions assess awareness of complaint and feedback mechanisms in cases of unequal access, and identify the most vulnerable groups in the community along with the underlying causes of their vulnerability.
Furthermore, the guide explores the priority needs of women, their participation in community activities, and the extent of their roles and influence in decision-making processes. It evaluates their representation within community leadership structures and gathers suggestions for improving their inclusion and advocacy.
Barriers preventing women from expressing their concerns are highlighted, alongside potential mechanisms to enhance their participation. The role of men and boys in supporting women’s involvement in decision-making is also examined.
Finally, the discussion addresses safety and protection concerns, including unsafe locations, risks faced by women, emergency preparedness, and access to support systems. It also gathers recommendations for creating a safer, more inclusive, and enabling environment for women in the community.",,,,
40561778067713381K,KYS4438,Al-Sawaid Site,https://app.zitemanager.org/#/sites/43619/submission-case-detail/40561778067713381K,2026-05-06,Closed,,abdallahalkurdi123,NRC,Active,,270 - 27002105,Khan Younis - At Tahrir,2026-05-06,06/05/26,NRC,PRM,2026-04-26,26-04-26,Site Environment Improvements,"Site improvements, Care and Maintenance",,,0,0,0,0,0,0,0,0,,0,,,,,,,,,,"Communal Space Upgrades, Communal Space Upgrades",,communal_space,"Toolkits, Toolkits",,,,,,,1,,0,10875,,0,"Care and Maintenance Tools Distribution Activity was implemented across 30 IDP sites including this site to address the lack of proper tools required for Cash for works and daily site maintenance, especially in flood-prone areas. The sites were facing challenges in digging drainage channels, removing debris, and maintaining safe pathways during rainy conditions, and also during cleaning the pathways in the site . To mitigate these issues, NRC distributed essential tools including shovels, hoes, pickaxes, wheelbarrows, plastic garden combs, and complete toolboxes. These tools enabled site teams and community workers to carry out regular cleaning, soil excavation, and drainage channel construction more effectively. The intervention also improved preparedness for flooding risks and supported safer and more organized site conditions. Overall, the activity strengthened site maintenance capacity and contributed to improving the living environment for IDPs across the targeted sites.",https://app.zitemanager.org/api/v2/generate-presigned-url/?object_key=Sawaed-14_41_31.jpg&return_type=file,,,
71061777485637160O,GZA3314,Al Amal college,https://app.zitemanager.org/#/sites/32508/submission-case-detail/71061777485637160O,2026-05-06,Closed,,abdullah90,ACTED,Active,,260 - 2600118,Gaza - Northern Remal,2026-04-29,29/04/26,ACTED,PRM,2026-04-19,19-04-26,Site Service Coordination and Monitoring,Safety Audits,,,,,,,,,0,0,,1,,,,,,,,No,,,,,,,,,,,,,,,,,,"FGD  – Men and Persons with Disabilities (PwDs)
The discussion guide explores the roles, experiences, and challenges faced by men and persons with disabilities (PwDs) in the community, both before and during the current crisis. It examines changes in daily responsibilities, levels of independence, and reliance on others for basic activities.
It also focuses on access to food, non-food items, and essential services, including how these resources are distributed, controlled, and whether access is equitable. Particular attention is given to barriers faced by PwDs in accessing facilities such as water points, latrines, health centers, and distribution sites.
The questions assess awareness of complaint and feedback mechanisms in cases of inequality, and identify the most vulnerable groups within the community, along with the key protection risks faced by men and boys.
Additionally, the guide explores priority needs of men and PwDs, their participation in community activities, and their roles in decision-making processes. It examines the extent to which they are represented in community leadership structures and how decisions impact vulnerable groups.
Barriers to participation and voicing concerns are highlighted, alongside existing or potential mechanisms that could enhance inclusion and representation. The discussion also addresses psychosocial pressures on men, particularly related to providing for their families.
Finally, the questions investigate safety concerns, including unsafe locations, emergency preparedness, and main protection risks. They explore available support systems, reporting mechanisms, and recommendations for creating a safer and more inclusive environment for men and PwDs.",,,,
5751776862461189E,KYS1156,Noor Al Salam,https://app.zitemanager.org/#/sites/31578/submission-case-detail/5751776862461189E,2026-04-22,Closed,,harresyakubi,IOM,Active,PHC,270 - 27002154,Khan Younis - Al Mawasi,2026-04-22,22/04/26,PHC,ECHO,2025-11-12,12-11-25,Site Environment Improvements,Site Improvement Plans,,,,,,,,,0,0,,1,,,,,,,,,,,,,,,,,,,,,,,,,,"Uploaded by HY, IOM via direct email from PHC",,,,https://app.zitemanager.org/api/v2/generate-presigned-url/?object_key=SIP___Nour_al_Salam-15_53_57.pdf&return_type=file
71061777486211058W,GZA4124,Housing the building of the Insurance and Pensions Authority,https://app.zitemanager.org/#/sites/38245/submission-case-detail/71061777486211058W,2026-05-06,Closed,,abdullah90,ACTED,Active,,260 - 2600118,Gaza - Northern Remal,2026-04-29,29/04/26,ACTED,PRM,2026-04-20,20-04-26,Site Service Coordination and Monitoring,Safety Audits,,,,,,,,,0,0,,1,,,,,,,,No,,,,,,,,,,,,,,,,,,"FGD  – Men and Persons with Disabilities (PwDs)
The discussion guide explores the roles, experiences, and challenges faced by men and persons with disabilities (PwDs) in the community, both before and during the current crisis. It examines changes in daily responsibilities, levels of independence, and reliance on others for basic activities.
It also focuses on access to food, non-food items, and essential services, including how these resources are distributed, controlled, and whether access is equitable. Particular attention is given to barriers faced by PwDs in accessing facilities such as water points, latrines, health centers, and distribution sites.
The questions assess awareness of complaint and feedback mechanisms in cases of inequality, and identify the most vulnerable groups within the community, along with the key protection risks faced by men and boys.
Additionally, the guide explores priority needs of men and PwDs, their participation in community activities, and their roles in decision-making processes. It examines the extent to which they are represented in community leadership structures and how decisions impact vulnerable groups.
Barriers to participation and voicing concerns are highlighted, alongside existing or potential mechanisms that could enhance inclusion and representation. The discussion also addresses psychosocial pressures on men, particularly related to providing for their families.
Finally, the questions investigate safety concerns, including unsafe locations, emergency preparedness, and main protection risks. They explore available support systems, reporting mechanisms, and recommendations for creating a safer and more inclusive environment for men and PwDs.",,,,
71061777486239287V,GZA4124,Housing the building of the Insurance and Pensions Authority,https://app.zitemanager.org/#/sites/38245/submission-case-detail/71061777486239287V,2026-05-06,Closed,,abdullah90,ACTED,Active,,260 - 2600118,Gaza - Northern Remal,2026-04-29,29/04/26,ACTED,PRM,2026-04-27,27-04-26,Site Service Coordination and Monitoring,Safety Audits,,,,,,,,,0,0,,1,,,,,,,,No,,,,,,,,,,,,,,,,,,"FGD  – Women (18-54) Year
The discussion guide examines the roles and responsibilities of women within the community, comparing current conditions with the period before the crisis. It explores daily life, lived experiences, and levels of independence, including reliance on others for routine activities.
It also investigates access to food, non-food items, and essential services, focusing on how resources are obtained, controlled, and whether women have equitable access and decision-making power over their use. Special attention is given to physical accessibility of key facilities such as latrines, water points, health centers, and distribution sites, as well as challenges faced during service access.
The questions assess awareness of complaint and feedback mechanisms in cases of unequal access, and identify the most vulnerable groups in the community along with the underlying causes of their vulnerability.
Furthermore, the guide explores the priority needs of women, their participation in community activities, and the extent of their roles and influence in decision-making processes. It evaluates their representation within community leadership structures and gathers suggestions for improving their inclusion and advocacy.
Barriers preventing women from expressing their concerns are highlighted, alongside potential mechanisms to enhance their participation. The role of men and boys in supporting women’s involvement in decision-making is also examined.
Finally, the discussion addresses safety and protection concerns, including unsafe locations, risks faced by women, emergency preparedness, and access to support systems. It also gathers recommendations for creating a safer, more inclusive, and enabling environment for women in the community.",,,,
71061777486260089X,GZA4124,Housing the building of the Insurance and Pensions Authority,https://app.zitemanager.org/#/sites/38245/submission-case-detail/71061777486260089X,2026-05-06,Closed,,abdullah90,ACTED,Active,,260 - 2600118,Gaza - Northern Remal,2026-04-29,29/04/26,ACTED,PRM,2026-04-27,27-04-26,Site Service Coordination and Monitoring,Safety Audits,,,,,,,,,0,0,,1,,,,,,,,No,,,,,,,,,,,,,,,,,,"FGD  – Women > 50 Year
The discussion guide examines the roles and responsibilities of women within the community, comparing current conditions with the period before the crisis. It explores daily life, lived experiences, and levels of independence, including reliance on others for routine activities.
It also investigates access to food, non-food items, and essential services, focusing on how resources are obtained, controlled, and whether women have equitable access and decision-making power over their use. Special attention is given to physical accessibility of key facilities such as latrines, water points, health centers, and distribution sites, as well as challenges faced during service access.
The questions assess awareness of complaint and feedback mechanisms in cases of unequal access, and identify the most vulnerable groups in the community along with the underlying causes of their vulnerability.
Furthermore, the guide explores the priority needs of women, their participation in community activities, and the extent of their roles and influence in decision-making processes. It evaluates their representation within community leadership structures and gathers suggestions for improving their inclusion and advocacy.
Barriers preventing women from expressing their concerns are highlighted, alongside potential mechanisms to enhance their participation. The role of men and boys in supporting women’s involvement in decision-making is also examined.
Finally, the discussion addresses safety and protection concerns, including unsafe locations, risks faced by women, emergency preparedness, and access to support systems. It also gathers recommendations for creating a safer, more inclusive, and enabling environment for women in the community.",,,,
40161778657618502K,GZA0393,Amir Al-Mansi School,https://app.zitemanager.org/#/sites/31399/submission-case-detail/40161778657618502K,2026-05-13,Closed,,tamara,ACTED,Active,,260 - 2600118,Gaza - Northern Remal,2026-05-13,13/05/26,ACTED,PRM,2026-05-10,10-05-26,Community Participation and Representation,Community or Committee Meeting,,,37,31,0,0,68,3,37,31,,68,,,,,,,,,"Programming Specific Meetings (e.g. project inductions, cash for work, etc.)",,,program_specific_meeting,,,,,,,,,,,,,,"Cash for Work sessions were conducted to explain the activity, registration process, and vulnerability-based beneficiary selection criteria",,,,
5751776862768218S,KYS4470,Takafoul,https://app.zitemanager.org/#/sites/45300/submission-case-detail/5751776862768218S,2026-04-22,Closed,,harresyakubi,IOM,Active,PHC,270 - 27002154,Khan Younis - Al Mawasi,2026-04-22,22/04/26,PHC,ECHO,2025-12-09,09-12-25,Site Environment Improvements,Site Improvement Plans,,,,,,,,,0,0,,1,,,,,,,,,,,,,,,,,,,,,,,,,,"Uploaded by IOM, HY following direct email from PHC",,,,https://app.zitemanager.org/api/v2/generate-presigned-url/?object_key=SIP___Takaful-15_58_42.pdf&return_type=file
40521777446465462K,KYS4464,Al-Khair Site,https://app.zitemanager.org/#/sites/45606/submission-case-detail/40521777446465462K,2026-04-29,Closed,,tareqaljourani,NRC,Active,,270 - 27002101,Khan Younis - An Naser,2026-04-29,29/04/26,NRC,PRM,2026-03-24,24-03-26,Site Service Coordination and Monitoring,Safety Audits,,,,,,,,,0,0,,1,,,,,,,,No,,,,,,,,,,,,,,,,,,"The safety audit conducted at Tabaria alKhair site in Khan Younis identified serious protection, environmental, and infrastructure concerns affecting displaced families, particularly women and girls. The site hosts approximately 5,464 residents and experiences severe overcrowding . Tents are placed very close together, resulting in limited privacy and insufficient movement space for residents within the site.
The complete absence of night lighting creates major safety and protection risks, especially for women, children, and older persons. Poor visibility during nighttime movement has led to multiple accidents, including children falling into open pits.
Water access remains inadequate, with serious shortages affecting daily use. Although a water line exists within the site, supply is limited to once or twice per week, leading to tensions and disputes among displaced people during water distribution. Sanitation facilities are available but remain insufficient in terms of privacy and dignity, as multiple families are forced to share the same latrine facilities. In addition, there is no dedicated safe space for women, and the site management room is temporarily being used for women’s activities and awareness sessions.
The presence of open pits throughout the site poses severe safety hazards, particularly for children and older persons. A previous fatal incident involving a child falling into a pit was reported at the site. Waste accumulation is another major concern, contributing to foul odors, rodents, and deteriorating public health conditions, while residents continue to request improved waste removal mechanisms.
Seasonal flooding significantly affects the site due to differences in ground elevation and poor drainage. Rainwater accumulates in lower areas, flooding tents and damaging wooden structures within the site. The spread of stray dogs and insects, combined with the absence of proper site boundaries, has also contributed to increasing health risks, including skin diseases. The assessment highlights urgent needs for improved lighting, safer pathways, drainage interventions, sandbags, waste management systems, dedicated women’s spaces, safer sanitation facilities, and enhanced protection measures for vulnerable groups within the site.",,,,
40521777447854042U,GZA6014,Sanad Site,https://app.zitemanager.org/#/sites/43040/submission-case-detail/40521777447854042U,2026-04-29,Closed,,tareqaljourani,NRC,Active,,260 - 2600119,Gaza - Southern Remal,2026-04-29,29/04/26,NRC,PRM,2026-03-26,26-03-26,Site Service Coordination and Monitoring,Safety Audits,,,,,,,,,0,0,,1,,,,,,,,No,,,,,,,,,,,,,,,,,,"The safety audit conducted at Sanad Site in Gaza identified serious protection, environmental, and infrastructure concerns affecting displaced families, particularly women and girls. The site hosts approximately 747 residents and suffers from overcrowding, with tents placed extremely close together, resulting in limited privacy and narrow pathways that restrict safe movement within the site. 
The absence of night lighting creates major protection and safety risks, including increased theft concerns and multiple injuries caused by falls in poorly visible pathways. Elderly people and children are particularly vulnerable, and incidents related to nighttime movement have already been reported. 
Water and sanitation conditions are critically inadequate. Water availability is extremely limited, as the site well operates for only a short period daily due to dependence on an external generator. Drinking water is often used for domestic purposes because of severe shortages, and no regular organization currently provides sufficient domestic water support. Latrines are in extremely poor condition and are unsuitable for human use, with several families sharing each facility. Privacy and hygiene standards are severely lacking, creating serious public health concerns. In addition, there is no dedicated safe space for women, although educational activities and awareness sessions are conducted in the learning school within the site. 
The site contains a very large number of open pits, which site management identified as a major threat to children and residents due to the risk of falls and injuries. Solid waste accumulation is also widespread throughout the site, contributing to the spread of diseases, foul odors, rodents, and skin infections, while waste removal capacity remains insufficient. 
Seasonal flooding further worsens living conditions, as rainwater floods tents, fills pathways, and causes soil erosion between elevated and low-lying areas. Residents also face risks from slipping and movement accidents during heavy rainfall. Additional concerns include the widespread presence of rodents and reptiles due to the site’s proximity to a waste dump. The assessment highlights urgent needs for improved lighting, water supply, sanitation rehabilitation, drainage systems, waste management, safer movement pathways, pit rehabilitation, and enhanced protection measures for women, children, and vulnerable groups within the site.",,,,
40521777451241644J,GZA4352,Al-Karim Site,https://app.zitemanager.org/#/sites/40078/submission-case-detail/40521777451241644J,2026-04-29,Closed,,tareqaljourani,NRC,Active,,260 - 2600120,Gaza - Ad Darraj,2026-04-29,29/04/26,NRC,PRM,2026-03-25,25-03-26,Site Service Coordination and Monitoring,Safety Audits,,,,,,,,,0,0,,1,,,,,,,,No,,,,,,,,,,,,,,,,,,"The safety audit conducted at AlKareem (Abu Khadra) site in Gaza identified serious protection, environmental, and infrastructure concerns affecting displaced families, particularly women and girls. The site hosts approximately 1,190 residents and suffers from overcrowding, with narrow pathways and almost no privacy between shelters, as tents are separated only by tarpaulin sheets. 
The absence of night lighting creates major safety and protection risks throughout the site. Poor visibility has increased incidents of theft, the spread of rodents, and the presence of stray animals. Several injuries related to nighttime movement have also been reported, including a serious fracture suffered by the site manager. 
Water and sanitation conditions remain critically inadequate. The site currently lacks proper water distribution points, although efforts are underway to extend a water network through humanitarian support. Existing latrines are shared among multiple families and are in very poor condition, lacking sufficient water supply and producing foul odors that create serious public health concerns. Site management highlighted the urgent need for proper sanitation facilities to reduce disease risks among residents. In addition, there is no dedicated safe space for women, with the learning school currently being used temporarily for awareness and educational activities. 
The site contains approximately 140 open pits, many of which remain uncovered despite repeated requests for intervention. These pits pose severe risks to children and residents, and previous incidents involving children falling into pits have already occurred. Waste management is another major concern, as the absence of waste containers has led to widespread waste accumulation, foul odors, and increased disease risks within the site. 
Seasonal flooding significantly affects the site because it is located at a lower elevation than surrounding streets, causing rainwater runoff and soil erosion that threaten tents and resident safety. Additional concerns include the spread of rodents, reptiles, skin diseases, stray dogs, and security risks related to nearby gunfire incidents. The assessment highlights urgent needs for improved lighting, water supply systems, sanitation rehabilitation, pit covering, drainage works, waste management, safer movement pathways, and enhanced protection measures for women, children, and other vulnerable groups within the site.",,,,
40521777451257831G,GZA4425,Al jondi Al mjhool Site,https://app.zitemanager.org/#/sites/42216/submission-case-detail/40521777451257831G,2026-04-29,Closed,,tareqaljourani,NRC,Active,,260 - 2600118,Gaza - Northern Remal,2026-04-29,29/04/26,NRC,PRM,2026-03-25,25-03-26,Site Service Coordination and Monitoring,Safety Audits,,,,,,,,,0,0,,1,,,,,,,,No,,,,,,,,,,,,,,,,,,"The safety audit conducted at AlJundi AlMajhoul site in Gaza identified severe protection, environmental, and infrastructure concerns affecting displaced families, particularly women and girls. The site hosts approximately 757 residents and experiences significant overcrowding, with around 140 tents located within a limited area of approximately 10 dunums. Narrow pathways and the close proximity of shelters have resulted in a complete lack of privacy and restricted safe movement within the site. 
The absence of night lighting presents major protection and safety risks. Poor visibility has contributed to increased security incident , numerous injuries among children and older persons, and incidents involving women and children falling into open pits. The lack of lighting has also contributed to the spread of rodents within the site. 
Water and sanitation conditions are critically inadequate. Residents depend on drinking water trucks and are forced to use drinking water for domestic purposes due to the absence of a regular water supply system. The site also lacks water storage tanks. Existing latrines are extremely poor in condition, enclosed only with fabric materials, and shared by several families, resulting in a complete lack of privacy and unsuitable sanitation conditions. In addition, there is no dedicated safe space for women, with the learning school temporarily being used for awareness and educational sessions. 
The presence of open pits throughout the site poses severe safety risks, particularly for children. Serious incidents have already occurred, including a child falling into a pit and requiring intensive medical care. Site residents lack the resources necessary to safely cover these pits. Waste management services are also insufficient, as waste accumulates inside the site between municipal collection periods, contributing to the spread of diseases and skin infections. 
Seasonal flooding represents another major challenge, as the site was heavily flooded during recent storms due to uneven ground and the lack of drainage systems. Additional concerns include rodent infestations, reported biting incidents, and attacks by stray dogs on residents. The assessment highlights urgent needs for improved lighting, drainage systems, safer sanitation facilities, waste management, pit rehabilitation, safer pathways, and enhanced protection measures for women, children, and vulnerable groups within the site.",,,,
47941777452110331P,KYS1711,Al-Nakheel and Al-Zaitoon site,https://app.zitemanager.org/#/sites/31748/submission-case-detail/47941777452110331P,2026-04-29,Closed,,bisan_harb,IOM,Active,ACTED,270 - 27002154,Khan Younis - Al Mawasi,2026-04-29,29/04/26,ACTED,PRM,2026-04-08,08-04-26,Community Participation and Representation,Community or Committee Meeting,,,7,3,0,0,10,0,7,3,,10,,,,,,,,,"Site Management Committee Establishment, Coordination or Planning",,,committee_planning,,,,,,,,,,,,,,"Introduction for the IOM project, Explanation for SM main core activities, Site monitoring and strengthening the existing SMC.",,,,
47941777452351416W,KYS0100,Wijdan  community,https://app.zitemanager.org/#/sites/31321/submission-case-detail/47941777452351416W,2026-04-29,Closed,,bisan_harb,IOM,Active,ACTED,270 - 27002154,Khan Younis - Al Mawasi,2026-04-29,29/04/26,ACTED,PRM,2026-04-09,09-04-26,Community Participation and Representation,Community or Committee Meeting,,,7,2,0,0,9,0,7,2,,9,,,,,,,,,"Site Management Committee Establishment, Coordination or Planning",,,committee_planning,,,,,,,,,,,,,,"Introduction for the IOM project, Explanation for SM main core activities, Site monitoring and strengthening the existing SMC.",,,,
40151777551529252Y,KYS1713,Al-Fedaa site,https://app.zitemanager.org/#/sites/31749/submission-case-detail/40151777551529252Y,2026-04-30,Closed,,malmaqadma,IOM,Active,ACTED,270 - 27002154,Khan Younis - Al Mawasi,2026-04-30,30/04/26,ACTED,PRM,2026-04-19,19-04-26,Site Service Coordination and Monitoring,Safety Audits,,,,,,,,,0,0,,1,,,,,,,,Yes,,,,,,,,,,,,,,,,,,"At Al-Fedaa site, all 23 men, including 3 elderly, described a major shift from previously stable livelihoods to almost complete dependence on humanitarian aid. Men are mainly occupied with survival tasks such as securing food and water, facing high stress and limited income opportunities. Access to services is difficult due to overcrowding, long distances, and poor infrastructure, with persons with disabilities facing greater barriers. Living conditions are unsafe, with multiple environmental and protection risks. Participation in community roles is very limited, and decision-making remains centralized. Key needs include financial assistance, psychosocial support, improved infrastructure, safer conditions, and more inclusive engagement opportunities.",,,,
40151777551704263P,KYS0805,Al-Shaheed Jameel,https://app.zitemanager.org/#/sites/31493/submission-case-detail/40151777551704263P,2026-04-30,Closed,,malmaqadma,IOM,Active,ACTED,270 - 27002154,Khan Younis - Al Mawasi,2026-04-30,30/04/26,ACTED,PRM,2026-04-20,20-04-26,Site Service Coordination and Monitoring,Safety Audits,,,,,,,,,0,0,,1,,,,,,,,Yes,,,,,,,,,,,,,,,,,,"At Al-Shaheed Jameel site, all 12 participants, including 3 elderly, described a sharp decline from pre-crisis livelihoods to conditions focused entirely on survival. Persons with disabilities are fully excluded from employment and rely heavily on family and community support for daily needs. Access to services is extremely limited due to poor infrastructure and lack of accessibility, with significant inequality in resource distribution. Living conditions are inadequate, contributing to stress, social tensions, and insecurity. Participation in community roles is absent, and decision-making is centralized. Key needs include accessible facilities, financial assistance, psychosocial support, improved services, and stronger community engagement and communication mechanisms.",,,,
40151777551907348U,KYS0825,Al-Jawhari,https://app.zitemanager.org/#/sites/31498/submission-case-detail/40151777551907348U,2026-04-30,Closed,,malmaqadma,IOM,Active,ACTED,270 - 27002154,Khan Younis - Al Mawasi,2026-04-30,30/04/26,ACTED,PRM,2026-04-20,20-04-26,Site Service Coordination and Monitoring,Safety Audits,,,,,,,,,0,0,,1,,,,,,,,Yes,,,,,,,,,,,,,,,,,,"At Al-Jawhari site, all 13 participants, including 3 elderly, described a sharp decline from previously stable livelihoods to severe economic hardship and near-total dependence on humanitarian assistance. Men are largely unable to secure stable income and spend most of their time meeting basic survival needs, while persons with disabilities face heightened exclusion and dependency on others. Access to food, water, and essential services is inconsistent and constrained by long distances, overcrowding, and lack of accessible infrastructure. Living conditions are unsafe, with risks related to poor hygiene, disease spread, and inadequate facilities. Participation in community roles is absent, and decision-making remains centralized. Key priorities include financial support, accessible services, improved infrastructure, psychosocial support, and more inclusive engagement mechanisms.",,,,
40151777552047272V,KYS0825,Al-Jawhari,https://app.zitemanager.org/#/sites/31498/submission-case-detail/40151777552047272V,2026-04-30,Closed,,malmaqadma,IOM,Active,ACTED,270 - 27002154,Khan Younis - Al Mawasi,2026-04-30,30/04/26,ACTED,PRM,2026-04-27,27-04-26,Community Participation and Representation,Community or Committee Meeting,,,4,0,0,0,4,0,4,0,,4,,,,,,,,,"Site Management Committee Establishment, Coordination or Planning",,,committee_planning,,,,,,,,,,,,,,"A coordination meeting was held at Al-Jawhari site with representatives of blocks and Acted SM team, aiming to organize fieldwork and enhance coordination. The meeting came in light of proactive field initiatives carried out by some committees, which required clarifying the governing organizational framework. Discussions focused on the importance of a clear organizational structure, defining roles, and improving communication mechanisms, in addition to adhering to the Memorandum of Understanding and the Code of Conduct. Emphasis was also placed on clear institutional representation and avoiding overlaps in responsibilities. It was agreed to form a committee composed of block representatives under the name “Monitoring Committee.”",,,,
5751777378565800T,DEB0477,Arb abu salim shelter,https://app.zitemanager.org/#/sites/31430/submission-case-detail/5751777378565800T,2026-04-29,Closed,,harresyakubi,IOM,Active,BLDA,265 - 2651093,Deir Al-Balah - Al Hikr,2026-04-14,2026-04-14,BLDA,PRM,2026-03-28,2026-03-28,Site Service Coordination and Monitoring,Safety Audits,,,,,,,,,,,,1,,,,,,,,,,,,,,,,,,,,,,,,,,,,,,
5751777378567379O,DEB2610,Al-Izza site,https://app.zitemanager.org/#/sites/32195/submission-case-detail/5751777378567379O,2026-04-29,Closed,,harresyakubi,IOM,Active,BLDA,265 - 26510152,Deir Al-Balah - Deir Al Balah (south),2026-04-14,2026-04-14,BLDA,PRM,2026-03-28,2026-03-28,Site Service Coordination and Monitoring,Safety Audits,,,,,,,,,,,,1,,,,,,,,,,,,,,,,,,,,,,,,,,,,,,
5751777378569767P,DEB3187,Al-Noor Shelter,https://app.zitemanager.org/#/sites/32418/submission-case-detail/5751777378569767P,2026-04-29,Closed,,harresyakubi,IOM,Active,BLDA,265 - 26510152,Deir Al-Balah - Deir Al Balah (south),2026-04-14,2026-04-14,BLDA,PRM,2026-03-28,2026-03-28,Site Service Coordination and Monitoring,Safety Audits,,,,,,,,,,,,1,,,,,,,,,,,,,,,,,,,,,,,,,,,,,,
5751777378573466S,DEB4557,Al-Rafdeen,https://app.zitemanager.org/#/sites/46365/submission-case-detail/5751777378573466S,2026-04-29,Closed,,harresyakubi,IOM,Active,BLDA,265 - 26510152,Deir Al-Balah - Deir Al Balah (south),2026-04-14,2026-04-14,BLDA,PRM,2026-03-28,2026-03-28,Site Service Coordination and Monitoring,Safety Audits,,,,,,,,,,,,1,,,,,,,,,,,,,,,,,,,,,,,,,,,,,,
5751777378575668R,GZA4923,A13,https://app.zitemanager.org/#/sites/52233/submission-case-detail/5751777378575668R,2026-04-29,Closed,,harresyakubi,IOM,Active,BLDA,260 - 2600123,Gaza - An Naser-Gaza,2026-04-14,2026-04-14,BLDA,PRM,2026-03-28,2026-03-28,Site Service Coordination and Monitoring,Safety Audits,,,,,,,,,,,,1,,,,,,,,,,,,,,,,,,,,,,,,,,,,,,
5751777378583368T,NGZ4915,Al-Helo 2,https://app.zitemanager.org/#/sites/52228/submission-case-detail/5751777378583368T,2026-04-29,Closed,,harresyakubi,IOM,Active,BLDA,255 - 25505137,North Gaza - Ibad Ar-Rahman,2026-04-14,2026-04-14,BLDA,PRM,2026-03-29,2026-03-29,Site Service Coordination and Monitoring,Safety Audits,,,,,,,,,,,,1,,,,,,,,,,,,,,,,,,,,,,,,,,,,,,
40151777552411331B,KYS0825,Al-Jawhari,https://app.zitemanager.org/#/sites/31498/submission-case-detail/40151777552411331B,2026-04-30,Closed,,malmaqadma,IOM,Active,ACTED,270 - 27002154,Khan Younis - Al Mawasi,2026-04-30,30/04/26,ACTED,PRM,2026-04-20,20-04-26,Site Service Coordination and Monitoring,Safety Audits,,,,,,,,,0,0,,1,,,,,,,,Yes,,,,,,,,,,,,,,,,,,"At Al-Jawhari site, two women’s sessions (15 and 40 participants, including 1 and 3 elderly respectively) revealed a significant shift toward survival-based living and increased burdens on women. In the first session (15 participants), all reported no decision-making power, no active roles, and lack of safety, highlighting risks such as fear of exploitation, harassment, and ineffective complaint mechanisms. In the second session (40 participants), all confirmed increased responsibilities and reliance on community kitchens, while the majority reported unequal access to services and limited trust in feedback systems. Although participation was higher (40/40), awareness of representation structures remained low. Across both sessions, women identified children and elderly as highly vulnerable groups. Overall, findings reflect high vulnerability, limited control over resources, safety concerns, and the urgent need for improved protection, inclusive participation, better services, and empowerment opportunities.",,,,
5751777378601773H,DEB4928,Al-Sikka 1,https://app.zitemanager.org/#/sites/51088/submission-case-detail/5751777378601773H,2026-04-29,Closed,,harresyakubi,IOM,Active,BLDA,265 - 26503148,Deir Al-Balah - Al Bureij,2026-04-14,2026-04-14,BLDA,PRM,2026-03-29,2026-03-29,Site Service Coordination and Monitoring,Safety Audits,,,,,,,,,,,,1,,,,,,,,,,,,,,,,,,,,,,,,,,,,,,
5751777378605646R,DEB4684,Al-Amal Aghosh,https://app.zitemanager.org/#/sites/47109/submission-case-detail/5751777378605646R,2026-04-29,Closed,,harresyakubi,IOM,Active,BLDA,265 - 26510152,Deir Al-Balah - Deir Al Balah (south),2026-04-14,2026-04-14,BLDA,PRM,2026-03-28,2026-03-28,Site Service Coordination and Monitoring,Safety Audits,,,,,,,,,,,,1,,,,,,,,,,,,,,,,,,,,,,,,,,,,,,
40151777529863933U,KYS0947,Al-rimal Al-Thahabiea,https://app.zitemanager.org/#/sites/31532/submission-case-detail/40151777529863933U,2026-04-30,Closed,,malmaqadma,IOM,Active,ACTED,270 - 27002154,Khan Younis - Al Mawasi,2026-04-30,30/04/26,ACTED,PRM,2026-04-20,20-04-26,Site Service Coordination and Monitoring,Safety Audits,,,,,,,,,0,0,,1,,,,,,,,Yes,,,,,,,,,,,,,,,,,,"At Al-Rimal Al-Thahabiea site, two women’s sessions (20 and 19 participants, including 2 and 5 elderly respectively) highlighted increased burdens and vulnerability among women. In the first session (20 participants), all reported significantly increased responsibilities, active participation (20/20), awareness of complaint mechanisms, and representation in site structures, yet all confirmed unequal access to resources and lack of safety due to environmental risks. In the second session (19 participants), all reported no active roles in decision-making, unequal access (19/19), and ineffective complaint systems, despite awareness of channels. Across both sessions, women and children were identified as the most vulnerable. Overall, findings show heavy workloads, limited control, safety concerns, and the need for livelihood opportunities, psychosocial support, improved protection, and stronger, more responsive community engagement mechanisms.",,,,
40151777552817260O,KYS0805,Al-Shaheed Jameel,https://app.zitemanager.org/#/sites/31493/submission-case-detail/40151777552817260O,2026-04-30,Closed,,malmaqadma,IOM,Active,ACTED,270 - 27002154,Khan Younis - Al Mawasi,2026-04-30,30/04/26,ACTED,PRM,2026-04-20,20-04-26,Site Service Coordination and Monitoring,Safety Audits,,,,,,,,,0,0,,1,,,,,,,,Yes,,,,,,,,,,,,,,,,,,"At Al-Shaheed Jameel site, two women’s sessions (12 and 15 participants, including 1 and 3 elderly respectively) highlighted increased burdens and vulnerability following displacement. In the first session (12 participants), all reported increased responsibilities, participation in activities (12/12), but lack of awareness of complaint mechanisms and limited involvement in decision-making. In the second session (15 participants), all confirmed increased workload and reliance on community kitchens, while most reported limited participation (11/15 not participating) and lack of access to complaint systems (15/15). Across both sessions, women and elderly were consistently identified as the most vulnerable. Overall, findings indicate high stress, unequal access, weak feedback mechanisms, and the need for improved services, protection, psychosocial support, and inclusive engagement.",,,,
47941777453772589T,KYS1711,Al-Nakheel and Al-Zaitoon site,https://app.zitemanager.org/#/sites/31748/submission-case-detail/47941777453772589T,2026-04-29,Closed,,bisan_harb,IOM,Active,ACTED,270 - 27002154,Khan Younis - Al Mawasi,2026-04-29,29/04/26,ACTED,PRM,2026-04-14,14-04-26,Community Participation and Representation,Community or Committee Meeting,,,14,7,0,0,21,0,14,7,,21,,,,,,,,,"Site Management Committee Establishment, Coordination or Planning",,,committee_planning,,,,,,,,,,,,,,"ToR signing session: After the SM team successfully established and upgraded the committees, then SM proceeded with SMCs validation step. Consequently, the SM moved forward with preparing the ToRs for each site individually and finally coordinated and scheduling of ToRs signing sessions. 

The ToR outlined the roles and responsibilities of both the Committees and the ACTED Site Management (SM) team.
In addition, the organigram of the committee and the structural hierarchy of Site Management are provided as annexes to this document. The ToR serves as a guiding framework to enable the committees to operate effectively, ensure clarity of roles, and contribute to the overall resilience of the community. In addition, SM team signed the Code of Conduct with the committee members after reading it to them and discussing its contents. 

This step represented a significant advancement in formalizing the committees’ roles and enhancing their involvement in site management activities.",,,,
40151777553083363W,KYS1713,Al-Fedaa site,https://app.zitemanager.org/#/sites/31749/submission-case-detail/40151777553083363W,2026-04-30,Closed,,malmaqadma,IOM,Active,ACTED,270 - 27002154,Khan Younis - Al Mawasi,2026-04-30,30/04/26,ACTED,PRM,2026-04-19,19-04-26,Site Service Coordination and Monitoring,Safety Audits,,,,,,,,,0,0,,1,,,,,,,,Yes,,,,,,,,,,,,,,,,,,"At Al-Fidaa site, two women’s sessions (16 and 15 participants, including 2 and 0 elderly respectively) highlighted significant challenges following displacement. In the first session (16 participants), all reported increased physical and environmental burdens, lack of awareness of complaint mechanisms (16/16), and unequal access to resources, despite relatively high participation (14/16). In the second session (15 participants), all confirmed increased stress, lack of privacy, and reliance on community kitchens, while most reported unequal access and mixed awareness of complaint channels. Participation was moderate (10/15), but decision-making remained externally controlled in both sessions. Across both groups, children, elderly, and persons with illnesses were identified as highly vulnerable. Overall, findings indicate high stress, limited control, weak feedback systems, and urgent needs for services, protection, and psychosocial support.",,,,
40521777453788734E,GZA4301,Mosaab Camp,https://app.zitemanager.org/#/sites/39537/submission-case-detail/40521777453788734E,2026-04-29,Closed,,tareqaljourani,NRC,Active,,260 - 2600112,Gaza - Ash Sheikh 'Ijleen,2026-04-29,29/04/26,NRC,PRM,2026-03-24,24-03-26,Site Service Coordination and Monitoring,Safety Audits,,,,,,,,,0,0,,1,,,,,,,,No,,,,,,,,,,,,,,,,,,"Mosab A Site, located in the Sheikh Ejleen area in Gaza, is host approximately 880 displaced persons. The site has partial lighting provided through NRC's CLP project and an external initiative, but coverage remains insufficient. Critical areas including the latrines and the Yasmeen medical point have no lighting. Women rely on mobile phone flashlights for nighttime navigation, which increases their exposure to protection risks after dark. The site is considered more organized than many others in the area, with pathways present, though these are limited in scope and do not fully ensure safe movement. Privacy within tents is inadequate.
Water availability stands at approximately 70% coverage, dependent on municipality-supported generators. Any disruption in fuel supply significantly impacts access to water. Water is delivered directly to tents, which reduces queue-related risks for domestic use, though controlled queues remain in place for drinking water collection. Eight latrines are available at the site; however, they are inaccessible to persons with disabilities and are not gender-segregated, which compromises the safety and privacy of women and girls. No shower facilities are available. Although doors have locks, the overall sanitation conditions remain inadequate. The presence of stray dogs at night near the latrines further increases risk for residents.
There is no safe space designated for women at the site. No uncovered soak pits were identified, though solid waste accumulation and flooding risks are present. Stray dogs remain a persistent protection concern throughout the site, particularly at night. The absence of proper lighting at critical service points — especially latrines and the medical point — represents the most urgent safety gap at Mosab A. The partial water supply, while better than at many other sites, remains vulnerable to fuel shortages. Priority improvements needed include expansion of lighting coverage, gender-segregated and disability-accessible sanitation facilities, waste management systems, and the establishment of a safe and secure space dedicated to women and girls.",,,,
40151777553601441Z,KYS0825,Al-Jawhari,https://app.zitemanager.org/#/sites/31498/submission-case-detail/40151777553601441Z,2026-04-30,Closed,,malmaqadma,IOM,Active,ACTED,270 - 27002154,Khan Younis - Al Mawasi,2026-04-30,30/04/26,ACTED,PRM,2026-04-26,26-04-26,Community Participation and Representation,Community or Committee Meeting,,,14,8,0,0,22,0,14,8,,22,,,,,,,,,"Programming Specific Meetings (e.g. project inductions, cash for work, etc.)",,,program_specific_meeting,,,,,,,,,,,,,,"This meeting focused on introducing the concept of Community-Led Initiatives (CLI) and explaining how ACTED’s Site Management team supports them. Participants received an overview of roles within Site Management and a clear definition of CLIs as initiatives identified and implemented by displaced communities to address their needs. The objectives include reducing risks, improving environmental and social conditions, enhancing community services, and supporting livelihoods. The implementation process relies on site committees leading consultations with community members to generate and prioritize ideas. Each site is expected to select one initiative. ACTED will conduct awareness sessions and guide communities in application and implementation.",,,,
40151777553734464H,KYS0947,Al-rimal Al-Thahabiea,https://app.zitemanager.org/#/sites/31532/submission-case-detail/40151777553734464H,2026-04-30,Closed,,malmaqadma,IOM,Active,ACTED,270 - 27002154,Khan Younis - Al Mawasi,2026-04-30,30/04/26,ACTED,PRM,2026-04-26,26-04-26,Community Participation and Representation,Community or Committee Meeting,,,15,9,0,0,24,0,15,9,,24,,,,,,,,,"Programming Specific Meetings (e.g. project inductions, cash for work, etc.)",,,program_specific_meeting,,,,,,,,,,,,,,"The session was held to present Community-Led Initiatives (CLI) and explain ACTED Site Management’s role in facilitating them. It outlined Site Management responsibilities and defined CLIs as community-driven actions aimed at addressing priority needs in displacement settings. Key objectives include reducing risks, improving living conditions, promoting social cohesion, and supporting basic services and livelihoods. The implementation approach stresses community participation, with site committees leading the process while involving broader community members. Each site will identify and implement one priority initiative. ACTED will provide orientation sessions, explain criteria and application procedures, and offer ongoing support during implementation to ensure effective execution.",,,,
47941777453852382W,KYS0100,Wijdan  community,https://app.zitemanager.org/#/sites/31321/submission-case-detail/47941777453852382W,2026-04-29,Closed,,bisan_harb,IOM,Active,ACTED,270 - 27002154,Khan Younis - Al Mawasi,2026-04-29,29/04/26,ACTED,PRM,2026-04-14,14-04-26,Community Participation and Representation,Community or Committee Meeting,,,12,8,0,0,20,0,12,8,,20,,,,,,,,,"Site Management Committee Establishment, Coordination or Planning",,,committee_planning,,,,,,,,,,,,,,"ToR signing session: After the SM team successfully established and upgraded the committees, then SM proceeded with SMCs validation step. Consequently, the SM moved forward with preparing the ToRs for each site individually and finally coordinated and scheduling of ToRs signing sessions. 

The ToR outlined the roles and responsibilities of both the Committees and the ACTED Site Management (SM) team.
In addition, the organigram of the committee and the structural hierarchy of Site Management are provided as annexes to this document. The ToR serves as a guiding framework to enable the committees to operate effectively, ensure clarity of roles, and contribute to the overall resilience of the community. In addition, SM team signed the Code of Conduct with the committee members after reading it to them and discussing its contents. 

This step represented a significant advancement in formalizing the committees’ roles and enhancing their involvement in site management activities.",,,,
47941777453866790H,KYS1933,Al faruq,https://app.zitemanager.org/#/sites/31926/submission-case-detail/47941777453866790H,2026-04-29,Closed,,bisan_harb,IOM,Active,ACTED,270 - 27002154,Khan Younis - Al Mawasi,2026-04-29,29/04/26,ACTED,PRM,2026-04-14,14-04-26,Community Participation and Representation,Community or Committee Meeting,,,8,6,0,0,14,0,8,6,,14,,,,,,,,,"Site Management Committee Establishment, Coordination or Planning",,,committee_planning,,,,,,,,,,,,,,"ToR signing session: After the SM team successfully established and upgraded the committees, then SM proceeded with SMCs validation step. Consequently, the SM moved forward with preparing the ToRs for each site individually and finally coordinated and scheduling of ToRs signing sessions. 

The ToR outlined the roles and responsibilities of both the Committees and the ACTED Site Management (SM) team.
In addition, the organigram of the committee and the structural hierarchy of Site Management are provided as annexes to this document. The ToR serves as a guiding framework to enable the committees to operate effectively, ensure clarity of roles, and contribute to the overall resilience of the community. In addition, SM team signed the Code of Conduct with the committee members after reading it to them and discussing its contents. 

This step represented a significant advancement in formalizing the committees’ roles and enhancing their involvement in site management activities.",,,,
40151777502836376E,KYS0825,Al-Jawhari,https://app.zitemanager.org/#/sites/31498/submission-case-detail/40151777502836376E,2026-04-29,Closed,,malmaqadma,IOM,Active,ACTED,270 - 27002154,Khan Younis - Al Mawasi,2026-04-30,30/04/26,ACTED,PRM,2026-04-21,21-04-26,Community Participation and Representation,Community or Committee Meeting,,,10,6,4,3,23,0,14,9,,23,,,,,,,,,"Site Management Committee Establishment, Coordination or Planning",,,committee_planning,,,,,,,,,,,,,,"The meeting was conducted to update the site committee structure and strengthen coordination between ACTED and the committee. It included an introduction to site management roles, clarification of the relationship with the committee, and a review and signing of the Terms of Reference (ToR) and Code of Conduct (CoC). The importance of inclusive participation was emphasized, and the meeting concluded with agreed next steps, including regular meetings, basic operational support, and tailored training sessions.",,,,
40151777503256374V,KYS0947,Al-rimal Al-Thahabiea,https://app.zitemanager.org/#/sites/31532/submission-case-detail/40151777503256374V,2026-04-29,Closed,,malmaqadma,IOM,Active,ACTED,270 - 27002154,Khan Younis - Al Mawasi,2026-04-30,30/04/26,ACTED,PRM,2026-04-21,21-04-26,Community Participation and Representation,Community or Committee Meeting,,,10,5,3,3,21,0,13,8,,21,,,,,,,,,"Site Management Committee Establishment, Coordination or Planning",,,committee_planning,,,,,,,,,,,,,,"The meeting provided a comprehensive discussion on site management roles and the working relationship with site committees. ACTED clarified responsibilities and coordination mechanisms, while the ToR and CoC were reviewed and signed, with emphasis on their voluntary nature. The session also highlighted the importance of inclusive participation and concluded with agreements on continued coordination through regular meetings, training, and ongoing support.",,,,
40151777505398607K,KYS1713,Al-Fedaa site,https://app.zitemanager.org/#/sites/31749/submission-case-detail/40151777505398607K,2026-04-29,Closed,,malmaqadma,IOM,Active,ACTED,270 - 27002154,Khan Younis - Al Mawasi,2026-04-30,30/04/26,ACTED,PRM,2026-04-08,08-04-26,Community Participation and Representation,Community or Committee Meeting,,,2,1,0,0,3,0,2,1,,3,,,,,,,,,"Site Management Committee Establishment, Coordination or Planning",,,committee_planning,,,,,,,,,,,,,,"The meeting focused on presenting the new 12GNY project at the site level, including its objectives and expected outcomes, while also providing updates on site monitoring and urgent needs. Discussions addressed the structure of site committees, including the establishment of one main committee and multiple subcommittees, along with agreed selection criteria to ensure diversity, fairness, and representation. Baseline data for existing committees was collected to support future progress tracking. The session also outlined key site management activities and concluded with agreements on next steps, including finalizing the committee structure and defining roles and responsibilities in upcoming meetings.",,,,
40151777505559420P,KYS0805,Al-Shaheed Jameel,https://app.zitemanager.org/#/sites/31493/submission-case-detail/40151777505559420P,2026-04-29,Closed,,malmaqadma,IOM,Active,ACTED,270 - 27002154,Khan Younis - Al Mawasi,2026-04-30,30/04/26,ACTED,PRM,2026-04-08,08-04-26,Community Participation and Representation,Community or Committee Meeting,,,2,1,0,0,3,0,2,1,,3,,,,,,,,,"Site Management Committee Establishment, Coordination or Planning",,,committee_planning,,,,,,,,,,,,,,"The meeting introduced the 12GNY project, reviewed site needs, and discussed committee structure and selection criteria. Baseline data was collected, and key site management activities were outlined. It concluded with agreements to finalize the structure and define roles in upcoming meetings.",,,,
40151777505636656P,KYS0825,Al-Jawhari,https://app.zitemanager.org/#/sites/31498/submission-case-detail/40151777505636656P,2026-04-29,Closed,,malmaqadma,IOM,Active,ACTED,270 - 27002154,Khan Younis - Al Mawasi,2026-04-30,30/04/26,ACTED,PRM,2026-04-08,08-04-26,Community Participation and Representation,Community or Committee Meeting,,,2,1,1,0,4,0,3,1,,4,,,,,,,,,"Site Management Committee Establishment, Coordination or Planning",,,committee_planning,,,,,,,,,,,,,,"The meeting provided an overview of the new 12GNY project, highlighting its objectives and expected outcomes, alongside updates on site conditions and urgent needs. Participants discussed the structure of site committees, agreeing on a main committee supported by subcommittees, with clear selection criteria to ensure inclusivity and fair representation. Baseline data was gathered to measure future improvements. The session also introduced core site management functions and concluded with plans to refine the committee structure and further define roles and responsibilities in subsequent meetings.",,,,
40151777505769424O,KYS0835,Yafa Site,https://app.zitemanager.org/#/sites/31507/submission-case-detail/40151777505769424O,2026-04-29,Closed,,malmaqadma,IOM,Active,ACTED,270 - 27002154,Khan Younis - Al Mawasi,2026-04-30,30/04/26,ACTED,PRM,2026-04-08,08-04-26,Community Participation and Representation,Community or Committee Meeting,,,1,2,0,0,3,0,1,2,,3,,,,,,,,,"Site Management Committee Establishment, Coordination or Planning",,,committee_planning,,,,,,,,,,,,,,"The meeting resulted in a shared understanding of the 12GNY project and its expected outcomes, along with identified site needs and priorities. A structured committee model was agreed upon, supported by clear and inclusive selection criteria. Baseline data collection was completed to enable performance tracking. Key outcomes included agreement on next steps to finalize the committee structure and initiate detailed discussions on roles and responsibilities through upcoming meetings.",,,,
40151777506112435Z,KYS0947,Al-rimal Al-Thahabiea,https://app.zitemanager.org/#/sites/31532/submission-case-detail/40151777506112435Z,2026-04-29,Closed,,malmaqadma,IOM,Active,ACTED,270 - 27002154,Khan Younis - Al Mawasi,2026-04-30,30/04/26,ACTED,PRM,2026-04-08,08-04-26,Community Participation and Representation,Community or Committee Meeting,,,2,1,0,0,3,0,2,1,,3,,,,,,,,,"Site Management Committee Establishment, Coordination or Planning",,,committee_planning,,,,,,,,,,,,,,"The meeting served as a foundational step in introducing the 12GNY project at the site level and aligning stakeholders on its objectives and operational approach. It established a structured framework for site committees, supported by well-defined selection criteria to ensure inclusivity, accountability, and balanced representation. Baseline data collection enabled future monitoring and evaluation of committee performance. The discussion also clarified core site management functions and set a roadmap for subsequent phases, including finalizing the committee structure and operationalizing roles and responsibilities through targeted follow-up meetings.",,,,
40151777507344487S,KYS0825,Al-Jawhari,https://app.zitemanager.org/#/sites/31498/submission-case-detail/40151777507344487S,2026-04-30,Closed,,malmaqadma,IOM,Active,ACTED,270 - 27002154,Khan Younis - Al Mawasi,2026-04-30,30/04/26,ACTED,PRM,2026-04-09,09-04-26,Community Participation and Representation,Community or Committee Meeting,,,9,7,0,0,16,0,9,7,,16,,,,,,,,,"Site Management Committee Establishment, Coordination or Planning",,,committee_planning,,,,,,,,,,,,,,"The meeting included a comprehensive presentation by the ACTED team on the Site Management Committees (SMC) framework, aiming to establish an effective, transparent, and efficient system for managing site services and activities. It covered the selection process of committee members, the importance of capacity building, and strengthening coordination between NGOs, stakeholders, and site committees. The current SMC structure was reviewed through a mapping exercise to identify gaps and improve alignment with site needs and institutional performance. Discussions focused on clarifying roles and responsibilities, enhancing committees’ involvement in decision-making, and strengthening coordination among committees, site representatives, and humanitarian actors. The Terms of Reference (ToR) was introduced as the main regulatory document, and a proposed expanded SMC structure was presented, based on sectoral committees under a Site Representative and Deputy, including key sectors such as data management, protection, education, health, WASH, security, and distribution. Participants agreed on updating both infrastructure and service mapping to reflect current gaps and needs. The SMC mapping was tentatively endorsed, with further validation of the ToR pending community acceptance and confirmation of committee membership lists. Key principles such as inclusiveness, transparency, accountability, clear roles, and sustainability were emphasized, along with agreed mechanisms including regular meetings, structured decision-making, documentation, communication channels, and performance reviews. Capacity building and training for SMC members were also highlighted as essential for strengthening skills and ensuring sustainable performance. Action points included updating infrastructure and service mapping and proceeding with finalizing the SMC structure, while the next meeting will focus on reviewing updates and confirming final decisions.",,,,
40151777507505483Q,KYS0947,Al-rimal Al-Thahabiea,https://app.zitemanager.org/#/sites/31532/submission-case-detail/40151777507505483Q,2026-04-30,Closed,,malmaqadma,IOM,Active,ACTED,270 - 27002154,Khan Younis - Al Mawasi,2026-04-30,30/04/26,ACTED,PRM,2026-04-09,09-04-26,Community Participation and Representation,Community or Committee Meeting,,,17,0,1,0,18,0,18,0,,18,,,,,,,,,"Site Management Committee Establishment, Coordination or Planning",,,committee_planning,,,,,,,,,,,,,,"The meeting featured a comprehensive presentation by the ACTED team on the Site Management Committees (SMC) framework, aiming to establish a structured, transparent, and efficient system for managing site services and activities. It covered the selection of committee members, capacity building, and strengthening coordination between NGOs, stakeholders, and site committees. The current SMC structure was reviewed through a mapping exercise to identify gaps and improve alignment with site needs. Discussions focused on clarifying roles and responsibilities, enhancing participation in decision-making, and improving coordination among committees and humanitarian actors. The Terms of Reference (ToR) was introduced as the main governing document, alongside a proposed expanded, sector-based SMC structure under a Site Representative and Deputy, including key committees such as WASH, protection, health, education, and security. Participants agreed to update infrastructure and service mapping to reflect current gaps. Key principles such as transparency, accountability, inclusiveness, and clear roles were emphasized, along with mechanisms like regular meetings and performance reviews. Capacity building for members was also highlighted. Action points included updating mappings and progressing toward finalizing the SMC structure, with the next meeting focusing on reviewing updates and confirming final decisions.",,,,
40151777510088540S,KYS0835,Yafa Site,https://app.zitemanager.org/#/sites/31507/submission-case-detail/40151777510088540S,2026-04-30,Closed,,malmaqadma,IOM,Active,ACTED,270 - 27002154,Khan Younis - Al Mawasi,2026-04-30,30/04/26,ACTED,PRM,2026-04-21,21-04-26,"Two-Way Information Sharing, Feedback and Complaints",Awareness sessions,,,,8,,,8,0,0,8,No,8,,,,,,,,,,Health,,Health,Other Items,appreciation gift,,,,,,,8,0,,,,"ACTED implemented a first aid awareness session for women in the site, aiming to enhance their basic knowledge and emergency response skills. The activity focused on building preparedness for common accidents that may occur in household or community settings. It provided practical guidance on how to act quickly and safely in emergency situations, with an emphasis on empowering women to respond effectively before professional medical assistance becomes available.",,,,
40151777510207559F,KYS0825,Al-Jawhari,https://app.zitemanager.org/#/sites/31498/submission-case-detail/40151777510207559F,2026-04-30,Closed,,malmaqadma,IOM,Active,ACTED,270 - 27002154,Khan Younis - Al Mawasi,2026-04-30,30/04/26,ACTED,PRM,2026-04-21,21-04-26,"Two-Way Information Sharing, Feedback and Complaints",Awareness sessions,,,,8,,,8,0,0,8,No,8,,,,,,,,,,Health,,Health,Other Items,appreciation gift,,,,,,,8,0,,,,"The session started with an introduction delivered by ACTED on the importance of first aid in daily life, particularly in vulnerable environments. Facilitators explained how timely and correct intervention can reduce the severity of injuries and save lives. The discussion highlighted the critical role of women as primary caregivers, emphasizing their ability to respond to emergencies within their families and wider community.",,,,
40151777510417555F,KYS0947,Al-rimal Al-Thahabiea,https://app.zitemanager.org/#/sites/31532/submission-case-detail/40151777510417555F,2026-04-30,Closed,,malmaqadma,IOM,Active,ACTED,270 - 27002154,Khan Younis - Al Mawasi,2026-04-30,30/04/26,ACTED,PRM,2026-04-21,21-04-26,"Two-Way Information Sharing, Feedback and Complaints",Awareness sessions,,,,8,,,8,0,0,8,No,8,,,,,,,,,,Health,,Health,Other Items,appreciation gift,,,,,,,8,0,,,,"ACTED facilitators introduced common emergency cases such as bleeding, burns, cuts, and fainting in a theoretical manner. Each case was explained step by step, focusing on what should generally be done in such situations. The information was presented in a simple and clear format to ensure easy understanding for all participants.",,,,
40151777510564571N,KYS0805,Al-Shaheed Jameel,https://app.zitemanager.org/#/sites/31493/submission-case-detail/40151777510564571N,2026-04-30,Closed,,malmaqadma,IOM,Active,ACTED,270 - 27002154,Khan Younis - Al Mawasi,2026-04-30,30/04/26,ACTED,PRM,2026-04-21,21-04-26,"Two-Way Information Sharing, Feedback and Complaints",Awareness sessions,,,,8,,,8,0,0,8,No,8,,,,,,,,,,Health,,Health,Other Items,appreciation gift,,,,,,,8,0,,,,"ACTED conducted a simplified first aid awareness session for women in the site, using a first aid kit as a visual tool to support the explanation. The session aimed to improve basic knowledge of emergency response in a clear and accessible way, focusing on common household and community incidents that may require immediate attention before medical support is available.",,,,
40151777510739554T,KYS1713,Al-Fedaa site,https://app.zitemanager.org/#/sites/31749/submission-case-detail/40151777510739554T,2026-04-30,Closed,,malmaqadma,IOM,Active,ACTED,270 - 27002154,Khan Younis - Al Mawasi,2026-04-30,30/04/26,ACTED,PRM,2026-04-20,20-04-26,"Two-Way Information Sharing, Feedback and Complaints",Awareness sessions,,,,8,,,8,0,0,8,No,8,,,,,,,,,,Health,,Health,Other Items,appreciation gift,,,,,,,8,0,,,,"ACTED delivered a simplified awareness session on first aid for women in the site, using a first aid kit as a practical visual aid to support the explanation. The session was designed to enhance participants’ basic understanding of emergency response in an easy and clear manner, focusing on frequent household and community incidents that may require immediate action prior to the arrival of medical assistance.",,,,
40521777367168720B,DEB3189,Tariq Al-Hayat shelter,https://app.zitemanager.org/#/sites/32419/submission-case-detail/40521777367168720B,2026-04-28,Closed,,tareqaljourani,NRC,Active,,265 - 2650575,Deir Al-Balah - Ar Rasheed,2026-04-28,28/04/26,NRC,PRM,2026-03-23,23-03-26,Site Service Coordination and Monitoring,Safety Audits,,,,,,,,,0,0,,1,,,,,,,,No,,,,,,,,,,,,,,,,,,"The safety audit conducted at Al Haya Zawaida site in Zawaida area identified several critical protection, safety, and infrastructure concerns affecting displaced populations, particularly women and girls. The site hosts approximately 975 residents and, while generally organized with adequate spacing and privacy between shelters, significant gaps remain in essential services and safety measures.
The absence of night lighting across the site poses serious protection and safety risks. Several injuries have already occurred due to poor visibility, including falls into open pits and fractures during nighttime movement. In addition, the site contains numerous open pits, many of which remain uncovered or inadequately protected, creating further hazards for residents.
Water, sanitation, and hygiene conditions remain inadequate. There is no reliable domestic water source, and drinking water depends on irregular tanker deliveries from humanitarian organizations. Although latrines exist, many are privately constructed and lack minimum safety and hygiene standards, with insufficient facilities and inconsistent suitability for use. No dedicated safe space for women and girls is available within the site.
Environmental and seasonal risks are also significant. The site’s clay soil becomes heavily flooded during winter, restricting movement and access to services, markets, and clinics while increasing the likelihood of slips, injuries, and tent flooding. The site is unfenced and exposed, contributing to protection concerns such as theft and risks from stray animals. Waste management support is currently temporary and may cease soon, potentially increasing environmental health concerns.
Additional concerns highlighted during the assessment include high fire risks, with previous incidents resulting in injuries and loss of shelters and personal belongings. As summer approaches, residents may also face increased risks related to insects, rodents, reptiles, snakes, and disease transmission. Overall, the audit indicates an urgent need for site improvement interventions focused on lighting, drainage, safe pit covering, WASH infrastructure, fencing, fire mitigation measures, and enhanced protection services for women and vulnerable groups.",,,,
47941777452106347V,KYS1715,Al-Quds,https://app.zitemanager.org/#/sites/31751/submission-case-detail/47941777452106347V,2026-04-29,Closed,,bisan_harb,IOM,Active,ACTED,270 - 27002154,Khan Younis - Al Mawasi,2026-04-29,29/04/26,ACTED,PRM,2026-04-08,08-04-26,Community Participation and Representation,Community or Committee Meeting,,,7,1,0,0,8,0,7,1,,8,,,,,,,,,"Site Management Committee Establishment, Coordination or Planning",,,committee_planning,,,,,,,,,,,,,,"Introduction for the IOM project, Explanation for SM main core activities, Site monitoring and strengthening the existing SMC.",,,,
47941777452270794Z,KYS1926,Albwasil,https://app.zitemanager.org/#/sites/31920/submission-case-detail/47941777452270794Z,2026-04-29,Closed,,bisan_harb,IOM,Active,ACTED,270 - 27002154,Khan Younis - Al Mawasi,2026-04-29,29/04/26,ACTED,PRM,2026-04-09,09-04-26,Community Participation and Representation,Community or Committee Meeting,,,5,0,0,0,5,0,5,0,,5,,,,,,,,,"Site Management Committee Establishment, Coordination or Planning",,,committee_planning,,,,,,,,,,,,,,"Introduction for the IOM project, Explanation for SM main core activities, Site monitoring and strengthening the existing SMC.",,,,
40521777452346414K,GZA4834,Filastin 2 Site,https://app.zitemanager.org/#/sites/48793/submission-case-detail/40521777452346414K,2026-04-29,Closed,,tareqaljourani,NRC,Active,,260 - 2600113,Gaza - Tal El Hawa,2026-04-29,29/04/26,NRC,PRM,2026-03-24,24-03-26,Site Service Coordination and Monitoring,Safety Audits,,,,,,,,,0,0,,1,,,,,,,,No,,,,,,,,,,,,,,,,,,"Falastine Site in Tell Al-Hawa, Gaza, houses approximately 750 displaced persons and presents multiple critical safety concerns across all assessed dimensions. The site has no night lighting, which has enabled stray dogs to roam freely, attacking women and elderly residents who attempt to use latrines after dark. The absence of physical boundaries around the site compounds this problem significantly. The site is severely overcrowded, with tents positioned extremely close together, narrow pathways, and a complete absence of privacy for residents. These conditions create daily movement hazards and reduce dignity for all displaced people, especially women and girls.
Water access is critically inadequate. There are no dedicated water distribution points within the site, and residents rely on a single municipal water line that supplies water only two days per week for two hours each session. This scarcity has triggered frequent disputes among displaced persons whenever water becomes available. Sanitation conditions are similarly alarming — while each tent has a private latrine, these consist entirely of uncovered soak pits that are unhygienic and pose a serious fall risk to children. None of the latrines meet minimum standards of safety or functionality.
There is no dedicated safe space for women at the site, though site management has formally requested the urgent provision of such a space. Regarding site improvement, approximately 120 soak pits are distributed throughout the site, many uncovered, presenting constant fall hazards. Solid waste accumulates inside the site without municipal collection, generating foul odors, attracting rodents, and contributing to the spread of infectious diseases and skin conditions. Site management has requested waste containers and workers to transport waste out of the site.
Flooding presents a seasonal risk, as the entire site was completely inundated during recent storms due to uneven terrain and the absence of any drainage infrastructure. Additional safety barriers include increasing rates of theft and the ongoing threat from uncontrolled stray dogs, both of which threaten the personal security and wellbeing of displaced residents. In summary, Falastin Site requires urgent intervention across nearly all categories: lighting, water supply, sanitation, solid waste management, drainage, physical security, and the provision of dedicated safe spaces for women and girls.""",,,,
5751777378577754E,DEB0178,Al-Bukhari,https://app.zitemanager.org/#/sites/43671/submission-case-detail/5751777378577754E,2026-04-29,Closed,,harresyakubi,IOM,Active,BLDA,265 - 2651093,Deir Al-Balah - Al Hikr,2026-04-14,2026-04-14,BLDA,PRM,2026-03-29,2026-03-29,Site Service Coordination and Monitoring,Safety Audits,,,,,,,,,,,,1,,,,,,,,,,,,,,,,,,,,,,,,,,,,,,
5751777378580880C,NGZ4916,Al-Helo 1,https://app.zitemanager.org/#/sites/52227/submission-case-detail/5751777378580880C,2026-04-29,Closed,,harresyakubi,IOM,Active,BLDA,255 - 25505137,North Gaza - Ibad Ar-Rahman,2026-04-14,2026-04-14,BLDA,PRM,2026-03-29,2026-03-29,Site Service Coordination and Monitoring,Safety Audits,,,,,,,,,,,,1,,,,,,,,,,,,,,,,,,,,,,,,,,,,,,
40521777367542974I,DEB2303,al trainy,https://app.zitemanager.org/#/sites/32058/submission-case-detail/40521777367542974I,2026-04-28,Closed,,tareqaljourani,NRC,Active,,265 - 2650575,Deir Al-Balah - Ar Rasheed,2026-04-28,28/04/26,NRC,PRM,2026-03-23,23-03-26,Site Service Coordination and Monitoring,Safety Audits,,,,,,,,,0,0,,1,,,,,,,,No,,,,,,,,,,,,,,,,,,"The safety audit conducted at Al Tareni site in Zawaida area identified several safety, protection, and infrastructure concerns affecting displaced families, particularly women and girls. The site hosts approximately 641 residents and is not currently overcrowded due to its relatively large area. Shelters are mainly composed of tarpaulin and ready-made fabric tents.
One of the most critical concerns is the complete absence of night lighting throughout the site. This has resulted in multiple injuries and serious accidents, including fractures caused by falls while moving at night. The lack of lighting significantly increases protection and mobility risks for residents, especially women, children, and older persons.
Water and sanitation conditions remain inadequate. A temporary water source supported by a humanitarian organization is available; however, it is only guaranteed for a limited period. Most latrines do not meet minimum sanitation standards and pose health and hygiene risks to residents. Although the site includes a dedicated and separate safe space for women, additional protection measures are still required.
The assessment also highlighted the presence of many open pits across the site, creating safety hazards and restricting safe movement for residents. Seasonal flooding remains another major challenge, as the clay soil accumulates rainwater and contributes to soil erosion and damage to tents during winter. Residents have attempted to create simple drainage channels to reduce flooding impacts, but risks remain high.
Environmental and health concerns were also observed, including risks from rodents, reptiles, and snakes due to dense vegetation surrounding the site. Incidents involving children being bitten by reptiles have already been reported. Fire hazards inside tents caused by cooking and heating activities further increase the vulnerability of displaced families. In addition, many households face severe economic hardship, with limited or no income sources, highlighting the need for livelihood support and cash-for-work opportunities.",,,,
5751777378579672T,GZA4195,Al-Awda,https://app.zitemanager.org/#/sites/39624/submission-case-detail/5751777378579672T,2026-04-29,Closed,,harresyakubi,IOM,Active,BLDA,260 - 2600123,Gaza - An Naser-Gaza,2026-04-14,2026-04-14,BLDA,PRM,2026-03-28,2026-03-28,Site Service Coordination and Monitoring,Safety Audits,,,,,,,,,,,,1,,,,,,,,,,,,,,,,,,,,,,,,,,,,,,
5751777378572057S,GZA4922,A12,https://app.zitemanager.org/#/sites/52232/submission-case-detail/5751777378572057S,2026-04-29,Closed,,harresyakubi,IOM,Active,BLDA,260 - 2600123,Gaza - An Naser-Gaza,2026-04-14,2026-04-14,BLDA,PRM,2026-03-28,2026-03-28,Site Service Coordination and Monitoring,Safety Audits,,,,,,,,,,,,1,,,,,,,,,,,,,,,,,,,,,,,,,,,,,,
5751777378595676F,GZA5461,B12,https://app.zitemanager.org/#/sites/53177/submission-case-detail/5751777378595676F,2026-04-29,Closed,,harresyakubi,IOM,Active,BLDA,260 - 2600123,Gaza - An Naser-Gaza,2026-04-14,2026-04-14,BLDA,PRM,2026-03-30,2026-03-30,Site Service Coordination and Monitoring,Safety Audits,,,,,,,,,,,,1,,,,,,,,,,,,,,,,,,,,,,,,,,,,,,
5751777378592360P,NGZ5105,Almahabba site,https://app.zitemanager.org/#/sites/51593/submission-case-detail/5751777378592360P,2026-04-29,Closed,,harresyakubi,IOM,Active,BLDA,255 - 25505137,North Gaza - Ibad Ar-Rahman,2026-04-14,2026-04-14,BLDA,PRM,2026-03-30,2026-03-30,Site Service Coordination and Monitoring,Safety Audits,,,,,,,,,,,,1,,,,,,,,,,,,,,,,,,,,,,,,,,,,,,
5751777378593775S,DEB2199,Al-Hasoon,https://app.zitemanager.org/#/sites/32016/submission-case-detail/5751777378593775S,2026-04-29,Closed,,harresyakubi,IOM,Active,BLDA,265 - 2651089,Deir Al-Balah - Yafa,2026-04-14,2026-04-14,BLDA,PRM,2026-03-28,2026-03-28,Site Service Coordination and Monitoring,Safety Audits,,,,,,,,,,,,1,,,,,,,,,,,,,,,,,,,,,,,,,,,,,,
5751777378586571N,GZA6013,Metro Al-jwazat Site,https://app.zitemanager.org/#/sites/43038/submission-case-detail/5751777378586571N,2026-04-29,Closed,,harresyakubi,IOM,Active,BLDA,260 - 2600119,Gaza - Southern Remal,2026-04-14,2026-04-14,BLDA,PRM,2026-03-29,2026-03-29,Site Service Coordination and Monitoring,Safety Audits,,,,,,,,,,,,1,,,,,,,,,,,,,,,,,,,,,,,,,,,,,,
5751777378590179I,GZA4921,Al-Mashtal,https://app.zitemanager.org/#/sites/52225/submission-case-detail/5751777378590179I,2026-04-29,Closed,,harresyakubi,IOM,Active,BLDA,260 - 2600123,Gaza - An Naser-Gaza,2026-04-14,2026-04-14,BLDA,PRM,2026-03-29,2026-03-29,Site Service Coordination and Monitoring,Safety Audits,,,,,,,,,,,,1,,,,,,,,,,,,,,,,,,,,,,,,,,,,,,
5751777378585079C,DEB4561,Ard Abu Kheswan,https://app.zitemanager.org/#/sites/46366/submission-case-detail/5751777378585079C,2026-04-29,Closed,,harresyakubi,IOM,Active,BLDA,265 - 26510152,Deir Al-Balah - Deir Al Balah (south),2026-04-14,2026-04-14,BLDA,PRM,2026-03-30,2026-03-30,Site Service Coordination and Monitoring,Safety Audits,,,,,,,,,,,,1,,,,,,,,,,,,,,,,,,,,,,,,,,,,,,
5751777378588269L,DEB2708,Al-Quds Hurra,https://app.zitemanager.org/#/sites/32268/submission-case-detail/5751777378588269L,2026-04-29,Closed,,harresyakubi,IOM,Active,BLDA,265 - 26510152,Deir Al-Balah - Deir Al Balah (south),2026-04-14,2026-04-14,BLDA,PRM,2026-03-28,2026-03-28,Site Service Coordination and Monitoring,Safety Audits,,,,,,,,,,,,1,,,,,,,,,,,,,,,,,,,,,,,,,,,,,,
5751777378598056I,DEB0143,Sweed camp,https://app.zitemanager.org/#/sites/31326/submission-case-detail/5751777378598056I,2026-04-29,Closed,,harresyakubi,IOM,Active,BLDA,265 - 2651094,Deir Al-Balah - Al Balad,2026-04-14,2026-04-14,BLDA,PRM,2026-03-28,2026-03-28,Site Service Coordination and Monitoring,Safety Audits,,,,,,,,,,,,1,,,,,,,,,,,,,,,,,,,,,,,,,,,,,,
5751777378599717W,NGZ4529,Isa Murad Site,https://app.zitemanager.org/#/sites/46150/submission-case-detail/5751777378599717W,2026-04-29,Closed,,harresyakubi,IOM,Active,BLDA,255 - 2550536,North Gaza - Al Karameh,2026-04-14,2026-04-14,BLDA,PRM,2026-03-30,2026-03-30,Site Service Coordination and Monitoring,Safety Audits,,,,,,,,,,,,1,,,,,,,,,,,,,,,,,,,,,,,,,,,,,,
5751777378600364U,DEB2263,Akka,https://app.zitemanager.org/#/sites/32040/submission-case-detail/5751777378600364U,2026-04-29,Closed,,harresyakubi,IOM,Active,BLDA,265 - 26510152,Deir Al-Balah - Deir Al Balah (south),2026-04-14,2026-04-14,BLDA,PRM,2026-03-28,2026-03-28,Site Service Coordination and Monitoring,Safety Audits,,,,,,,,,,,,1,,,,,,,,,,,,,,,,,,,,,,,,,,,,,,
5751777378601192A,DEB4917,Al-Shaimaa,https://app.zitemanager.org/#/sites/52221/submission-case-detail/5751777378601192A,2026-04-29,Closed,,harresyakubi,IOM,Active,BLDA,265 - 2651099,Deir Al-Balah - Al Birkeh,2026-04-14,2026-04-14,BLDA,PRM,2026-03-28,2026-03-28,Site Service Coordination and Monitoring,Safety Audits,,,,,,,,,,,,1,,,,,,,,,,,,,,,,,,,,,,,,,,,,,,
5751777378606284J,DEB0071,Ard Abu Gemayzeh,https://app.zitemanager.org/#/sites/31306/submission-case-detail/5751777378606284J,2026-04-29,Closed,,harresyakubi,IOM,Active,BLDA,265 - 2651089,Deir Al-Balah - Yafa,2026-04-14,2026-04-14,BLDA,PRM,2026-03-30,2026-03-30,Site Service Coordination and Monitoring,Safety Audits,,,,,,,,,,,,1,,,,,,,,,,,,,,,,,,,,,,,,,,,,,,
5751777378596462Q,GZA4924,Al-Masri B13 Camp,https://app.zitemanager.org/#/sites/51170/submission-case-detail/5751777378596462Q,2026-04-29,Closed,,harresyakubi,IOM,Active,BLDA,260 - 2600123,Gaza - An Naser-Gaza,2026-04-14,2026-04-14,BLDA,PRM,2026-03-28,2026-03-28,Site Service Coordination and Monitoring,Safety Audits,,,,,,,,,,,,1,,,,,,,,,,,,,,,,,,,,,,,,,,,,,,
5751777378606869Z,DEB3454,Abu Mishaal,https://app.zitemanager.org/#/sites/33492/submission-case-detail/5751777378606869Z,2026-04-29,Closed,,harresyakubi,IOM,Active,BLDA,265 - 26510152,Deir Al-Balah - Deir Al Balah (south),2026-04-14,2026-04-14,BLDA,PRM,2026-03-30,2026-03-30,Site Service Coordination and Monitoring,Safety Audits,,,,,,,,,,,,1,,,,,,,,,,,,,,,,,,,,,,,,,,,,,,
5751777378603165L,DEB4919,Al-Sikka 2,https://app.zitemanager.org/#/sites/52223/submission-case-detail/5751777378603165L,2026-04-29,Closed,,harresyakubi,IOM,Active,BLDA,265 - 26503148,Deir Al-Balah - Al Bureij,2026-04-14,2026-04-14,BLDA,PRM,2026-03-29,2026-03-29,Site Service Coordination and Monitoring,Safety Audits,,,,,,,,,,,,1,,,,,,,,,,,,,,,,,,,,,,,,,,,,,,
5751777378604806L,DEB4920,Bait Lahea Camp,https://app.zitemanager.org/#/sites/51151/submission-case-detail/5751777378604806L,2026-04-29,Closed,,harresyakubi,IOM,Active,BLDA,265 - 2650577,Deir Al-Balah - As Sahabah,2026-04-14,2026-04-14,BLDA,PRM,2026-03-29,2026-03-29,Site Service Coordination and Monitoring,Safety Audits,,,,,,,,,,,,1,,,,,,,,,,,,,,,,,,,,,,,,,,,,,,
47941777452905405J,KYS1933,Al faruq,https://app.zitemanager.org/#/sites/31926/submission-case-detail/47941777452905405J,2026-04-29,Closed,,bisan_harb,IOM,Active,ACTED,270 - 27002154,Khan Younis - Al Mawasi,2026-04-29,29/04/26,ACTED,PRM,2026-04-09,09-04-26,Community Participation and Representation,Community or Committee Meeting,,,5,3,0,0,8,0,5,3,,8,,,,,,,,,"Site Management Committee Establishment, Coordination or Planning",,,committee_planning,,,,,,,,,,,,,,"Introduction for the IOM project, Explanation for SM main core activities, Site monitoring and strengthening the existing SMC.",,,,
5751777378607473C,DEB3618,Al-Sadaqa Al-Swissri,https://app.zitemanager.org/#/sites/32643/submission-case-detail/5751777378607473C,2026-04-29,Closed,,harresyakubi,IOM,Active,BLDA,265 - 26510152,Deir Al-Balah - Deir Al Balah (south),2026-04-14,2026-04-14,BLDA,PRM,2026-03-29,2026-03-29,Site Service Coordination and Monitoring,Safety Audits,,,,,,,,,,,,1,,,,,,,,,,,,,,,,,,,,,,,,,,,,,,
40521777454719352L,GZA4857,Mosab B site,https://app.zitemanager.org/#/sites/50989/submission-case-detail/40521777454719352L,2026-04-29,Closed,,tareqaljourani,NRC,Active,,260 - 2600112,Gaza - Ash Sheikh 'Ijleen,2026-04-29,29/04/26,NRC,PRM,2026-03-25,25-03-26,Site Service Coordination and Monitoring,Safety Audits,,,,,,,,,0,0,,1,,,,,,,,No,,,,,,,,,,,,,,,,,,"Mosab B Site, in the Sheikh Ejleen area in Gaza, host approximately 2,429 displaced persons — a significantly with large population.  while partial lighting exists from CLP and an external initiative, coverage is insufficient. Latrines and the Yasmeen medical point remain unlit, forcing women to use mobile phone flashlights for nighttime movement, increasing their vulnerability to protection risks. The site is relatively organized compared to others, and unlike Mosab A, it is not classified as overcrowded. Pathways are available but limited in coverage and do not guarantee safe movement for all residents. Privacy within tents remains a concern.
Water supply at approximately 70% coverage depends on municipality-supported generators, making any fuel disruption a direct threat to water access. Water is delivered to tents for domestic use, minimizing queue risks, though controlled queues persist for drinking water. Despite the larger population, only 8 latrines are available, which are inaccessible for persons with disabilities, not gender-segregated, and lack shower facilities. Overall sanitation conditions are rated as inadequate, and stray dogs near latrines at night heighten safety concerns. There is no safe space for women at the site.
No uncovered open pits were identified, but solid waste accumulation and flooding risks are present concerns. The stray dog presence remains a consistent protection hazard, especially after dark given the inadequate lighting.. The urgency for expanded lighting — particularly at latrines and medical points — cannot be overstated. Mosab B requires immediate investment in gender-segregated sanitation facilities accessible to persons with disabilities, improved lighting coverage across the entire site, solid waste collection services, and a dedicated women's safe space to address the significant protection vulnerabilities facing the displaced population.",,,,
40521777367792203R,GZA4830,Fares 1 Site,https://app.zitemanager.org/#/sites/50110/submission-case-detail/40521777367792203R,2026-04-28,Closed,,tareqaljourani,NRC,Active,,260 - 2600119,Gaza - Southern Remal,2026-04-28,28/04/26,NRC,PRM,2026-03-24,24-03-26,Site Service Coordination and Monitoring,Safety Audits,,,,,,,,,0,0,,1,,,,,,,,No,,,,,,,,,,,,,,,,,,"The safety audit conducted at Fares site in Gaza identified significant protection, environmental, and infrastructure risks affecting displaced families, particularly women and girls. The site hosts approximately 1,150 residents and, although not severely overcrowded, the large accumulation of rubble from destroyed buildings has reduced usable living space and created hazardous conditions throughout the site.
One of the most critical concerns is the complete absence of night lighting. Several injuries have been reported due to falls and movement accidents at night, including serious injuries suffered by women and children. The uneven terrain and widespread building debris, including exposed concrete and iron rods, further increase movement risks and obstruct safe access within the site.
Water and sanitation conditions remain inadequate. The site suffers from severe water shortages, with no reliable domestic water source available. Drinking water is delivered irregularly by humanitarian organizations, while existing water tanks remain unusable due to the lack of a water supply system. Most latrines fail to meet minimum hygiene, privacy, and safety standards, and the available public latrines are in poor condition and vulnerable to deterioration. In addition, there is no dedicated safe space for women, as existing activity tents are shared and do not provide secure or private facilities for women and girls.
Although most pits within the site are currently covered, concerns remain regarding future overflow and associated health and safety risks. Seasonal flooding is another major issue, as rainwater accumulates in low-lying areas due to the clay soil, damaging tents and limiting residents’ movement during winter.
Additional safety concerns include the spread of rodents and reptiles caused by the accumulation of rubble and debris, as well as the presence of stray animals entering the site. Fire hazards are also significant due to the use of open fires for cooking and heating, with previous incidents already causing damage to shelters and family belongings. Overall, the assessment highlights urgent needs for lighting installation, rubble removal, site leveling, improved WASH facilities, drainage solutions, safer movement pathways, and enhanced protection measures for women and vulnerable groups.",,,,
40521777452934320D,GZA0050,Qasser Al Minaa,https://app.zitemanager.org/#/sites/43649/submission-case-detail/40521777452934320D,2026-04-29,Closed,,tareqaljourani,NRC,Active,,260 - 2600119,Gaza - Southern Remal,2026-04-29,29/04/26,NRC,PRM,2026-03-26,26-03-26,Site Service Coordination and Monitoring,Safety Audits,,,,,,,,,0,0,,1,,,,,,,,No,,,,,,,,,,,,,,,,,,"""Qasr Al-Mina, located along the Gaza coastline, shelters approximately 970 displaced persons across 170 families within a 7-dunum site. The safety audit reveals serious deficiencies across all key indicators. The site has no night lighting, which severely impacts the safety and mobility of residents, particularly women, children, and the elderly. Poor visibility has led to increased activity of stray dogs and rodents, frequent trips and falls along unlit pathways, and stumbling caused by unsecured tent pegs. These conditions have created a persistently hazardous nighttime environment.
The site is heavily overcrowded, with tents attached closely to one another, complete absence of privacy, and narrow pathways. This extreme density has generated tensions among displaced families and significantly compromises the physical safety and psychological wellbeing of residents. Water supply is wholly inadequate — the only source is water trucks provided through IBRF. The site's coastal location results in highly saline groundwater, forcing residents to use their limited drinking water allocation for domestic purposes, rapidly depleting this scarce resource.
Latrine conditions at the site are critical. One latrine is shared among every four families, facilities are mostly soak pits emitting strong foul odors, and hygiene conditions are extremely poor. The latrines contribute to the spread of skin infections, diseases, and epidemics. There is no dedicated safe space for women; they currently use the site management room for sessions and workshops, which is not an appropriate substitute.
While there are no uncovered latrine pits specifically, an open municipal sewage and drainage channel exists within the site without any cover, posing both safety and health risks. Solid waste accumulates at the edges of the site, previously collected by municipal trucks but no longer serviced for an extended period. Management has requested provision of waste containers. The uneven terrain of the site makes it prone to flooding during winter, with rainwater flowing directly into tents and damaging residents' belongings. Stray dogs and rodents compound the risk of disease transmission throughout the site. Immediate multi-sectoral intervention is needed to address water, sanitation, lighting, flooding, and waste management.""",,,,
40521777452943663D,KYS4223,Al-Amal Site,https://app.zitemanager.org/#/sites/39853/submission-case-detail/40521777452943663D,2026-04-29,Closed,,tareqaljourani,NRC,Active,,270 - 27002154,Khan Younis - Al Mawasi,2026-04-29,29/04/26,NRC,PRM,2026-03-23,23-03-26,Site Service Coordination and Monitoring,Safety Audits,,,,,,,,,0,0,,1,,,,,,,,No,,,,,,,,,,,,,,,,,,"Al-Amal Site, located in Al-Mawassi northwest of Khan Younis, accommodates approximately 1,700 displaced persons. While the site benefits from partial lighting infrastructure installed through NRC's CLP project, this lighting is considered insufficient for safe nighttime mobility. Multiple critical areas remain unlit, including the latrines and the medical point. Women lack access to handheld flashlights, limiting their movement after dark. Multiple incidents of falls among elderly people, women, and children have been documented, and insufficient lighting has contributed to increased theft within the site.
The site is severely overcrowded, with no clearly defined pathways and no locks or partitions between tents to ensure privacy. Approximately 30 tents are hosting multiple families, intensifying congestion and protection risks. Water supply is critically inadequate — due to the municipality's failure to provide water and ongoing diesel shortages for well operation, water tanks are refilled only once every nine days, far below the needs of the displaced population. Congestion at water collection points creates additional safety hazards for women and persons with disabilities.
The latrine situation is mixed. Three public latrines near the prayer area serve general use but are frequently overcrowded and lack sufficient cleaning materials. The remaining latrines are private and located inside family tents, are basic pit latrines without gender segregation, and generate hygiene risks including strong odors and the danger of children falling into pits. There is no functioning safe space for women at the site. Open pits and solid waste accumulation present ongoing environmental and physical hazards throughout the site.
The site is prone to winter flooding, further exacerbating the risks posed by open pits and poor drainage. Theft is reported as an increasing concern, and the presence of stray dogs adds to safety risks, particularly at night. The combination of overcrowding, water scarcity, inadequate sanitation, and insufficient lighting makes Al-Amal Site one of the more vulnerable sites in the assessed area. Priority interventions should focus on expanding water access, improving latrine infrastructure, enhancing lighting coverage, and establishing a dedicated safe space for women and girls.""",,,,
47941777454868147R,KYS1933,Al faruq,https://app.zitemanager.org/#/sites/31926/submission-case-detail/47941777454868147R,2026-04-29,Closed,,bisan_harb,IOM,Active,ACTED,270 - 27002154,Khan Younis - Al Mawasi,2026-04-29,29/04/26,ACTED,PRM,2026-04-26,26-04-26,Community Participation and Representation,Community or Committee Meeting,,,5,5,0,0,10,0,5,5,,10,,,,,,,,,"Programming Specific Meetings (e.g. project inductions, cash for work, etc.)",,,program_specific_meeting,,,,,,,,,,,,,,"SM implemented orientation session for the Community-Led Initiatives (CLI), under Site Management (SM) activities, aim to promote community participation, ownership, and self-reliance by supporting projects that benefit the wider community rather than individuals. These initiatives contribute to key objectives such as improving safety, social cohesion, environmental conditions, community services, and group-based livelihoods.
The number and budget of initiatives are defined at the project design stage, while their distribution is determined by the SM team based on needs and context, in coordination with other humanitarian actors to avoid duplication.
Site committees act as the main applicants, ensuring inclusive consultations with community members to identify priorities. Diverse and gender-balanced participation, particularly women’s involvement in leadership, is strongly encouraged.
To support transparent and effective implementation, the SM team conducts orientation sessions with site-Level Committees, explaining the CLI objectives, eligibility criteria, application process, and roles and responsibilities. This ensures communities are well-informed and able to submit relevant and feasible proposals.",,,,
40521777368385044X,DEB3489,Abu Shmeis,https://app.zitemanager.org/#/sites/33515/submission-case-detail/40521777368385044X,2026-04-28,Closed,,tareqaljourani,NRC,Active,,265 - 2650579,Deir Al-Balah - Al Awda,2026-04-28,28/04/26,NRC,PRM,2026-03-25,25-03-26,Site Service Coordination and Monitoring,Safety Audits,,,,,,,,,0,0,,1,,,,,,,,No,,,,,,,,,,,,,,,,,,"The safety audit conducted at Abu Shmais site in Zawaida area identified serious protection, environmental, and infrastructure concerns affecting displaced families, particularly women and girls. The site hosts approximately 1,054 residents and suffers from overcrowding in several areas, with narrow pathways, limited movement space, and insufficient privacy for families.
The absence of adequate night lighting inside the site presents major safety risks. Lighting is only available on the main street, while internal areas remain dark, increasing the likelihood of injuries and accidents during nighttime movement. Residents also face risks associated with open pits throughout the site.
Water and sanitation conditions are critically inadequate. There is no domestic water source, and residents rely on water tankers provided by humanitarian organizations. The absence of water tanks and difficulties during water distribution place additional burdens on women and girls during water collection. Most latrines fail to meet minimum hygiene, privacy, and safety standards, creating serious public health concerns. There is also no dedicated safe space for women, as activity tents used for women’s activities are not secure or exclusively designated for women and girls.
The site also faces severe environmental health challenges due to the widespread accumulation of solid waste across pathways, streets, and open areas. Waste buildup contributes to the spread of diseases, insects, mosquitoes, and rodents, creating hazardous living conditions for residents. In addition, seasonal flooding poses major risks, as the clay soil causes rainwater accumulation and flash floods that have damaged and swept away tents, further limiting safe movement within the site.
Additional concerns include wastewater overflow during rainy periods, stray animals entering the site, and recurring fire incidents that have damaged shelters and personal belongings. The assessment highlights urgent needs for improved lighting, waste removal, drainage systems, safer pathways, enhanced WASH infrastructure, site leveling, and targeted support for vulnerable and marginalized families.",,,,
47941777453743894F,KYS1715,Al-Quds,https://app.zitemanager.org/#/sites/31751/submission-case-detail/47941777453743894F,2026-04-29,Closed,,bisan_harb,IOM,Active,ACTED,270 - 27002154,Khan Younis - Al Mawasi,2026-04-29,29/04/26,ACTED,PRM,2026-04-14,14-04-26,Community Participation and Representation,Community or Committee Meeting,,,15,11,0,0,26,1,15,11,,26,,,,,,,,,"Site Management Committee Establishment, Coordination or Planning",,,committee_planning,,,,,,,,,,,,,,"After the SM team successfully established and upgraded the committees, then SM proceeded with SMCs validation step. Consequently, the SM moved forward with preparing the ToRs for each site individually and finally coordinated and scheduling of ToRs signing sessions. 

The ToR outlined the roles and responsibilities of both the Committees and the ACTED Site Management (SM) team.
In addition, the organigram of the committee and the structural hierarchy of Site Management are provided as annexes to this document. The ToR serves as a guiding framework to enable the committees to operate effectively, ensure clarity of roles, and contribute to the overall resilience of the community. In addition, SM team signed the Code of Conduct with the committee members after reading it to them and discussing its contents. 

This step represented a significant advancement in formalizing the committees’ roles and enhancing their involvement in site management activities.",,,,
47941777455295182A,KYS1711,Al-Nakheel and Al-Zaitoon site,https://app.zitemanager.org/#/sites/31748/submission-case-detail/47941777455295182A,2026-04-29,Closed,,bisan_harb,IOM,Active,ACTED,270 - 27002154,Khan Younis - Al Mawasi,2026-04-29,29/04/26,ACTED,PRM,2026-04-26,26-04-26,Community Participation and Representation,Community or Committee Meeting,,,8,6,0,0,14,0,8,6,,14,,,,,,,,,"Programming Specific Meetings (e.g. project inductions, cash for work, etc.)",,,program_specific_meeting,,,,,,,,,,,,,,"SM implemented orientation session for the Community-Led Initiatives (CLI), under Site Management (SM) activities, aim to promote community participation, ownership, and self-reliance by supporting projects that benefit the wider community rather than individuals. These initiatives contribute to key objectives such as improving safety, social cohesion, environmental conditions, community services, and group-based livelihoods.
The number and budget of initiatives are defined at the project design stage, while their distribution is determined by the SM team based on needs and context, in coordination with other humanitarian actors to avoid duplication.
Site committees act as the main applicants, ensuring inclusive consultations with community members to identify priorities. Diverse and gender-balanced participation, particularly women’s involvement in leadership, is strongly encouraged.
To support transparent and effective implementation, the SM team conducts orientation sessions with site-Level Committees, explaining the CLI objectives, eligibility criteria, application process, and roles and responsibilities. This ensures communities are well-informed and able to submit relevant and feasible proposals.",,,,
49411777525585261M,KYS1156,Noor Al Salam,https://app.zitemanager.org/#/sites/31578/submission-case-detail/49411777525585261M,2026-04-30,Closed,,mderby,IOM,Active,PHC,270 - 27002154,Khan Younis - Al Mawasi,2026-04-30,30/04/26,PHC,ECHO,2026-03-10,10-03-26,Site Environment Improvements,Community-Led Projects,,,9,0,0,0,9,0,9,0,,9,,,,,,,,,,"Site Safety & Access Improvements, Site Safety & Access Improvements",,site_access,"Sand/Flour Bags, Sand/Flour Bags",,,,,,320,,,0,0,Yes,0,طلبت لجنة موقع نور السلام أكياس طحين لعمل سواتر رملية لحماية النازحين والخيام من فيضانات مياه الامتار وتمت الاستجابة للجنة الموقع,https://app.zitemanager.org/api/v2/generate-presigned-url/?object_key=1777525988445.jpg&return_type=file,,,
49411777526315743T,KYS1156,Noor Al Salam,https://app.zitemanager.org/#/sites/31578/submission-case-detail/49411777526315743T,2026-04-30,Closed,,mderby,IOM,Active,PHC,270 - 27002154,Khan Younis - Al Mawasi,2026-04-30,30/04/26,PHC,ECHO,2026-03-07,07-03-26,Community Participation and Representation,Community or Committee Meeting,,,7,2,0,0,9,0,7,2,,9,,,,,,,,,Community to Site Management Committee Interface Meetings,,,committee_to_community_meeting,,,,,,,,,,,,,,"تم عقد اجتماع لجنة الموقع لتحديد احتياجات الموقع والتي حددت في الاتي:
١_قرب لمياه الشرب
٢_طرود صحية
٣_حرامات
٤_اكياس رملية",,,,
49411777526611951M,KYS1156,Noor Al Salam,https://app.zitemanager.org/#/sites/31578/submission-case-detail/49411777526611951M,2026-04-30,Closed,,mderby,IOM,Active,PHC,270 - 27002154,Khan Younis - Al Mawasi,2026-04-30,30/04/26,PHC,ECHO,2026-04-15,15-04-26,Community Participation and Representation,Community or Committee Meeting,,,7,2,0,0,9,0,7,2,,9,,,,,,,,,Community to Site Management Committee Interface Meetings,,,committee_to_community_meeting,,,,,,,,,,,,,,"تم عقد اجتماع لجنة الموقع لتحديد الاحتياجات للموقع و هي:
١_كشافات إنارة
٢_طرود مطبخ
٣_طرود صحية
٤_مبيدات وأدوية لمكافحة الحشرات والقوارض",,,,
47941777455417488Y,KYS1715,Al-Quds,https://app.zitemanager.org/#/sites/31751/submission-case-detail/47941777455417488Y,2026-04-29,Closed,,bisan_harb,IOM,Active,ACTED,270 - 27002154,Khan Younis - Al Mawasi,2026-04-29,29/04/26,ACTED,PRM,2026-04-27,27-04-26,Community Participation and Representation,Community or Committee Meeting,,,13,9,0,0,22,1,13,9,,22,,,,,,,,,"Programming Specific Meetings (e.g. project inductions, cash for work, etc.)",,,program_specific_meeting,,,,,,,,,,,,,,"SM implemented orientation session for the Community-Led Initiatives (CLI), under Site Management (SM) activities, aim to promote community participation, ownership, and self-reliance by supporting projects that benefit the wider community rather than individuals. These initiatives contribute to key objectives such as improving safety, social cohesion, environmental conditions, community services, and group-based livelihoods.
The number and budget of initiatives are defined at the project design stage, while their distribution is determined by the SM team based on needs and context, in coordination with other humanitarian actors to avoid duplication.
Site committees act as the main applicants, ensuring inclusive consultations with community members to identify priorities. Diverse and gender-balanced participation, particularly women’s involvement in leadership, is strongly encouraged.
To support transparent and effective implementation, the SM team conducts orientation sessions with site-Level Committees, explaining the CLI objectives, eligibility criteria, application process, and roles and responsibilities. This ensures communities are well-informed and able to submit relevant and feasible proposals.",,,,
40521777453813820K,GZA4857,Mosab B site,https://app.zitemanager.org/#/sites/50989/submission-case-detail/40521777453813820K,2026-04-29,Closed,,tareqaljourani,NRC,Active,,260 - 2600112,Gaza - Ash Sheikh 'Ijleen,2026-04-29,29/04/26,NRC,PRM,2026-03-23,23-03-26,Site Service Coordination and Monitoring,Safety Audits,,,,,,,,,0,0,,1,,,,,,,,No,,,,,,,,,,,,,,,,,,"Mosab B Site, in the Sheikh Ejleen area in Gaza, host approximately 2,429 displaced persons — a significantly larger population than the adjacent Mosab A Site. Lighting conditions mirror those at Mosab A: while partial lighting exists from CLP and an external initiative, coverage is insufficient. Latrines and the Yasmeen medical point remain unlit, forcing women to use mobile phone flashlights for nighttime movement, increasing their vulnerability to protection risks. The site is relatively organized compared to others, and unlike Mosab A, it is not classified as overcrowded. Pathways are available but limited in coverage and do not guarantee safe movement for all residents. Privacy within tents remains a concern.
Water supply at approximately 70% coverage depends on municipality-supported generators, making any fuel disruption a direct threat to water access. Water is delivered to tents for domestic use, minimizing queue risks, though controlled queues persist for drinking water. Despite the larger population, only 8 latrines are available, which are inaccessible for persons with disabilities, not gender-segregated, and lack shower facilities. Overall sanitation conditions are rated as inadequate, and stray dogs near latrines at night heighten safety concerns. There is no safe space for women at the site.
No uncovered open pits were identified, but solid waste accumulation and flooding risks are present concerns. The stray dog presence remains a consistent protection hazard, especially after dark given the inadequate lighting. When comparing Mosab A and Mosab B, Mosab B accommodates nearly three times more people with essentially the same infrastructure, making per-capita service levels significantly worse. The urgency for expanded lighting — particularly at latrines and medical points — cannot be overstated. Mosab B requires immediate investment in gender-segregated sanitation facilities accessible to persons with disabilities, improved lighting coverage across the entire site, solid waste collection services, and a dedicated women's safe space to address the significant protection vulnerabilities facing the displaced population.""",,,,
71061777486687091J,GZA4962,Al-Hayat 2,https://app.zitemanager.org/#/sites/51309/submission-case-detail/71061777486687091J,2026-04-30,Closed,,abdullah90,ACTED,Active,-,260 - 2600118,Gaza - Northern Remal,2026-04-29,29/04/26,ACTED,PRM,2026-04-27,27-04-26,Community Participation and Representation,Community or Committee Meeting,,,9,10,1,0,20,0,10,10,,20,,,,,,,,,"Programming Specific Meetings (e.g. project inductions, cash for work, etc.)",,,program_specific_meeting,,,,,,,,,,,,,,"Community-Led Initiatives (CLI) session in site management focused on engaging residents in decision-making, identifying needs, and improving services through participation and coordination",,,,
71061777486750094F,GZA4962,Al-Hayat 2,https://app.zitemanager.org/#/sites/51309/submission-case-detail/71061777486750094F,2026-04-30,Closed,,abdullah90,ACTED,Active,-,260 - 2600118,Gaza - Northern Remal,2026-04-29,29/04/26,ACTED,PRM,2026-04-20,20-04-26,Community Participation and Representation,Community or Committee Meeting,,,9,10,1,0,20,1,10,10,,20,,,,,,,,,"Site Management Committee Establishment, Coordination or Planning",,,committee_planning,,,,,,,,,,,,,,"The Terms of Reference (ToR):Defining clear roles and responsibilities for both Acted staff and community committees.Providing a structural hierarchy (organigram) to streamline communication.Building community resilience through organized, collective decision-making.",,,,
71061777486925087R,GZA4962,Al-Hayat 2,https://app.zitemanager.org/#/sites/51309/submission-case-detail/71061777486925087R,2026-04-30,Closed,,abdullah90,ACTED,Active,-,260 - 2600118,Gaza - Northern Remal,2026-04-29,29/04/26,ACTED,PRM,2026-04-27,27-04-26,Site Service Coordination and Monitoring,Safety Audits,,,,,,,,,0,0,,1,,,,,,,,No,,,,,,,,,,,,,,,,,,"FGD  – Men and Persons with Disabilities (PwDs)
The discussion guide explores the roles, experiences, and challenges faced by men and persons with disabilities (PwDs) in the community, both before and during the current crisis. It examines changes in daily responsibilities, levels of independence, and reliance on others for basic activities.
It also focuses on access to food, non-food items, and essential services, including how these resources are distributed, controlled, and whether access is equitable. Particular attention is given to barriers faced by PwDs in accessing facilities such as water points, latrines, health centers, and distribution sites.
The questions assess awareness of complaint and feedback mechanisms in cases of inequality, and identify the most vulnerable groups within the community, along with the key protection risks faced by men and boys.
Additionally, the guide explores priority needs of men and PwDs, their participation in community activities, and their roles in decision-making processes. It examines the extent to which they are represented in community leadership structures and how decisions impact vulnerable groups.
Barriers to participation and voicing concerns are highlighted, alongside existing or potential mechanisms that could enhance inclusion and representation. The discussion also addresses psychosocial pressures on men, particularly related to providing for their families.
Finally, the questions investigate safety concerns, including unsafe locations, emergency preparedness, and main protection risks. They explore available support systems, reporting mechanisms, and recommendations for creating a safer and more inclusive environment for men and PwDs.",,,,
71061777487975134T,GZA4962,Al-Hayat 2,https://app.zitemanager.org/#/sites/51309/submission-case-detail/71061777487975134T,2026-04-30,Closed,,abdullah90,ACTED,Active,-,260 - 2600118,Gaza - Northern Remal,2026-04-29,29/04/26,ACTED,PRM,2026-04-20,20-04-26,Site Service Coordination and Monitoring,Safety Audits,,,,,,,,,0,0,,1,,,,,,,,No,,,,,,,,,,,,,,,,,,"FGD  – Women (18-54) Year
The discussion guide examines the roles and responsibilities of women within the community, comparing current conditions with the period before the crisis. It explores daily life, lived experiences, and levels of independence, including reliance on others for routine activities.
It also investigates access to food, non-food items, and essential services, focusing on how resources are obtained, controlled, and whether women have equitable access and decision-making power over their use. Special attention is given to physical accessibility of key facilities such as latrines, water points, health centers, and distribution sites, as well as challenges faced during service access.
The questions assess awareness of complaint and feedback mechanisms in cases of unequal access, and identify the most vulnerable groups in the community along with the underlying causes of their vulnerability.
Furthermore, the guide explores the priority needs of women, their participation in community activities, and the extent of their roles and influence in decision-making processes. It evaluates their representation within community leadership structures and gathers suggestions for improving their inclusion and advocacy.
Barriers preventing women from expressing their concerns are highlighted, alongside potential mechanisms to enhance their participation. The role of men and boys in supporting women’s involvement in decision-making is also examined.
Finally, the discussion addresses safety and protection concerns, including unsafe locations, risks faced by women, emergency preparedness, and access to support systems. It also gathers recommendations for creating a safer, more inclusive, and enabling environment for women in the community.",,,,
71061777487996127R,GZA4962,Al-Hayat 2,https://app.zitemanager.org/#/sites/51309/submission-case-detail/71061777487996127R,2026-04-30,Closed,,abdullah90,ACTED,Active,-,260 - 2600118,Gaza - Northern Remal,2026-04-29,29/04/26,ACTED,PRM,2026-04-28,28-04-26,Site Service Coordination and Monitoring,Safety Audits,,,,,,,,,0,0,,1,,,,,,,,No,,,,,,,,,,,,,,,,,,"FGD  – Women > 50 Year
The discussion guide examines the roles and responsibilities of women within the community, comparing current conditions with the period before the crisis. It explores daily life, lived experiences, and levels of independence, including reliance on others for routine activities.
It also investigates access to food, non-food items, and essential services, focusing on how resources are obtained, controlled, and whether women have equitable access and decision-making power over their use. Special attention is given to physical accessibility of key facilities such as latrines, water points, health centers, and distribution sites, as well as challenges faced during service access.
The questions assess awareness of complaint and feedback mechanisms in cases of unequal access, and identify the most vulnerable groups in the community along with the underlying causes of their vulnerability.
Furthermore, the guide explores the priority needs of women, their participation in community activities, and the extent of their roles and influence in decision-making processes. It evaluates their representation within community leadership structures and gathers suggestions for improving their inclusion and advocacy.
Barriers preventing women from expressing their concerns are highlighted, alongside potential mechanisms to enhance their participation. The role of men and boys in supporting women’s involvement in decision-making is also examined.
Finally, the discussion addresses safety and protection concerns, including unsafe locations, risks faced by women, emergency preparedness, and access to support systems. It also gathers recommendations for creating a safer, more inclusive, and enabling environment for women in the community.",,,,
71061777486645606X,GZA4962,Al-Hayat 2,https://app.zitemanager.org/#/sites/51309/submission-case-detail/71061777486645606X,2026-04-30,Closed,,abdullah90,ACTED,Active,-,260 - 2600118,Gaza - Northern Remal,2026-04-29,29/04/26,ACTED,PRM,2026-04-08,08-04-26,Community Participation and Representation,Community or Committee Meeting,,,3,0,0,0,3,0,3,0,,3,,,,,,,,,"Site Management Committee Establishment, Coordination or Planning",,,committee_planning,,,,,,,,,,,,,,"Introduction for the IOM project, Explanation for SM and 3 core activities, Site monitoring and strengthening the existing SMC etc.",,,,
47941777455546905I,KYS1926,Albwasil,https://app.zitemanager.org/#/sites/31920/submission-case-detail/47941777455546905I,2026-04-29,Closed,,bisan_harb,IOM,Active,ACTED,270 - 27002154,Khan Younis - Al Mawasi,2026-04-29,29/04/26,ACTED,PRM,2026-04-26,26-04-26,Community Participation and Representation,Community or Committee Meeting,,,13,7,0,0,20,0,13,7,,20,,,,,,,,,"Programming Specific Meetings (e.g. project inductions, cash for work, etc.)",,,program_specific_meeting,,,,,,,,,,,,,,"SM implemented orientation session for the Community-Led Initiatives (CLI), under Site Management (SM) activities, aim to promote community participation, ownership, and self-reliance by supporting projects that benefit the wider community rather than individuals. These initiatives contribute to key objectives such as improving safety, social cohesion, environmental conditions, community services, and group-based livelihoods.
The number and budget of initiatives are defined at the project design stage, while their distribution is determined by the SM team based on needs and context, in coordination with other humanitarian actors to avoid duplication.
Site committees act as the main applicants, ensuring inclusive consultations with community members to identify priorities. Diverse and gender-balanced participation, particularly women’s involvement in leadership, is strongly encouraged.
To support transparent and effective implementation, the SM team conducts orientation sessions with site-Level Committees, explaining the CLI objectives, eligibility criteria, application process, and roles and responsibilities. This ensures communities are well-informed and able to submit relevant and feasible proposals.",,,,
71061777486162076J,GZA4124,Housing the building of the Insurance and Pensions Authority,https://app.zitemanager.org/#/sites/38245/submission-case-detail/71061777486162076J,2026-04-30,Closed,,abdullah90,ACTED,Active,,260 - 2600118,Gaza - Northern Remal,2026-04-29,29/04/26,ACTED,PRM,2026-04-19,19-04-26,Community Participation and Representation,Community or Committee Meeting,,,12,8,1,0,21,1,13,8,,21,,,,,,,,,"Site Management Committee Establishment, Coordination or Planning",,,committee_planning,,,,,,,,,,,,,,"The Terms of Reference (ToR): Defining clear roles and responsibilities for both Acted staff and community committees. Providing a structural hierarchy (organigram) to streamline communication. Building community resilience through organized, collective decision-making.",,,,
71061777486099059O,GZA4124,Housing the building of the Insurance and Pensions Authority,https://app.zitemanager.org/#/sites/38245/submission-case-detail/71061777486099059O,2026-04-30,Closed,,abdullah90,ACTED,Active,,260 - 2600118,Gaza - Northern Remal,2026-04-29,29/04/26,ACTED,PRM,2026-04-09,09-04-26,Community Participation and Representation,Community or Committee Meeting,,,5,2,0,0,7,0,5,2,,7,,,,,,,,,"Site Management Committee Establishment, Coordination or Planning",,,committee_planning,,,,,,,,,,,,,,"Introduction for the IOM project, Explanation for SM and 3 core activities, Site monitoring and strengthening the existing SMC etc.",,,,
71061777486050061S,GZA4124,Housing the building of the Insurance and Pensions Authority,https://app.zitemanager.org/#/sites/38245/submission-case-detail/71061777486050061S,2026-04-30,Closed,,abdullah90,ACTED,Active,,260 - 2600118,Gaza - Northern Remal,2026-04-29,29/04/26,ACTED,PRM,2026-04-29,29-04-26,Community Participation and Representation,Capacity strengthening for community members,,,16,11,1,0,28,1,17,11,,28,,,,,,,,,,,,,,,,,,,,,,,,,,"The Site Management training session provided participants with an overview of site management principles and practices to ensure safe, dignified, and inclusive living conditions. It introduced the role of the Site Management Committee (SMC) in representing community members and supporting coordination with service providers.
The training covered key components including the Terms of Reference (ToR), Code of Conduct (CoC), and the roles and responsibilities of SMC members, emphasizing accountability, community participation, and effective communication.
It also highlighted the importance of Gender-Based Violence (GBV) prevention and response, focusing on identifying risks, promoting safe practices, and ensuring appropriate referral mechanisms. It also introduces the CFM.
Overall, the training aimed to strengthen participants’ capacity to support effective, protection-focused site management.",,,,
40521777374382974R,DEB3466,Al-Akhwa Site,https://app.zitemanager.org/#/sites/32580/submission-case-detail/40521777374382974R,2026-04-28,Closed,,tareqaljourani,NRC,Active,,265 - 26501147,Deir Al-Balah - An Nuseirat,2026-04-28,28/04/26,NRC,PRM,2026-03-24,24-03-26,Site Service Coordination and Monitoring,Safety Audits,,,,,,,,,0,0,,1,,,,,,,,No,,,,,,,,,,,,,,,,,,"The safety audit conducted at AlEkhwa site in Zawaida area identified several protection, safety, and environmental concerns affecting displaced families, particularly women and girls. The site hosts approximately 413 residents and experiences varying levels of overcrowding, with some sections suffering from congestion, limited privacy, and closely spaced tents. While pathways exist, they remain unpaved and uneven, limiting safe movement within the site.
Although lighting support has been provided, night lighting remains insufficient across the site. Existing lighting units do not adequately cover pathways and open spaces, and the operating duration is limited, increasing safety risks during nighttime movement.
Water and sanitation conditions are inadequate. There is no domestic water source inside the site, and residents depend on transported water deliveries from humanitarian organizations. Women and girls face significant burdens carrying water over long distances and are exposed to harassment, violence, and overcrowding during water collection. Most latrines are privately constructed and fail to meet minimum hygiene, accessibility, privacy, and protection standards. There are no designated bathing areas, and bathing takes place inside the same latrines, which are constructed from tarpaulin and fabric materials that do not ensure privacy. The existing women’s tent also does not provide sufficient privacy or protection.
The assessment further identified the presence of open pits covered only with basic metal sheets, creating serious safety and health hazards for residents. Waste management is also a major concern, as informal dumping areas around the site contribute to the spread of insects, diseases, and environmental health risks. Seasonal flooding affects low-lying areas within the site, causing rainwater accumulation and damage to tents due to soil erosion.
Additional concerns include the site being open and unfenced, increasing risks related to theft and insecurity. Fire hazards, rodents, reptiles, and the spread of diseases also pose significant threats to residents, especially during summer months. The assessment highlights urgent needs for improved lighting, fencing, safer WASH infrastructure, proper waste management, drainage improvements, and site maintenance activities, alongside livelihood and cash-for-work opportunities to support vulnerable households.",,,,
71061777486127060D,GZA4124,Housing the building of the Insurance and Pensions Authority,https://app.zitemanager.org/#/sites/38245/submission-case-detail/71061777486127060D,2026-04-30,Closed,,abdullah90,ACTED,Active,,260 - 2600118,Gaza - Northern Remal,2026-04-29,29/04/26,ACTED,PRM,2026-04-27,27-04-26,Community Participation and Representation,Community or Committee Meeting,,,11,9,1,0,21,0,12,9,,21,,,,,,,,,"Programming Specific Meetings (e.g. project inductions, cash for work, etc.)",,,program_specific_meeting,,,,,,,,,,,,,,"Community-Led Initiatives (CLI) session in site management focused on engaging residents in decision-making, identifying needs, and improving services through participation and coordination",,,,
40521777374678353X,DEB4629,Al-Qulub Al-Rahima Site,https://app.zitemanager.org/#/sites/46883/submission-case-detail/40521777374678353X,2026-04-28,Closed,,tareqaljourani,NRC,Active,,265 - 2650579,Deir Al-Balah - Al Awda,2026-04-28,28/04/26,NRC,PRM,2026-03-26,26-03-26,Site Service Coordination and Monitoring,Safety Audits,,,,,,,,,0,0,,1,,,,,,,,No,,,,,,,,,,,,,,,,,,"The safety audit conducted at AlQluob AlRaheema site in Zawaida area identified several protection, environmental, and infrastructure concerns affecting displaced families, particularly women and girls. The site hosts approximately 879 residents and, although most areas are not severely overcrowded, some sections remain congested. Pathways between tents are generally accessible but remain unpaved, creating movement difficulties for residents.
Night lighting across the site remains insufficient despite support from a lighting initiative. Existing lighting units are too limited to adequately cover pathways and open spaces, increasing safety risks during nighttime movement.
Water access is partially available through a municipal water source and storage tanks; however, supply is limited to only a few days per week. Drinking water is additionally supported through humanitarian organizations and local initiatives. Despite this, sanitation conditions remain inadequate. Most latrines are privately constructed and do not meet minimum hygiene, accessibility, privacy, or protection standards. There are no dedicated bathing areas, and displaced people use the same latrines for bathing. Facilities are not adapted for women, persons with disabilities, or other vulnerable groups, and privacy remains limited due to the use of tarpaulin and fabric materials. There is also no dedicated safe space for women, as the administrative tent is temporarily used for women’s activities.
The site contains several open pits covered only with fabric or metal sheets, posing serious safety and public health risks, including risks of falls and the spread of insects and diseases. Waste management is another major concern, with informal dumping areas located near the site boundaries contributing to environmental hazards and disease transmission. Seasonal flooding further affects the site, as low-lying areas accumulate rainwater and damage tents during winter periods.
Additional concerns include the site being open and unfenced, increasing risks related to theft and stray animals. Fire hazards, rodents, reptiles, and insect infestations also threaten residents, particularly during summer months. The assessment highlights urgent needs for improved lighting, safer sanitation infrastructure, waste management systems, drainage and land leveling interventions, tent maintenance, and enhanced protection measures for women and vulnerable groups.",,,,
71061777485210067I,GZA3314,Al Amal college,https://app.zitemanager.org/#/sites/32508/submission-case-detail/71061777485210067I,2026-04-30,Closed,,abdullah90,ACTED,Active,,260 - 2600118,Gaza - Northern Remal,2026-04-29,29/04/26,ACTED,PRM,2026-04-09,09-04-26,Community Participation and Representation,Community or Committee Meeting,,,3,0,0,0,3,0,3,0,,3,,,,,,,,,"Site Management Committee Establishment, Coordination or Planning",,,committee_planning,,,,,,,,,,,,,,"Introduction for the IOM project, Explanation for SM and 3 core activities, Site monitoring and strengthening the existing SMC etc.",,,,
71061777485259064Q,GZA3314,Al Amal college,https://app.zitemanager.org/#/sites/32508/submission-case-detail/71061777485259064Q,2026-04-30,Closed,,abdullah90,ACTED,Active,,260 - 2600118,Gaza - Northern Remal,2026-04-29,29/04/26,ACTED,PRM,2026-04-28,28-04-26,Community Participation and Representation,Community or Committee Meeting,,,12,5,0,0,17,0,12,5,,17,,,,,,,,,"Programming Specific Meetings (e.g. project inductions, cash for work, etc.)",,,program_specific_meeting,,,,,,,,,,,,,,"Community-Led Initiatives (CLI) session in site management focused on engaging residents in decision-making, identifying needs, and improving services through participation and coordination",,,,
71061777485301086H,GZA3314,Al Amal college,https://app.zitemanager.org/#/sites/32508/submission-case-detail/71061777485301086H,2026-04-30,Closed,,abdullah90,ACTED,Active,,260 - 2600118,Gaza - Northern Remal,2026-04-29,29/04/26,ACTED,PRM,2026-04-20,20-04-26,Community Participation and Representation,Community or Committee Meeting,,,15,5,0,0,20,0,15,5,,20,,,,,,,,,"Site Management Committee Establishment, Coordination or Planning",,,committee_planning,,,,,,,,,,,,,,"The Terms of Reference (ToR): Defining clear roles and responsibilities for both Acted staff and community committees. Providing a structural hierarchy (organigram) to streamline communication. Building community resilience through organized, collective decision-making.",,,,
40521777375154325X,KYS0963,Hai Alsalam Site,https://app.zitemanager.org/#/sites/32947/submission-case-detail/40521777375154325X,2026-04-28,Closed,,tareqaljourani,NRC,Active,,270 - 27002105,Khan Younis - At Tahrir,2026-04-28,28/04/26,NRC,PRM,2026-03-23,23-03-26,Site Service Coordination and Monitoring,Safety Audits,,,,,,,,,0,0,,1,,,,,,,,No,,,,,,,,,,,,,,,,,,"The safety audit conducted at Hay AlSalam site in Khan Younis identified serious protection, environmental, and infrastructure concerns affecting displaced families, particularly women and girls. The site hosts approximately 4,225 residents and experiences significant overcrowding in most areas, limiting movement space and reducing privacy for families. Although the site covers a relatively large area, many households lack adequate shelter space and safe movement pathways.
The absence of night lighting inside the site creates major safety and protection risks. Residents, especially women and children, face injuries during nighttime movement due to poor visibility, uneven ground, tent ropes, pegs, and open pits throughout the site.
Water access is partially available through private wells and drinking water trucks supported by humanitarian actors; however, the supply remains unstable and insufficient for the large population. Sanitation conditions are critically inadequate, as most latrines do not meet minimum hygiene, privacy, or accessibility standards. There are no dedicated bathing facilities, and residents use the same latrines for bathing. Facilities are not adapted for women, persons with disabilities, or other vulnerable groups, and some latrines lack proper roof coverage. Although a women’s tent exists through humanitarian support, it does not provide sufficient privacy or protection standards.
The site contains numerous open pits covered with temporary materials such as fabric and metal sheets, posing serious risks of injury, disease transmission, and insect infestation. Solid waste accumulation is also a major concern due to insufficient waste management services and informal dumping areas around the site boundaries, contributing to poor environmental health conditions.
Seasonal flooding significantly affects the site, as low-lying areas accumulate rainwater, causing erosion, tent damage, and restricted access to and from the site. Flooding has also damaged personal belongings and disrupted movement for residents. Additional concerns include theft risks, attacks by stray animals, fire incidents, and increasing threats from insects, rodents, and reptiles. The assessment highlights urgent needs for improved lighting, drainage systems, waste management, safer sanitation infrastructure, site leveling, fencing, and enhanced protection measures for women and vulnerable groups, alongside cash-for-work opportunities to support site maintenance and cleaning activities.",,,,
40521777375412098O,KYS2041,Safad Camp,https://app.zitemanager.org/#/sites/31954/submission-case-detail/40521777375412098O,2026-04-28,Closed,,tareqaljourani,NRC,Active,,270 - 27002105,Khan Younis - At Tahrir,2026-04-28,28/04/26,NRC,PRM,2026-03-26,26-03-26,Site Service Coordination and Monitoring,Safety Audits,,,,,,,,,0,0,,1,,,,,,,,No,,,,,,,,,,,,,,,,,,"The safety audit conducted at Safad site in Khan Younis identified major protection, environmental, and infrastructure concerns affecting displaced families, particularly women and girls. The site hosts approximately 1,180 residents and experiences overcrowding in most areas despite its relatively limited space. Movement inside the site is hindered by unprepared pathways, tent ropes, pegs, and open pits, creating unsafe conditions for residents.
The absence of night lighting across the site significantly increases protection risks, especially for women and children. Numerous injuries have been reported due to falls into pits, rain-dug holes, and obstacles during nighttime movement.
Water and sanitation conditions remain critically inadequate. Domestic water is supplied through a limited and insufficient source, while access to drinking water has become increasingly difficult following interruptions in previous support services. Displaced families are forced to transport water over long distances, placing heavy physical burdens on women and children. Most latrines are privately constructed and fail to meet minimum hygiene, accessibility, and privacy standards. There are no designated bathing facilities, and sanitation facilities are not adapted for women, persons with disabilities, or other vulnerable groups. In addition, there is no dedicated safe space for women, as the administrative tent is temporarily used for women’s activities.
The site contains numerous open pits covered only with temporary materials such as fabric or metal sheets, creating serious risks of injury, disease transmission, and insect infestation. Waste management services are inconsistent, leading to waste accumulation during service interruptions and increasing environmental health risks. Seasonal flooding also severely affects the site, with rainwater accumulating in low-lying areas, damaging tents, restricting movement, and creating additional health hazards when mixed with wastewater from pits.
Additional concerns include the site being open and unfenced, exposing residents to theft and risks from stray animals. Fire risks, rodents, reptiles, and the spread of diseases further threaten residents, particularly during summer months. The assessment highlights urgent needs for improved lighting, drainage systems, safer sanitation infrastructure, site leveling, waste management, protection measures for women and children, and cash-for-work activities to support rehabilitation and maintenance interventions within the site.",,,,
71061777480982215J,GZA5311,Watan,https://app.zitemanager.org/#/sites/52055/submission-case-detail/71061777480982215J,2026-04-30,Closed,,abdullah90,IOM,Active,ACTED,260 - 2600120,Gaza - Ad Darraj,2026-04-29,29/04/26,ACTED,PRM,2026-04-26,26-04-26,Community Participation and Representation,Community or Committee Meeting,,,6,8,0,0,14,0,6,8,,14,,,,,,,,,"Site Management Committee Establishment, Coordination or Planning",,,committee_planning,,,,,,,,,,,,,,"The Terms of Reference (ToR): Defining clear roles and responsibilities for both Acted staff and community committees. Providing a structural hierarchy (organigram) to streamline communication. Building community resilience through organized, collective decision-making.",,,,
40521777375602421J,KYS4356,Al-Noor (Al-Nakheel),https://app.zitemanager.org/#/sites/39913/submission-case-detail/40521777375602421J,2026-04-28,Closed,,tareqaljourani,NRC,Active,,270 - 27002105,Khan Younis - At Tahrir,2026-04-28,28/04/26,NRC,PRM,2026-03-25,25-03-26,Site Service Coordination and Monitoring,Safety Audits,,,,,,,,,0,0,,1,,,,,,,,No,,,,,,,,,,,,,,,,,,"The safety audit conducted at Al-nour (AlNakheel) site in Khan Younis identified serious protection, environmental, and infrastructure concerns affecting displaced families, particularly women and girls. The site hosts approximately 4,800 residents and experiences severe overcrowding across most areas despite its relatively large size. Movement inside the site is hindered by unprepared pathways, tent ropes, pegs, and open pits, creating unsafe conditions for residents.
The absence of night lighting throughout the site significantly increases protection and safety risks, especially for women and children. Residents face frequent injuries during nighttime movement due to poor visibility, uneven terrain, rain-dug holes, and open pits.
Water and sanitation conditions remain critically inadequate. Domestic water supplies were previously available through private wells but were interrupted due to technical failures, forcing displaced families to rely on irregular water truck deliveries that remain insufficient for the large population. Most latrines are privately constructed and do not meet minimum hygiene, accessibility, or privacy standards. There are no designated bathing facilities, and sanitation facilities are not adapted for women, persons with disabilities, or vulnerable groups. In addition, there is no dedicated safe space for women, with the administrative tent temporarily used for women’s activities.
The site contains numerous open pits, some of which are uncovered or overflowing, posing serious risks of injury, disease transmission, and insect infestation. Wastewater disposal practices, including direct discharge into pathways, further worsen environmental health conditions. Waste management services remain limited, with some residents burying waste inside the site due to insufficient disposal mechanisms.
Seasonal flooding presents another major challenge, as clay soil and low-lying areas lead to rainwater accumulation, damaging tents and restricting movement within the site. Additional concerns include theft risks, stray animals, and recurring fire incidents that have resulted in the loss of tents and personal belongings. The spread of insects, rodents, snakes, and reptiles also increases health risks, particularly during summer months. The assessment highlights urgent needs for improved lighting, drainage systems, safer sanitation infrastructure, waste management, site leveling, protection measures for women and children, and livelihood opportunities to support cleaning, maintenance, and aid distribution activities.",,,,
40521777375742104B,KYS3920,Al-Ard Al-tayiba,https://app.zitemanager.org/#/sites/32798/submission-case-detail/40521777375742104B,2026-04-28,Closed,,tareqaljourani,NRC,Active,,270 - 27002105,Khan Younis - At Tahrir,2026-04-28,28/04/26,NRC,PRM,2026-03-25,25-03-26,Site Service Coordination and Monitoring,Safety Audits,,,,,,,,,0,0,,1,,,,,,,,No,,,,,,,,,,,,,,,,,,"The safety audit conducted at AlArd AlTaiba site in Khan Younis identified several protection, environmental, and infrastructure concerns affecting displaced families, particularly women and girls. The site hosts approximately 3,584 residents. Although the site covers a relatively large area, many sections remain congested, and movement is hindered by unprepared pathways, tent ropes, pegs, and open pits throughout the site.
The absence of adequate night lighting creates significant safety risks for residents, especially women and children. Multiple injuries have been reported due to nighttime movement accidents, including falls into open pits and tripping over obstacles within pathways.
Water access is relatively available through private wells and humanitarian support for drinking water; however, sustainability remains a concern, particularly during summer months. Sanitation conditions remain critically inadequate. Public latrines in one section of the site require urgent maintenance and fail to provide minimum standards of privacy, dignity, and safety. Most other latrines are makeshift structures built from tarpaulin and wooden materials and are not suitable for women, persons with disabilities, or vulnerable groups. There are also no designated bathing facilities, and residents use latrines for bathing purposes. In addition, there is no dedicated safe space for women, as the administrative tent is temporarily used for women’s activities.
The site contains numerous open pits covered with temporary materials such as fabric and metal sheets, posing serious risks of injury, disease transmission, and insect infestation. Most pits are already full, and the site urgently requires sewage pumping and rehabilitation interventions. Waste management services are partially functioning; however, waste accumulation increases whenever cleaning projects are suspended, and families continue to face shortages of garbage disposal materials.
Seasonal flooding also affects the site, particularly in low-lying areas where rainwater accumulates and damages tents. Families living in elevated sections face additional mobility restrictions during rainy periods. Other concerns include fire risks, stray animals, rodents, reptiles, and the spread of insects and diseases, especially during summer months. The assessment highlights urgent needs for improved lighting, drainage systems, sewage management, safer sanitation facilities, pit rehabilitation, waste management, land leveling, tent maintenance, and enhanced protection measures for women and vulnerable groups, alongside cash-for-work opportunities to support site improvement activities.",,,,
40521777375867630D,KYS4438,Al-Sawaid Site,https://app.zitemanager.org/#/sites/43619/submission-case-detail/40521777375867630D,2026-04-28,Closed,,tareqaljourani,NRC,Active,,270 - 27002105,Khan Younis - At Tahrir,2026-04-28,28/04/26,NRC,PRM,2026-03-25,25-03-26,Site Service Coordination and Monitoring,Safety Audits,,,,,,,,,0,0,,1,,,,,,,,No,,,,,,,,,,,,,,,,,,"The safety audit conducted at AlArd AlTaiba site in Khan Younis identified several protection, environmental, and infrastructure concerns affecting displaced families, particularly women and girls. The site hosts approximately 3,584 residents. Although the site covers a relatively large area, many sections remain congested, and movement is hindered by unprepared pathways, tent ropes, pegs, and open pits throughout the site.
The absence of adequate night lighting creates significant safety risks for residents, especially women and children. Multiple injuries have been reported due to nighttime movement accidents, including falls into open pits and tripping over obstacles within pathways.
Water access is relatively available through private wells and humanitarian support for drinking water; however, sustainability remains a concern, particularly during summer months. Sanitation conditions remain critically inadequate. Public latrines in one section of the site require urgent maintenance and fail to provide minimum standards of privacy, dignity, and safety. Most other latrines are makeshift structures built from tarpaulin and wooden materials and are not suitable for women, persons with disabilities, or vulnerable groups. There are also no designated bathing facilities, and residents use latrines for bathing purposes. In addition, there is no dedicated safe space for women, as the administrative tent is temporarily used for women’s activities.
The site contains numerous open pits covered with temporary materials such as fabric and metal sheets, posing serious risks of injury, disease transmission, and insect infestation. Most pits are already full, and the site urgently requires sewage pumping and rehabilitation interventions. Waste management services are partially functioning; however, waste accumulation increases whenever cleaning projects are suspended, and families continue to face shortages of garbage disposal materials.
Seasonal flooding also affects the site, particularly in low-lying areas where rainwater accumulates and damages tents. Families living in elevated sections face additional mobility restrictions during rainy periods. Other concerns include fire risks, stray animals, rodents, reptiles, and the spread of insects and diseases, especially during summer months. The assessment highlights urgent needs for improved lighting, drainage systems, sewage management, safer sanitation facilities, pit rehabilitation, waste management, land leveling, tent maintenance, and enhanced protection measures for women and vulnerable groups, alongside cash-for-work opportunities to support site improvement activities.",,,,
71061777480814049N,GZA5311,Watan,https://app.zitemanager.org/#/sites/52055/submission-case-detail/71061777480814049N,2026-04-30,Closed,,abdullah90,IOM,Active,ACTED,260 - 2600120,Gaza - Ad Darraj,2026-04-29,29/04/26,ACTED,PRM,2026-04-08,08-04-26,Community Participation and Representation,Community or Committee Meeting,,,6,1,0,0,7,0,6,1,,7,,,,,,,,,"Site Management Committee Establishment, Coordination or Planning",,,committee_planning,,,,,,,,,,,,,,"Introduction for the IOM project, Explanation for SM and 3 core activities, Site monitoring and strengthening the existing SMC etc.",,,,
71061777481254985T,GZA5311,Watan,https://app.zitemanager.org/#/sites/52055/submission-case-detail/71061777481254985T,2026-04-30,Closed,,abdullah90,IOM,Active,ACTED,260 - 2600120,Gaza - Ad Darraj,2026-04-29,29/04/26,ACTED,PRM,2026-04-27,27-04-26,"Two-Way Information Sharing, Feedback and Complaints",Awareness sessions,,,11,,2,,13,0,13,0,No,13,,,,,,,,,,UXOs/Mine Action,,uxos,No Items,,,,,,,,,0,,,,"Risks of unexploded ordnance (UXO), how to recognize potential hazards, follow safety procedures, and take appropriate actions to prevent accidents and ensure worker safety.",,,,
71061777486400072B,GZA5001,Alwaad,https://app.zitemanager.org/#/sites/51310/submission-case-detail/71061777486400072B,2026-04-30,Closed,,abdullah90,ACTED,Active,-,260 - 2600118,Gaza - Northern Remal,2026-04-29,29/04/26,ACTED,PRM,2026-04-08,08-04-26,Community Participation and Representation,Community or Committee Meeting,,,4,1,0,0,5,0,4,1,,5,,,,,,,,,"Site Management Committee Establishment, Coordination or Planning",,,committee_planning,,,,,,,,,,,,,,"Introduction for the IOM project, Explanation for SM and 3 core activities, Site monitoring and strengthening the existing SMC etc.",,,,
71061777486435088Z,GZA5001,Alwaad,https://app.zitemanager.org/#/sites/51310/submission-case-detail/71061777486435088Z,2026-04-30,Closed,,abdullah90,ACTED,Active,-,260 - 2600118,Gaza - Northern Remal,2026-04-29,29/04/26,ACTED,PRM,2026-04-27,27-04-26,Community Participation and Representation,Community or Committee Meeting,,,6,3,0,0,9,0,6,3,,9,,,,,,,,,"Programming Specific Meetings (e.g. project inductions, cash for work, etc.)",,,program_specific_meeting,,,,,,,,,,,,,,"Community-Led Initiatives (CLI) session in site management focused on engaging residents in decision-making, identifying needs, and improving services through participation and coordination",,,,
71061777486463071Y,GZA5001,Alwaad,https://app.zitemanager.org/#/sites/51310/submission-case-detail/71061777486463071Y,2026-04-30,Closed,,abdullah90,ACTED,Active,-,260 - 2600118,Gaza - Northern Remal,2026-04-29,29/04/26,ACTED,PRM,2026-04-23,23-04-26,Community Participation and Representation,Community or Committee Meeting,,,11,8,0,0,19,0,11,8,,19,,,,,,,,,"Site Management Committee Establishment, Coordination or Planning",,,committee_planning,,,,,,,,,,,,,,"The Terms of Reference (ToR): Defining clear roles and responsibilities for both Acted staff and community committees. Providing a structural hierarchy (organigram) to streamline communication. Building community resilience through organized, collective decision-making.",,,,
71061777486533084V,GZA5001,Alwaad,https://app.zitemanager.org/#/sites/51310/submission-case-detail/71061777486533084V,2026-04-30,Closed,,abdullah90,ACTED,Active,-,260 - 2600118,Gaza - Northern Remal,2026-04-29,29/04/26,ACTED,PRM,2026-04-28,28-04-26,Site Service Coordination and Monitoring,Safety Audits,,,,,,,,,0,0,,1,,,,,,,,No,,,,,,,,,,,,,,,,,,"FGD  – Men and Persons with Disabilities (PwDs)
The discussion guide explores the roles, experiences, and challenges faced by men and persons with disabilities (PwDs) in the community, both before and during the current crisis. It examines changes in daily responsibilities, levels of independence, and reliance on others for basic activities.
It also focuses on access to food, non-food items, and essential services, including how these resources are distributed, controlled, and whether access is equitable. Particular attention is given to barriers faced by PwDs in accessing facilities such as water points, latrines, health centers, and distribution sites.
The questions assess awareness of complaint and feedback mechanisms in cases of inequality, and identify the most vulnerable groups within the community, along with the key protection risks faced by men and boys.
Additionally, the guide explores priority needs of men and PwDs, their participation in community activities, and their roles in decision-making processes. It examines the extent to which they are represented in community leadership structures and how decisions impact vulnerable groups.
Barriers to participation and voicing concerns are highlighted, alongside existing or potential mechanisms that could enhance inclusion and representation. The discussion also addresses psychosocial pressures on men, particularly related to providing for their families.
Finally, the questions investigate safety concerns, including unsafe locations, emergency preparedness, and main protection risks. They explore available support systems, reporting mechanisms, and recommendations for creating a safer and more inclusive environment for men and PwDs.",,,,
71061777486554308U,GZA5001,Alwaad,https://app.zitemanager.org/#/sites/51310/submission-case-detail/71061777486554308U,2026-04-30,Closed,,abdullah90,ACTED,Active,-,260 - 2600118,Gaza - Northern Remal,2026-04-29,29/04/26,ACTED,PRM,2026-04-28,28-04-26,Site Service Coordination and Monitoring,Safety Audits,,,,,,,,,0,0,,1,,,,,,,,No,,,,,,,,,,,,,,,,,,"FGD  – Women (18-54) Year
The discussion guide examines the roles and responsibilities of women within the community, comparing current conditions with the period before the crisis. It explores daily life, lived experiences, and levels of independence, including reliance on others for routine activities.
It also investigates access to food, non-food items, and essential services, focusing on how resources are obtained, controlled, and whether women have equitable access and decision-making power over their use. Special attention is given to physical accessibility of key facilities such as latrines, water points, health centers, and distribution sites, as well as challenges faced during service access.
The questions assess awareness of complaint and feedback mechanisms in cases of unequal access, and identify the most vulnerable groups in the community along with the underlying causes of their vulnerability.
Furthermore, the guide explores the priority needs of women, their participation in community activities, and the extent of their roles and influence in decision-making processes. It evaluates their representation within community leadership structures and gathers suggestions for improving their inclusion and advocacy.
Barriers preventing women from expressing their concerns are highlighted, alongside potential mechanisms to enhance their participation. The role of men and boys in supporting women’s involvement in decision-making is also examined.
Finally, the discussion addresses safety and protection concerns, including unsafe locations, risks faced by women, emergency preparedness, and access to support systems. It also gathers recommendations for creating a safer, more inclusive, and enabling environment for women in the community.",,,,
71061777488416324X,GZA4122,Al Buraq School and Camp,https://app.zitemanager.org/#/sites/38243/submission-case-detail/71061777488416324X,2026-04-30,Closed,,abdullah90,ACTED,Active,,260 - 2600118,Gaza - Northern Remal,2026-04-29,29/04/26,ACTED,PRM,2026-04-08,08-04-26,Community Participation and Representation,Community or Committee Meeting,,,6,0,0,0,6,0,6,0,,6,,,,,,,,,"Site Management Committee Establishment, Coordination or Planning",,,committee_planning,,,,,,,,,,,,,,"Introduction for the IOM project, Explanation for SM and 3 core activities, Site monitoring and strengthening the existing SMC etc.",,,,
71061777488458094W,GZA4122,Al Buraq School and Camp,https://app.zitemanager.org/#/sites/38243/submission-case-detail/71061777488458094W,2026-04-30,Closed,,abdullah90,ACTED,Active,,260 - 2600118,Gaza - Northern Remal,2026-04-29,29/04/26,ACTED,PRM,2026-04-27,27-04-26,Community Participation and Representation,Community or Committee Meeting,,,14,5,1,0,20,0,15,5,,20,,,,,,,,,"Programming Specific Meetings (e.g. project inductions, cash for work, etc.)",,,program_specific_meeting,,,,,,,,,,,,,,"Community-Led Initiatives (CLI) session in site management focused on engaging residents in decision-making, identifying needs, and improving services through participation and coordination",,,,
71061777488486143R,GZA4122,Al Buraq School and Camp,https://app.zitemanager.org/#/sites/38243/submission-case-detail/71061777488486143R,2026-04-30,Closed,,abdullah90,ACTED,Active,,260 - 2600118,Gaza - Northern Remal,2026-04-29,29/04/26,ACTED,PRM,2026-04-19,19-04-26,Community Participation and Representation,Community or Committee Meeting,,,14,6,1,0,21,0,15,6,,21,,,,,,,,,"Site Management Committee Establishment, Coordination or Planning",,,committee_planning,,,,,,,,,,,,,,"The Terms of Reference (ToR): Defining clear roles and responsibilities for both Acted staff and community committees. Providing a structural hierarchy (organigram) to streamline communication. Building community resilience through organized, collective decision-making.",,,,
71061777488577154D,GZA4122,Al Buraq School and Camp,https://app.zitemanager.org/#/sites/38243/submission-case-detail/71061777488577154D,2026-04-30,Closed,,abdullah90,ACTED,Active,,260 - 2600118,Gaza - Northern Remal,2026-04-29,29/04/26,ACTED,PRM,2026-04-16,16-04-26,Site Service Coordination and Monitoring,Safety Audits,,,,,,,,,0,0,,1,,,,,,,,No,,,,,,,,,,,,,,,,,,"FGD  – Men and Persons with Disabilities (PwDs)
The discussion guide explores the roles, experiences, and challenges faced by men and persons with disabilities (PwDs) in the community, both before and during the current crisis. It examines changes in daily responsibilities, levels of independence, and reliance on others for basic activities.
It also focuses on access to food, non-food items, and essential services, including how these resources are distributed, controlled, and whether access is equitable. Particular attention is given to barriers faced by PwDs in accessing facilities such as water points, latrines, health centers, and distribution sites.
The questions assess awareness of complaint and feedback mechanisms in cases of inequality, and identify the most vulnerable groups within the community, along with the key protection risks faced by men and boys.
Additionally, the guide explores priority needs of men and PwDs, their participation in community activities, and their roles in decision-making processes. It examines the extent to which they are represented in community leadership structures and how decisions impact vulnerable groups.
Barriers to participation and voicing concerns are highlighted, alongside existing or potential mechanisms that could enhance inclusion and representation. The discussion also addresses psychosocial pressures on men, particularly related to providing for their families.
Finally, the questions investigate safety concerns, including unsafe locations, emergency preparedness, and main protection risks. They explore available support systems, reporting mechanisms, and recommendations for creating a safer and more inclusive environment for men and PwDs.",,,,
71061777488577625N,GZA4122,Al Buraq School and Camp,https://app.zitemanager.org/#/sites/38243/submission-case-detail/71061777488577625N,2026-04-30,Closed,,abdullah90,ACTED,Active,,260 - 2600118,Gaza - Northern Remal,2026-04-29,29/04/26,ACTED,PRM,2026-04-27,27-04-26,Site Service Coordination and Monitoring,Safety Audits,,,,,,,,,0,0,,1,,,,,,,,No,,,,,,,,,,,,,,,,,,"FGD  – Women (18-54) Year
The discussion guide examines the roles and responsibilities of women within the community, comparing current conditions with the period before the crisis. It explores daily life, lived experiences, and levels of independence, including reliance on others for routine activities.
It also investigates access to food, non-food items, and essential services, focusing on how resources are obtained, controlled, and whether women have equitable access and decision-making power over their use. Special attention is given to physical accessibility of key facilities such as latrines, water points, health centers, and distribution sites, as well as challenges faced during service access.
The questions assess awareness of complaint and feedback mechanisms in cases of unequal access, and identify the most vulnerable groups in the community along with the underlying causes of their vulnerability.
Furthermore, the guide explores the priority needs of women, their participation in community activities, and the extent of their roles and influence in decision-making processes. It evaluates their representation within community leadership structures and gathers suggestions for improving their inclusion and advocacy.
Barriers preventing women from expressing their concerns are highlighted, alongside potential mechanisms to enhance their participation. The role of men and boys in supporting women’s involvement in decision-making is also examined.
Finally, the discussion addresses safety and protection concerns, including unsafe locations, risks faced by women, emergency preparedness, and access to support systems. It also gathers recommendations for creating a safer, more inclusive, and enabling environment for women in the community.",,,,
71061777488619218E,GZA4122,Al Buraq School and Camp,https://app.zitemanager.org/#/sites/38243/submission-case-detail/71061777488619218E,2026-04-30,Closed,,abdullah90,ACTED,Active,,260 - 2600118,Gaza - Northern Remal,2026-04-29,29/04/26,ACTED,PRM,2026-04-19,19-04-26,Site Service Coordination and Monitoring,Safety Audits,,,,,,,,,0,0,,1,,,,,,,,No,,,,,,,,,,,,,,,,,,"FGD  – Women > 50 Year
The discussion guide examines the roles and responsibilities of women within the community, comparing current conditions with the period before the crisis. It explores daily life, lived experiences, and levels of independence, including reliance on others for routine activities.
It also investigates access to food, non-food items, and essential services, focusing on how resources are obtained, controlled, and whether women have equitable access and decision-making power over their use. Special attention is given to physical accessibility of key facilities such as latrines, water points, health centers, and distribution sites, as well as challenges faced during service access.
The questions assess awareness of complaint and feedback mechanisms in cases of unequal access, and identify the most vulnerable groups in the community along with the underlying causes of their vulnerability.
Furthermore, the guide explores the priority needs of women, their participation in community activities, and the extent of their roles and influence in decision-making processes. It evaluates their representation within community leadership structures and gathers suggestions for improving their inclusion and advocacy.
Barriers preventing women from expressing their concerns are highlighted, alongside potential mechanisms to enhance their participation. The role of men and boys in supporting women’s involvement in decision-making is also examined.
Finally, the discussion addresses safety and protection concerns, including unsafe locations, risks faced by women, emergency preparedness, and access to support systems. It also gathers recommendations for creating a safer, more inclusive, and enabling environment for women in the community.",,,,
71061777479903952W,GZA4726,Is'ad Al-Tufula Site,https://app.zitemanager.org/#/sites/47183/submission-case-detail/71061777479903952W,2026-04-30,Closed,,abdullah90,IOM,Active,ACTED,260 - 2600120,Gaza - Ad Darraj,2026-04-29,29/04/26,ACTED,PRM,2026-04-26,26-04-26,Community Participation and Representation,Community or Committee Meeting,,,10,8,1,0,19,1,11,8,,19,,,,,,,,,"Site Management Committee Establishment, Coordination or Planning",,,committee_planning,,,,,,,,,,,,,,"The Terms of Reference (ToR):Defining clear roles and responsibilities for both Acted staff and community committees. Providing a structural hierarchy (organigram) to streamline communication. Building community resilience through organized, collective decision-making.",,,,
71061777480239948L,GZA4726,Is'ad Al-Tufula Site,https://app.zitemanager.org/#/sites/47183/submission-case-detail/71061777480239948L,2026-04-30,Closed,,abdullah90,IOM,Active,ACTED,260 - 2600120,Gaza - Ad Darraj,2026-04-29,29/04/26,ACTED,PRM,2026-04-16,16-04-26,Site Service Coordination and Monitoring,Safety Audits,,,,,,,,,0,0,,1,,,,,,,,No,,,,,,,,,,,,,,,,,,"FGD  – Women (18-54) Year
The discussion guide examines the roles and responsibilities of women within the community, comparing current conditions with the period before the crisis. It explores daily life, lived experiences, and levels of independence, including reliance on others for routine activities.
It also investigates access to food, non-food items, and essential services, focusing on how resources are obtained, controlled, and whether women have equitable access and decision-making power over their use. Special attention is given to physical accessibility of key facilities such as latrines, water points, health centers, and distribution sites, as well as challenges faced during service access.
The questions assess awareness of complaint and feedback mechanisms in cases of unequal access, and identify the most vulnerable groups in the community along with the underlying causes of their vulnerability.
Furthermore, the guide explores the priority needs of women, their participation in community activities, and the extent of their roles and influence in decision-making processes. It evaluates their representation within community leadership structures and gathers suggestions for improving their inclusion and advocacy.
Barriers preventing women from expressing their concerns are highlighted, alongside potential mechanisms to enhance their participation. The role of men and boys in supporting women’s involvement in decision-making is also examined.
Finally, the discussion addresses safety and protection concerns, including unsafe locations, risks faced by women, emergency preparedness, and access to support systems. It also gathers recommendations for creating a safer, more inclusive, and enabling environment for women in the community.",,,,
71061777480309957Y,GZA4726,Is'ad Al-Tufula Site,https://app.zitemanager.org/#/sites/47183/submission-case-detail/71061777480309957Y,2026-04-30,Closed,,abdullah90,IOM,Active,ACTED,260 - 2600120,Gaza - Ad Darraj,2026-04-29,29/04/26,ACTED,PRM,2026-04-16,16-04-26,Site Service Coordination and Monitoring,Safety Audits,,,,,,,,,0,0,,1,,,,,,,,No,,,,,,,,,,,,,,,,,,"FGD  – Women > 50 Year
The discussion guide examines the roles and responsibilities of women within the community, comparing current conditions with the period before the crisis. It explores daily life, lived experiences, and levels of independence, including reliance on others for routine activities.
It also investigates access to food, non-food items, and essential services, focusing on how resources are obtained, controlled, and whether women have equitable access and decision-making power over their use. Special attention is given to physical accessibility of key facilities such as latrines, water points, health centers, and distribution sites, as well as challenges faced during service access.
The questions assess awareness of complaint and feedback mechanisms in cases of unequal access, and identify the most vulnerable groups in the community along with the underlying causes of their vulnerability.
Furthermore, the guide explores the priority needs of women, their participation in community activities, and the extent of their roles and influence in decision-making processes. It evaluates their representation within community leadership structures and gathers suggestions for improving their inclusion and advocacy.
Barriers preventing women from expressing their concerns are highlighted, alongside potential mechanisms to enhance their participation. The role of men and boys in supporting women’s involvement in decision-making is also examined.
Finally, the discussion addresses safety and protection concerns, including unsafe locations, risks faced by women, emergency preparedness, and access to support systems. It also gathers recommendations for creating a safer, more inclusive, and enabling environment for women in the community.",,,,
71061777479638770B,GZA4726,Is'ad Al-Tufula Site,https://app.zitemanager.org/#/sites/47183/submission-case-detail/71061777479638770B,2026-04-30,Closed,,abdullah90,IOM,Active,ACTED,260 - 2600120,Gaza - Ad Darraj,2026-04-29,29/04/26,ACTED,PRM,2026-04-08,08-04-26,Community Participation and Representation,Community or Committee Meeting,,,10,1,0,0,11,0,10,1,,11,,,,,,,,,"Site Management Committee Establishment, Coordination or Planning",,,committee_planning,,,,,,,,,,,,,,"Introduction for the IOM project, Explanation for SM and 3 core activities, Site monitoring and strengthening the existing SMC etc.",,,,
71061777480652960M,GZA4726,Is'ad Al-Tufula Site,https://app.zitemanager.org/#/sites/47183/submission-case-detail/71061777480652960M,2026-04-30,Closed,,abdullah90,IOM,Active,ACTED,260 - 2600120,Gaza - Ad Darraj,2026-04-29,29/04/26,ACTED,PRM,2026-04-27,27-04-26,"Two-Way Information Sharing, Feedback and Complaints",Awareness sessions,,,,21,,1,22,0,0,22,No,22,,,,,,,,,,UXOs/Mine Action,,uxos,No Items,,,,,,,,,0,,,,"Risks of unexploded ordnance (UXO), how to recognize potential hazards, follow safety procedures, and take appropriate actions to prevent accidents and ensure worker safety.",,,,
71061777479959940I,GZA4726,Is'ad Al-Tufula Site,https://app.zitemanager.org/#/sites/47183/submission-case-detail/71061777479959940I,2026-04-30,Closed,,abdullah90,IOM,Active,ACTED,260 - 2600120,Gaza - Ad Darraj,2026-04-29,29/04/26,ACTED,PRM,2026-04-16,16-04-26,Site Service Coordination and Monitoring,Safety Audits,,,,,,,,,0,0,,1,,,,,,,,No,,,,,,,,,,,,,,,,,,"FGD  – Men and Persons with Disabilities (PwDs)
The discussion guide explores the roles, experiences, and challenges faced by men and persons with disabilities (PwDs) in the community, both before and during the current crisis. It examines changes in daily responsibilities, levels of independence, and reliance on others for basic activities.
It also focuses on access to food, non-food items, and essential services, including how these resources are distributed, controlled, and whether access is equitable. Particular attention is given to barriers faced by PwDs in accessing facilities such as water points, latrines, health centers, and distribution sites.
The questions assess awareness of complaint and feedback mechanisms in cases of inequality, and identify the most vulnerable groups within the community, along with the key protection risks faced by men and boys.
Additionally, the guide explores priority needs of men and PwDs, their participation in community activities, and their roles in decision-making processes. It examines the extent to which they are represented in community leadership structures and how decisions impact vulnerable groups.
Barriers to participation and voicing concerns are highlighted, alongside existing or potential mechanisms that could enhance inclusion and representation. The discussion also addresses psychosocial pressures on men, particularly related to providing for their families.
Finally, the questions investigate safety concerns, including unsafe locations, emergency preparedness, and main protection risks. They explore available support systems, reporting mechanisms, and recommendations for creating a safer and more inclusive environment for men and PwDs.",,,,
71061777484538057Y,GZA0393,Amir Al-Mansi School,https://app.zitemanager.org/#/sites/31399/submission-case-detail/71061777484538057Y,2026-04-30,Closed,,abdullah90,ACTED,Active,,260 - 2600118,Gaza - Northern Remal,2026-04-29,29/04/26,ACTED,PRM,2026-04-09,09-04-26,Community Participation and Representation,Community or Committee Meeting,,,7,1,0,0,8,1,7,1,,8,,,,,,,,,"Site Management Committee Establishment, Coordination or Planning",,,committee_planning,,,,,,,,,,,,,,"Introduction for the IOM project, Explanation for SM and 3 core activities, Site monitoring and strengthening the existing SMC etc.",,,,
71061777484580064K,GZA0393,Amir Al-Mansi School,https://app.zitemanager.org/#/sites/31399/submission-case-detail/71061777484580064K,2026-04-30,Closed,,abdullah90,ACTED,Active,,260 - 2600118,Gaza - Northern Remal,2026-04-29,29/04/26,ACTED,PRM,2026-04-27,27-04-26,Community Participation and Representation,Community or Committee Meeting,,,12,6,0,0,18,1,12,6,,18,,,,,,,,,"Programming Specific Meetings (e.g. project inductions, cash for work, etc.)",,,program_specific_meeting,,,,,,,,,,,,,,"Community-Led Initiatives (CLI) session in site management focused on engaging residents in decision-making, identifying needs, and improving services through participation and coordination",,,,
71061777484685062Z,GZA0393,Amir Al-Mansi School,https://app.zitemanager.org/#/sites/31399/submission-case-detail/71061777484685062Z,2026-04-30,Closed,,abdullah90,ACTED,Active,,260 - 2600118,Gaza - Northern Remal,2026-04-29,29/04/26,ACTED,PRM,2026-04-19,19-04-26,Community Participation and Representation,Community or Committee Meeting,,,13,6,0,0,19,0,13,6,,19,,,,,,,,,"Site Management Committee Establishment, Coordination or Planning",,,committee_planning,,,,,,,,,,,,,,"The Terms of Reference (ToR): Defining clear roles and responsibilities for both Acted staff and community committees. Providing a structural hierarchy (organigram) to streamline communication. Building community resilience through organized, collective decision-making.",,,,
71061777485056044Q,GZA0393,Amir Al-Mansi School,https://app.zitemanager.org/#/sites/31399/submission-case-detail/71061777485056044Q,2026-04-30,Closed,,abdullah90,ACTED,Active,,260 - 2600118,Gaza - Northern Remal,2026-04-29,29/04/26,ACTED,PRM,2026-04-19,19-04-26,Site Service Coordination and Monitoring,Safety Audits,,,,,,,,,0,0,,1,,,,,,,,No,,,,,,,,,,,,,,,,,,"FGD  – Women (18-54) Year
The discussion guide examines the roles and responsibilities of women within the community, comparing current conditions with the period before the crisis. It explores daily life, lived experiences, and levels of independence, including reliance on others for routine activities.
It also investigates access to food, non-food items, and essential services, focusing on how resources are obtained, controlled, and whether women have equitable access and decision-making power over their use. Special attention is given to physical accessibility of key facilities such as latrines, water points, health centers, and distribution sites, as well as challenges faced during service access.
The questions assess awareness of complaint and feedback mechanisms in cases of unequal access, and identify the most vulnerable groups in the community along with the underlying causes of their vulnerability.
Furthermore, the guide explores the priority needs of women, their participation in community activities, and the extent of their roles and influence in decision-making processes. It evaluates their representation within community leadership structures and gathers suggestions for improving their inclusion and advocacy.
Barriers preventing women from expressing their concerns are highlighted, alongside potential mechanisms to enhance their participation. The role of men and boys in supporting women’s involvement in decision-making is also examined.
Finally, the discussion addresses safety and protection concerns, including unsafe locations, risks faced by women, emergency preparedness, and access to support systems. It also gathers recommendations for creating a safer, more inclusive, and enabling environment for women in the community.",,,,
71061777484790058K,GZA0393,Amir Al-Mansi School,https://app.zitemanager.org/#/sites/31399/submission-case-detail/71061777484790058K,2026-04-30,Closed,,abdullah90,ACTED,Active,,260 - 2600118,Gaza - Northern Remal,2026-04-29,29/04/26,ACTED,PRM,2026-04-19,19-04-26,Site Service Coordination and Monitoring,Safety Audits,,,,,,,,,0,0,,1,,,,,,,,No,,,,,,,,,,,,,,,,,,"FGD  – Women > 50 Year
The discussion guide examines the roles and responsibilities of women within the community, comparing current conditions with the period before the crisis. It explores daily life, lived experiences, and levels of independence, including reliance on others for routine activities.
It also investigates access to food, non-food items, and essential services, focusing on how resources are obtained, controlled, and whether women have equitable access and decision-making power over their use. Special attention is given to physical accessibility of key facilities such as latrines, water points, health centers, and distribution sites, as well as challenges faced during service access.
The questions assess awareness of complaint and feedback mechanisms in cases of unequal access, and identify the most vulnerable groups in the community along with the underlying causes of their vulnerability.
Furthermore, the guide explores the priority needs of women, their participation in community activities, and the extent of their roles and influence in decision-making processes. It evaluates their representation within community leadership structures and gathers suggestions for improving their inclusion and advocacy.
Barriers preventing women from expressing their concerns are highlighted, alongside potential mechanisms to enhance their participation. The role of men and boys in supporting women’s involvement in decision-making is also examined.
Finally, the discussion addresses safety and protection concerns, including unsafe locations, risks faced by women, emergency preparedness, and access to support systems. It also gathers recommendations for creating a safer, more inclusive, and enabling environment for women in the community.",,,,
71061777484734051E,GZA0393,Amir Al-Mansi School,https://app.zitemanager.org/#/sites/31399/submission-case-detail/71061777484734051E,2026-04-30,Closed,,abdullah90,ACTED,Active,,260 - 2600118,Gaza - Northern Remal,2026-04-29,29/04/26,ACTED,PRM,2026-04-19,19-04-26,Site Service Coordination and Monitoring,Safety Audits,,,,,,,,,0,0,,1,,,,,,,,No,,,,,,,,,,,,,,,,,,"FGD  – Men and Persons with Disabilities (PwDs)
The discussion guide explores the roles, experiences, and challenges faced by men and persons with disabilities (PwDs) in the community, both before and during the current crisis. It examines changes in daily responsibilities, levels of independence, and reliance on others for basic activities.
It also focuses on access to food, non-food items, and essential services, including how these resources are distributed, controlled, and whether access is equitable. Particular attention is given to barriers faced by PwDs in accessing facilities such as water points, latrines, health centers, and distribution sites.
The questions assess awareness of complaint and feedback mechanisms in cases of inequality, and identify the most vulnerable groups within the community, along with the key protection risks faced by men and boys.
Additionally, the guide explores priority needs of men and PwDs, their participation in community activities, and their roles in decision-making processes. It examines the extent to which they are represented in community leadership structures and how decisions impact vulnerable groups.
Barriers to participation and voicing concerns are highlighted, alongside existing or potential mechanisms that could enhance inclusion and representation. The discussion also addresses psychosocial pressures on men, particularly related to providing for their families.
Finally, the questions investigate safety concerns, including unsafe locations, emergency preparedness, and main protection risks. They explore available support systems, reporting mechanisms, and recommendations for creating a safer and more inclusive environment for men and PwDs.",,,,
71061777483614016X,GZA0391,Palestine Secondary School for Boys Shelter,https://app.zitemanager.org/#/sites/31398/submission-case-detail/71061777483614016X,2026-04-30,Closed,,abdullah90,ACTED,Active,,260 - 2600118,Gaza - Northern Remal,2026-04-29,29/04/26,ACTED,PRM,2026-04-09,09-04-26,Community Participation and Representation,Community or Committee Meeting,,,4,0,0,0,4,0,4,0,,4,,,,,,,,,"Site Management Committee Establishment, Coordination or Planning",,,committee_planning,,,,,,,,,,,,,,"Introduction for the IOM project, Explanation for SM and 3 core activities, Site monitoring and strengthening the existing SMC etc.",,,,
71061777483656022G,GZA0391,Palestine Secondary School for Boys Shelter,https://app.zitemanager.org/#/sites/31398/submission-case-detail/71061777483656022G,2026-04-30,Closed,,abdullah90,ACTED,Active,,260 - 2600118,Gaza - Northern Remal,2026-04-29,29/04/26,ACTED,PRM,2026-04-27,27-04-26,Community Participation and Representation,Community or Committee Meeting,,,9,5,0,0,14,0,9,5,,14,,,,,,,,,"Programming Specific Meetings (e.g. project inductions, cash for work, etc.)",,,program_specific_meeting,,,,,,,,,,,,,,"Community-Led Initiatives (CLI) session in site management focused on engaging residents in decision-making, identifying needs, and improving services through participation and coordination",,,,
71061777483698053K,GZA0391,Palestine Secondary School for Boys Shelter,https://app.zitemanager.org/#/sites/31398/submission-case-detail/71061777483698053K,2026-04-30,Closed,,abdullah90,ACTED,Active,,260 - 2600118,Gaza - Northern Remal,2026-04-29,29/04/26,ACTED,PRM,2026-04-27,27-04-26,Community Participation and Representation,Community or Committee Meeting,,,8,5,1,0,14,1,9,5,,14,,,,,,,,,"Site Management Committee Establishment, Coordination or Planning",,,committee_planning,,,,,,,,,,,,,,"The Terms of Reference (ToR): Defining clear roles and responsibilities for both Acted staff and community committees. Providing a structural hierarchy (organigram) to streamline communication. Building community resilience through organized, collective decision-making.",,,,
71061777483740021P,GZA0391,Palestine Secondary School for Boys Shelter,https://app.zitemanager.org/#/sites/31398/submission-case-detail/71061777483740021P,2026-04-30,Closed,,abdullah90,ACTED,Active,,260 - 2600118,Gaza - Northern Remal,2026-04-29,29/04/26,ACTED,PRM,2026-04-19,19-04-26,Site Service Coordination and Monitoring,Safety Audits,,,,,,,,,0,0,,1,,,,,,,,No,,,,,,,,,,,,,,,,,,"FGD  – Men and Persons with Disabilities (PwDs)
The discussion guide explores the roles, experiences, and challenges faced by men and persons with disabilities (PwDs) in the community, both before and during the current crisis. It examines changes in daily responsibilities, levels of independence, and reliance on others for basic activities.
It also focuses on access to food, non-food items, and essential services, including how these resources are distributed, controlled, and whether access is equitable. Particular attention is given to barriers faced by PwDs in accessing facilities such as water points, latrines, health centers, and distribution sites.
The questions assess awareness of complaint and feedback mechanisms in cases of inequality, and identify the most vulnerable groups within the community, along with the key protection risks faced by men and boys.
Additionally, the guide explores priority needs of men and PwDs, their participation in community activities, and their roles in decision-making processes. It examines the extent to which they are represented in community leadership structures and how decisions impact vulnerable groups.
Barriers to participation and voicing concerns are highlighted, alongside existing or potential mechanisms that could enhance inclusion and representation. The discussion also addresses psychosocial pressures on men, particularly related to providing for their families.
Finally, the questions investigate safety concerns, including unsafe locations, emergency preparedness, and main protection risks. They explore available support systems, reporting mechanisms, and recommendations for creating a safer and more inclusive environment for men and PwDs.",,,,
71061777484104033N,GZA0391,Palestine Secondary School for Boys Shelter,https://app.zitemanager.org/#/sites/31398/submission-case-detail/71061777484104033N,2026-04-30,Closed,,abdullah90,ACTED,Active,,260 - 2600118,Gaza - Northern Remal,2026-04-29,29/04/26,ACTED,PRM,2026-04-19,19-04-26,Site Service Coordination and Monitoring,Safety Audits,,,,,,,,,0,0,,1,,,,,,,,No,,,,,,,,,,,,,,,,,,"FGD  – Women > 50 Year
The discussion guide examines the roles and responsibilities of women within the community, comparing current conditions with the period before the crisis. It explores daily life, lived experiences, and levels of independence, including reliance on others for routine activities.
It also investigates access to food, non-food items, and essential services, focusing on how resources are obtained, controlled, and whether women have equitable access and decision-making power over their use. Special attention is given to physical accessibility of key facilities such as latrines, water points, health centers, and distribution sites, as well as challenges faced during service access.
The questions assess awareness of complaint and feedback mechanisms in cases of unequal access, and identify the most vulnerable groups in the community along with the underlying causes of their vulnerability.
Furthermore, the guide explores the priority needs of women, their participation in community activities, and the extent of their roles and influence in decision-making processes. It evaluates their representation within community leadership structures and gathers suggestions for improving their inclusion and advocacy.
Barriers preventing women from expressing their concerns are highlighted, alongside potential mechanisms to enhance their participation. The role of men and boys in supporting women’s involvement in decision-making is also examined.
Finally, the discussion addresses safety and protection concerns, including unsafe locations, risks faced by women, emergency preparedness, and access to support systems. It also gathers recommendations for creating a safer, more inclusive, and enabling environment for women in the community.",,,,
71061777483768013L,GZA0391,Palestine Secondary School for Boys Shelter,https://app.zitemanager.org/#/sites/31398/submission-case-detail/71061777483768013L,2026-04-30,Closed,,abdullah90,ACTED,Active,,260 - 2600118,Gaza - Northern Remal,2026-04-29,29/04/26,ACTED,PRM,2026-04-19,19-04-26,Site Service Coordination and Monitoring,Safety Audits,,,,,,,,,0,0,,1,,,,,,,,No,,,,,,,,,,,,,,,,,,"FGD  – Women (18-54) Year
The discussion guide examines the roles and responsibilities of women within the community, comparing current conditions with the period before the crisis. It explores daily life, lived experiences, and levels of independence, including reliance on others for routine activities.
It also investigates access to food, non-food items, and essential services, focusing on how resources are obtained, controlled, and whether women have equitable access and decision-making power over their use. Special attention is given to physical accessibility of key facilities such as latrines, water points, health centers, and distribution sites, as well as challenges faced during service access.
The questions assess awareness of complaint and feedback mechanisms in cases of unequal access, and identify the most vulnerable groups in the community along with the underlying causes of their vulnerability.
Furthermore, the guide explores the priority needs of women, their participation in community activities, and the extent of their roles and influence in decision-making processes. It evaluates their representation within community leadership structures and gathers suggestions for improving their inclusion and advocacy.
Barriers preventing women from expressing their concerns are highlighted, alongside potential mechanisms to enhance their participation. The role of men and boys in supporting women’s involvement in decision-making is also examined.
Finally, the discussion addresses safety and protection concerns, including unsafe locations, risks faced by women, emergency preparedness, and access to support systems. It also gathers recommendations for creating a safer, more inclusive, and enabling environment for women in the community.",,,,
71061777481492989L,GZA4441,Ayam Almassrah Site,https://app.zitemanager.org/#/sites/42230/submission-case-detail/71061777481492989L,2026-04-30,Closed,,abdullah90,ACTED,Active,-,260 - 2600118,Gaza - Northern Remal,2026-04-29,29/04/26,ACTED,PRM,2026-04-27,27-04-26,Community Participation and Representation,Community or Committee Meeting,,,11,4,1,0,16,1,12,4,,16,,,,,,,,,"Programming Specific Meetings (e.g. project inductions, cash for work, etc.)",,,program_specific_meeting,,,,,,,,,,,,,,"Community-Led Initiatives (CLI) session in site management focused on engaging residents in decision-making, identifying needs, and improving services through participation and coordination",,,,
71061777482305045L,GZA4441,Ayam Almassrah Site,https://app.zitemanager.org/#/sites/42230/submission-case-detail/71061777482305045L,2026-04-30,Closed,,abdullah90,ACTED,Active,-,260 - 2600118,Gaza - Northern Remal,2026-04-29,29/04/26,ACTED,PRM,2026-04-27,27-04-26,Community Participation and Representation,Community or Committee Meeting,,,11,4,1,0,16,1,12,4,,16,,,,,,,,,"Site Management Committee Establishment, Coordination or Planning",,,committee_planning,,,,,,,,,,,,,,"The Terms of Reference (ToR): Defining clear roles and responsibilities for both Acted staff and community committees. Providing a structural hierarchy (organigram) to streamline communication. Building community resilience through organized, collective decision-making.",,,,
71061777483313041F,GZA4441,Ayam Almassrah Site,https://app.zitemanager.org/#/sites/42230/submission-case-detail/71061777483313041F,2026-04-30,Closed,,abdullah90,ACTED,Active,-,260 - 2600118,Gaza - Northern Remal,2026-04-29,29/04/26,ACTED,PRM,2026-04-16,16-04-26,Site Service Coordination and Monitoring,Safety Audits,,,,,,,,,0,0,,1,,,,,,,,No,,,,,,,,,,,,,,,,,,"FGD  – Women > 50 Year
The discussion guide examines the roles and responsibilities of women within the community, comparing current conditions with the period before the crisis. It explores daily life, lived experiences, and levels of independence, including reliance on others for routine activities.
It also investigates access to food, non-food items, and essential services, focusing on how resources are obtained, controlled, and whether women have equitable access and decision-making power over their use. Special attention is given to physical accessibility of key facilities such as latrines, water points, health centers, and distribution sites, as well as challenges faced during service access.
The questions assess awareness of complaint and feedback mechanisms in cases of unequal access, and identify the most vulnerable groups in the community along with the underlying causes of their vulnerability.
Furthermore, the guide explores the priority needs of women, their participation in community activities, and the extent of their roles and influence in decision-making processes. It evaluates their representation within community leadership structures and gathers suggestions for improving their inclusion and advocacy.
Barriers preventing women from expressing their concerns are highlighted, alongside potential mechanisms to enhance their participation. The role of men and boys in supporting women’s involvement in decision-making is also examined.
Finally, the discussion addresses safety and protection concerns, including unsafe locations, risks faced by women, emergency preparedness, and access to support systems. It also gathers recommendations for creating a safer, more inclusive, and enabling environment for women in the community.",,,,
71061777483215021O,GZA4441,Ayam Almassrah Site,https://app.zitemanager.org/#/sites/42230/submission-case-detail/71061777483215021O,2026-04-30,Closed,,abdullah90,ACTED,Active,-,260 - 2600118,Gaza - Northern Remal,2026-04-29,29/04/26,ACTED,PRM,2026-04-16,16-04-26,Site Service Coordination and Monitoring,Safety Audits,,,,,,,,,0,0,,1,,,,,,,,No,,,,,,,,,,,,,,,,,,"FGD  – Men and Persons with Disabilities (PwDs)
The discussion guide explores the roles, experiences, and challenges faced by men and persons with disabilities (PwDs) in the community, both before and during the current crisis. It examines changes in daily responsibilities, levels of independence, and reliance on others for basic activities.
It also focuses on access to food, non-food items, and essential services, including how these resources are distributed, controlled, and whether access is equitable. Particular attention is given to barriers faced by PwDs in accessing facilities such as water points, latrines, health centers, and distribution sites.
The questions assess awareness of complaint and feedback mechanisms in cases of inequality, and identify the most vulnerable groups within the community, along with the key protection risks faced by men and boys.
Additionally, the guide explores priority needs of men and PwDs, their participation in community activities, and their roles in decision-making processes. It examines the extent to which they are represented in community leadership structures and how decisions impact vulnerable groups.
Barriers to participation and voicing concerns are highlighted, alongside existing or potential mechanisms that could enhance inclusion and representation. The discussion also addresses psychosocial pressures on men, particularly related to providing for their families.
Finally, the questions investigate safety concerns, including unsafe locations, emergency preparedness, and main protection risks. They explore available support systems, reporting mechanisms, and recommendations for creating a safer and more inclusive environment for men and PwDs.",,,,
71061777483250034R,GZA4441,Ayam Almassrah Site,https://app.zitemanager.org/#/sites/42230/submission-case-detail/71061777483250034R,2026-04-30,Closed,,abdullah90,ACTED,Active,-,260 - 2600118,Gaza - Northern Remal,2026-04-29,29/04/26,ACTED,PRM,2026-04-16,16-04-26,Site Service Coordination and Monitoring,Safety Audits,,,,,,,,,0,0,,1,,,,,,,,No,,,,,,,,,,,,,,,,,,"FGD  – Women (18-54) Year
The discussion guide examines the roles and responsibilities of women within the community, comparing current conditions with the period before the crisis. It explores daily life, lived experiences, and levels of independence, including reliance on others for routine activities.
It also investigates access to food, non-food items, and essential services, focusing on how resources are obtained, controlled, and whether women have equitable access and decision-making power over their use. Special attention is given to physical accessibility of key facilities such as latrines, water points, health centers, and distribution sites, as well as challenges faced during service access.
The questions assess awareness of complaint and feedback mechanisms in cases of unequal access, and identify the most vulnerable groups in the community along with the underlying causes of their vulnerability.
Furthermore, the guide explores the priority needs of women, their participation in community activities, and the extent of their roles and influence in decision-making processes. It evaluates their representation within community leadership structures and gathers suggestions for improving their inclusion and advocacy.
Barriers preventing women from expressing their concerns are highlighted, alongside potential mechanisms to enhance their participation. The role of men and boys in supporting women’s involvement in decision-making is also examined.
Finally, the discussion addresses safety and protection concerns, including unsafe locations, risks faced by women, emergency preparedness, and access to support systems. It also gathers recommendations for creating a safer, more inclusive, and enabling environment for women in the community.",,,,
71061777481443994X,GZA4441,Ayam Almassrah Site,https://app.zitemanager.org/#/sites/42230/submission-case-detail/71061777481443994X,2026-04-30,Closed,,abdullah90,ACTED,Active,-,260 - 2600118,Gaza - Northern Remal,2026-04-29,29/04/26,ACTED,PRM,2026-04-08,08-04-26,Community Participation and Representation,Community or Committee Meeting,,,2,1,0,0,3,0,2,1,,3,,,,,,,,,"Site Management Committee Establishment, Coordination or Planning",,,committee_planning,,,,,,,,,,,,,,"Introduction for the IOM project, Explanation for SM and 3 core activities, Site monitoring and strengthening the existing SMC etc.",,,,
40521777456163542R,GZA4858,Al-Sheikh Ejleen A Site,https://app.zitemanager.org/#/sites/50990/submission-case-detail/40521777456163542R,2026-04-29,Closed,,tareqaljourani,NRC,Active,,260 - 2600112,Gaza - Ash Sheikh 'Ijleen,2026-04-29,29/04/26,NRC,PRM,2026-03-24,24-03-26,Site Service Coordination and Monitoring,Safety Audits,,,,,,,,,0,0,,1,,,,,,,,No,,,,,,,,,,,,,,,,,,"Al-Sheikh Ejleen A Site, located in Tell Al-Hawa, Gaza, accommodates approximately 1,249 displaced persons across 400 households. The site has no night lighting, which has directly contributed to serious protection incidents: women have been harassed, tents attacked, and thefts committed under cover of darkness. The absence of lighting is the most critical safety gap at this site. Unlike many other assessed sites, Al-Sheikh Ejleen A is not classified as overcrowded — the site is large, though somewhat unorganized and scattered in layout. The spaciousness provides residents with some degree of privacy within tents and allows for wider pathways, which is a relative advantage.
Water supply reaches approximately 50% of the population. Distribution is managed by responsible committees, and the fact that most residents are relatives of one another reduces interpersonal conflicts at water collection points. However, half the population still lacks consistent water access. Latrine conditions are inadequate; no specific details were documented in the audit, but the classification indicates non-functioning facilities. There is no safe space for women at the site.
Open pits present a significant physical hazard — each tent has an associated pit, many positioned along pathways and between tents. Five incidents of residents falling into these pits have already been recorded. Solid waste accumulation presents environmental and pest-related health risks. Flooding risks are present during winter months. The combination of no lighting, documented protection incidents against women, and multiple physical hazards from open pits makes Al-Sheikh Ejleen A a high-priority site for safety intervention. While the relatively lower density is an advantage, it does not mitigate the urgent need for lighting infrastructure, proper pit covers, latrine rehabilitation, solid waste management, and the establishment of a safe and secure space specifically for women and girls. Security measures to prevent theft and harassment must also be addressed as an immediate priority.",,,,
40151779014382345A,KYS1713,Al-Fedaa site,https://app.zitemanager.org/#/sites/31749/submission-case-detail/40151779014382345A,2026-05-17,Closed,,malmaqadma,IOM,Active,ACTED,270 - 27002154,Khan Younis - Al Mawasi,2026-05-17,17/05/26,ACTED,PRM,2026-05-11,11-05-26,Community Participation and Representation,Community or Committee Meeting,,,6,3,0,0,9,0,6,3,,9,,,,,,,,,"Programming Specific Meetings (e.g. project inductions, cash for work, etc.)",,,program_specific_meeting,,,,,,,,,,,,,,"Community-Led Initiatives (CLI) Held orientation and support sessions for committees and initiative teams on the proposed initiatives, focusing on explaining the application form process, guiding participants on how to complete the submission link, and providing technical support when needed.",,,,
49411777528475020L,KYS4488,Al Rahma 2,https://app.zitemanager.org/#/sites/45688/submission-case-detail/49411777528475020L,2026-04-30,Closed,,mderby,IOM,Active,PHC,270 - 27002154,Khan Younis - Al Mawasi,2026-04-30,30/04/26,PHC,ECHO,2026-03-16,16-03-26,Site Environment Improvements,Community-Led Projects,,,10,0,0,0,10,0,10,0,,10,,,,,,,,,,"Site Safety & Access Improvements, Site Safety & Access Improvements",,site_access,"Sand/Flour Bags, Sand/Flour Bags",,,,,,230,,,0,0,Yes,0,تم تسليم لجنة الموقع أكياس طحين لغمل سواتر لحماية النازحين وخيامهم من فياضانات مياه الأمطار,https://app.zitemanager.org/api/v2/generate-presigned-url/?object_key=1777528593568.jpg&return_type=file,,,
49411777528613746U,KYS4488,Al Rahma 2,https://app.zitemanager.org/#/sites/45688/submission-case-detail/49411777528613746U,2026-04-30,Closed,,mderby,IOM,Active,PHC,270 - 27002154,Khan Younis - Al Mawasi,2026-04-30,30/04/26,PHC,ECHO,2026-03-10,10-03-26,Community Participation and Representation,Community or Committee Meeting,,,7,2,0,0,9,0,7,2,,9,,,,,,,,,Community to Site Management Committee Interface Meetings,,,committee_to_community_meeting,,,,,,,,,,,,,,"تم عقد اجتماع لجنة الموقع لتحديد احتياجات الموقع وهي:
١_أكياس طحين
٢_قرب لمياه الشرب
٣_شوادر
٤_طرود صحية",,,,
49411777528760430Q,KYS4488,Al Rahma 2,https://app.zitemanager.org/#/sites/45688/submission-case-detail/49411777528760430Q,2026-04-30,Closed,,mderby,IOM,Active,PHC,270 - 27002154,Khan Younis - Al Mawasi,2026-04-30,30/04/26,PHC,ECHO,2026-04-09,09-04-26,Community Participation and Representation,Community or Committee Meeting,,,7,2,0,0,9,0,7,2,,9,,,,,,,,,Community to Site Management Committee Interface Meetings,,,committee_to_community_meeting,,,,,,,,,,,,,,"تم عقد اجتماع لجنة الموقع لتحديد احتياجات الموقع:
١_كشافات انارة للموقع
٢_جرادل
٣_اكياس للنفايات
٤_طرود صحية",,,,
47941777456270503K,KYS1715,Al-Quds,https://app.zitemanager.org/#/sites/31751/submission-case-detail/47941777456270503K,2026-04-29,Closed,,bisan_harb,IOM,Active,ACTED,270 - 27002154,Khan Younis - Al Mawasi,2026-04-29,29/04/26,ACTED,PRM,2026-04-28,28-04-26,Community Participation and Representation,Capacity strengthening for community members,,,13,11,0,0,24,1,13,11,,24,,,,,,,,,,,,,,,,,,,,,,,,,,"The Site Management training session provided participants with an overview of site management principles and practices to ensure safe, dignified, and inclusive living conditions. It introduced the role of the Site Management Committee (SMC) in representing community members and supporting coordination with service providers.

The training covered key components including the Terms of Reference (ToR), Code of Conduct (CoC), and the roles and responsibilities of SMC members, emphasizing accountability, community participation, and effective communication.

It also highlighted the importance of Gender-Based Violence (GBV) prevention and response, focusing on identifying risks, promoting safe practices, and ensuring appropriate referral mechanisms. It also introduces the CFM.

Overall, the training aimed to strengthen participants’ capacity to support effective, protection-focused site management.",,,,
49411777529230199O,KYS4470,Takafoul,https://app.zitemanager.org/#/sites/45300/submission-case-detail/49411777529230199O,2026-04-30,Closed,,mderby,IOM,Active,PHC,270 - 27002154,Khan Younis - Al Mawasi,2026-04-30,30/04/26,PHC,ECHO,2026-03-16,16-03-26,Site Environment Improvements,Community-Led Projects,,,8,0,0,0,8,0,8,0,,8,,,,,,,,,,"Site Safety & Access Improvements, Site Safety & Access Improvements",,site_access,"Sand/Flour Bags, Sand/Flour Bags",,,,,,200,,,0,0,Yes,0,تم تسليم لجنة الموقع اكياس طحين فارغة لعمل سواتر رملية لحماية النازحين وخيامهم من فيضانات مياه الامطار,https://app.zitemanager.org/api/v2/generate-presigned-url/?object_key=1777529430690.jpg&return_type=file,,,
49411777529441555R,KYS4470,Takafoul,https://app.zitemanager.org/#/sites/45300/submission-case-detail/49411777529441555R,2026-04-30,Closed,,mderby,IOM,Active,PHC,270 - 27002154,Khan Younis - Al Mawasi,2026-04-30,30/04/26,PHC,ECHO,2026-04-12,12-04-26,Community Participation and Representation,Community or Committee Meeting,,,7,2,0,0,9,0,7,2,,9,,,,,,,,,Community to Site Management Committee Interface Meetings,,,committee_to_community_meeting,,,,,,,,,,,,,,"تم عقد اجتماع لجنة الموقع لتحديد احتياجات الموقع والتي تلخصت في الاتي:
١_أكياس طحين فارغة
٢_قرب
٣_بطانيات
٤_طرود مطبخ
٥_ملابس",,,,
40151777529646868W,KYS0947,Al-rimal Al-Thahabiea,https://app.zitemanager.org/#/sites/31532/submission-case-detail/40151777529646868W,2026-04-30,Closed,,malmaqadma,IOM,Active,ACTED,270 - 27002154,Khan Younis - Al Mawasi,2026-04-30,30/04/26,ACTED,PRM,2026-04-20,20-04-26,Site Service Coordination and Monitoring,Safety Audits,,,,,,,,,0,0,,1,,,,,,,,Yes,,,,,,,,,,,,,,,,,,"A total of 31 participants (17 youth and 14 elderly) took part in the discussion, highlighting significant challenges faced by men and persons with disabilities. Before the crisis, individuals were engaged in various livelihoods, but currently, most struggle to meet basic needs. Persons with disabilities are particularly affected, with no access to employment and heavy reliance on family and community support. Access to food, services, and facilities is largely dependent on humanitarian aid and is often unequal, with major barriers related to infrastructure, distance, and lack of accessibility. Participants emphasized limited freedom in controlling resources and confirmed the absence of inclusive participation in community activities or decision-making processes, which are mainly led by site management. Key protection concerns include insecurity, lack of privacy, and inability to meet basic needs. The most urgent priorities identified were accessible services, financial assistance, and psychosocial support, alongside improving communication, representation, and safe spaces within the community.",,,,
49411777529588521V,KYS4470,Takafoul,https://app.zitemanager.org/#/sites/45300/submission-case-detail/49411777529588521V,2026-04-30,Closed,,mderby,IOM,Active,PHC,270 - 27002154,Khan Younis - Al Mawasi,2026-04-30,30/04/26,PHC,ECHO,2026-04-15,15-04-26,Community Participation and Representation,Community or Committee Meeting,,,7,2,0,0,9,0,7,2,,9,,,,,,,,,Community to Site Management Committee Interface Meetings,,,committee_to_community_meeting,,,,,,,,,,,,,,"تم عقد اجتماع لجنة الموقع لتحديد احتياجات الموقع والتل تلخصت في الآتي:
١_كشافات انارة للموقع
٢_طرود صحية
٣_قرب لمياه الشرب
٤_مبيدات وأدوية لمكافحة الحشرات والقوارض",,,,
40521777456511001X,GZA4451,Sheikh Ajlin Camp,https://app.zitemanager.org/#/sites/42705/submission-case-detail/40521777456511001X,2026-04-29,Closed,,tareqaljourani,NRC,Active,,260 - 2600112,Gaza - Ash Sheikh 'Ijleen,2026-04-29,29/04/26,NRC,PRM,2026-03-24,24-03-26,Site Service Coordination and Monitoring,Safety Audits,,,,,,,,,0,0,,1,,,,,,,,No,,,,,,,,,,,,,,,,,,"Al-Sheikh Ejleen B Site, in Gaza, houses approximately 694 displaced persons across 250 households. . Night lighting is entirely absent, a condition that has directly enabled serious protection incidents: women have been harassed, tents attacked, and thefts have occurred at night. The lack of any lighting infrastructure represents the most acute safety concern at the site. Similar to Al-Sheikh Ejleen B is not classified as overcrowded. Its large, scattered layout provides residents with relatively more privacy within their tents and wider pathways than densely packed sites, which is a positive comparative factor.
Water supply covers approximately 50% of the population, managed responsibly by site committees. The familial relationships among most residents reduce queue-related tensions at water distribution points. However, half of the population still lacks reliable water access. Latrine facilities are classified as non-functioning; the audit does not include specific comments, but conditions are assessed as inadequate for the population's needs. No safe space for women exists at the site.
Open pits are a documented physical hazard throughout the site, with one pit per tent. Five recorded incidents of residents falling into pits have occurred, and the positioning of pits along pathways and between tents creates ongoing danger for all residents, especially children. Solid waste accumulates at the site, creating pest infestation and disease transmission risks. Winter flooding poses an additional seasonal risk. The absence of lighting, recorded violence against women, and hazardous open pits make Al-Sheikh Ejleen B a high-priority site for safety improvement. Recommended interventions include installation of night lighting throughout the site, covering and securing all open pits, rehabilitation of latrines, solid waste management, and establishment of a safe space for women and girls to address the documented protection gaps.",,,,
40151777530278841S,KYS0835,Yafa Site,https://app.zitemanager.org/#/sites/31507/submission-case-detail/40151777530278841S,2026-04-30,Closed,,malmaqadma,IOM,Active,ACTED,270 - 27002154,Khan Younis - Al Mawasi,2026-04-30,30/04/26,ACTED,PRM,2026-04-19,19-04-26,Site Service Coordination and Monitoring,Safety Audits,,,,,,,,,0,0,,1,,,,,,,,Yes,,,,,,,,,,,,,,,,,,"A total of 19 participants (11 youth and 8 elderly) from Yafa site took part in the discussion, highlighting the severe challenges faced by men and persons with disabilities. Before the crisis, some individuals had access to formal and informal employment, while currently most men are unable to secure income and focus on meeting basic survival needs. Daily life has become highly constrained, with persons with disabilities heavily dependent on family members and community support. Access to food, non-food items, and services relies mainly on irregular humanitarian aid, with significant barriers such as long distances, poor infrastructure, and overcrowding. Participants confirmed inequality in access to resources and lack of control over them. There is no meaningful participation in community activities, and decision-making is centralized within site management, excluding persons with disabilities. Key risks include insecurity, poor living conditions, and lack of privacy. Priority needs include financial support, psychosocial services, improved infrastructure, and safer living conditions.",,,,
49411777461911881P,KYS1562,Sumud Alaistil,https://app.zitemanager.org/#/sites/31650/submission-case-detail/49411777461911881P,2026-04-30,Closed,,mderby,IOM,Active,PHC,270 - 27002154,Khan Younis - Al Mawasi,2026-04-29,29/04/26,PHC,ECHO,2026-03-09,09-03-26,Community Participation and Representation,Community or Committee Meeting,,,7,2,0,0,9,0,7,2,,9,,,,,,,,,Community to Site Management Committee Interface Meetings,,,committee_to_community_meeting,,,,,,,,,,,,,,"تم عقد اجتماع لجنة الموقع لتحديد الاحتياجات للموقع والتي تلخصت في الآتي:
1_أكياس رملية
2_فرشات
3_حرامات
4_شوادر",,,,
40151777530514951V,KYS0835,Yafa Site,https://app.zitemanager.org/#/sites/31507/submission-case-detail/40151777530514951V,2026-04-30,Closed,,malmaqadma,IOM,Active,ACTED,270 - 27002154,Khan Younis - Al Mawasi,2026-04-30,30/04/26,ACTED,PRM,2026-04-19,19-04-26,Site Service Coordination and Monitoring,Safety Audits,,,,,,,,,0,0,,1,,,,,,,,Yes,,,,,,,,,,,,,,,,,,"A total of 20 participants, including 15 adult women and 5 young women, took part in the discussion, reflecting on the significant changes in their lives after displacement. Participants described pre-war life as stable and organized, while current conditions are exhausting, with poor living environments, increased responsibilities, and emotional strain due to family separation and loss of livelihoods. Access to food depends largely on community kitchens and limited purchasing options, with some safety concerns reported. Views on access to and control over resources were mixed, and many participants expressed low trust in complaint mechanisms. Women, children, and persons with disabilities were identified as the most vulnerable groups, facing challenges such as lack of education, mobility issues, and heavy domestic burdens. Participation in activities is limited, and decision-making is controlled by service providers, often marginalizing women’s voices. Key needs include water, lighting, and basic shelter items, alongside improved safety measures and stronger communication channels.",,,,
47941777455722988N,KYS0100,Wijdan  community,https://app.zitemanager.org/#/sites/31321/submission-case-detail/47941777455722988N,2026-04-29,Closed,,bisan_harb,IOM,Active,ACTED,270 - 27002154,Khan Younis - Al Mawasi,2026-04-29,29/04/26,ACTED,PRM,2026-04-26,26-04-26,Community Participation and Representation,Community or Committee Meeting,,,8,8,0,0,16,0,8,8,,16,,,,,,,,,"Programming Specific Meetings (e.g. project inductions, cash for work, etc.)",,,program_specific_meeting,,,,,,,,,,,,,,"SM implemented orientation session for the Community-Led Initiatives (CLI), under Site Management (SM) activities, aim to promote community participation, ownership, and self-reliance by supporting projects that benefit the wider community rather than individuals. These initiatives contribute to key objectives such as improving safety, social cohesion, environmental conditions, community services, and group-based livelihoods.
The number and budget of initiatives are defined at the project design stage, while their distribution is determined by the SM team based on needs and context, in coordination with other humanitarian actors to avoid duplication.
Site committees act as the main applicants, ensuring inclusive consultations with community members to identify priorities. Diverse and gender-balanced participation, particularly women’s involvement in leadership, is strongly encouraged.
To support transparent and effective implementation, the SM team conducts orientation sessions with site-Level Committees, explaining the CLI objectives, eligibility criteria, application process, and roles and responsibilities. This ensures communities are well-informed and able to submit relevant and feasible proposals.",,,,
40151779014557353T,KYS0825,Al-Jawhari,https://app.zitemanager.org/#/sites/31498/submission-case-detail/40151779014557353T,2026-05-17,Closed,,malmaqadma,IOM,Active,ACTED,270 - 27002154,Khan Younis - Al Mawasi,2026-05-17,17/05/26,ACTED,PRM,2026-05-11,11-05-26,Community Participation and Representation,Community or Committee Meeting,,,6,2,0,0,8,0,6,2,,8,,,,,,,,,"Programming Specific Meetings (e.g. project inductions, cash for work, etc.)",,,program_specific_meeting,,,,,,,,,,,,,,"Community-Led Initiatives (CLI) Held orientation and support sessions for committees and initiative teams on the proposed initiatives, focusing on explaining the application form process, guiding participants on how to complete the submission link, and providing technical support when needed..",,,,
47941777457399401G,KYS1715,Al-Quds,https://app.zitemanager.org/#/sites/31751/submission-case-detail/47941777457399401G,2026-04-29,Closed,,bisan_harb,IOM,Active,ACTED,270 - 27002154,Khan Younis - Al Mawasi,2026-04-29,29/04/26,ACTED,PRM,2026-04-20,20-04-26,"Two-Way Information Sharing, Feedback and Complaints",Awareness sessions,,,,8,,,8,0,0,8,No,8,,,,,,,,,,Health,,Health,No Items,,,,,,,,,0,,,,"SM conducted one first aid session of First aid covering wound care, child safety and emergency response, and malnutrition prevention, focusing on basic skills, early recognition, and promoting healthy practices.",,,,
48811777457643530Y,GZA4447,Metro site,https://app.zitemanager.org/#/sites/42211/submission-case-detail/48811777457643530Y,2026-04-29,Closed,,shasani,IOM,Active,PHC,260 - 2600119,Gaza - Southern Remal,2026-04-29,29/04/26,PHC,ECHO,2026-03-11,11-03-26,Site Environment Improvements,Community-Led Projects,,,4,1,0,0,5,0,4,1,,5,,,,,,,,,,"Site Safety & Access Improvements, Site Safety & Access Improvements",,site_access,"Sand/Flour Bags, Sand/Flour Bags",,,,,,250,,,0,0,Yes,0,"250 sandbags were distributed to the Passport Metro site in order to prevent floods and water from entering the tents of displaced people, to protect them from harm and diseases.",https://app.zitemanager.org/api/v2/generate-presigned-url/?object_key=WhatsApp_Image_2025-12-17_at_7.27.38_PM-13_13_30.jpeg&return_type=file,,,
47941777457797254K,KYS1715,Al-Quds,https://app.zitemanager.org/#/sites/31751/submission-case-detail/47941777457797254K,2026-04-29,Closed,,bisan_harb,IOM,Active,ACTED,270 - 27002154,Khan Younis - Al Mawasi,2026-04-29,29/04/26,ACTED,PRM,2026-04-27,27-04-26,"Two-Way Information Sharing, Feedback and Complaints",Awareness sessions,15,0,15,15,,,45,0,30,15,No,45,,,,,,,,,,"Child Protection, UXOs/Mine Action",,CP uxos,No Items,,,,,,,,,0,,,,"SM conducted one awareness session for UXOs explaining Risks of unexploded ordnance (UXO), how to recognize potential hazards, follow safety procedures, and take appropriate actions to prevent accidents and ensure worker safety.",,,,
48801777457832390O,GZA4129,Al-Zouhoor 1,https://app.zitemanager.org/#/sites/38650/submission-case-detail/48801777457832390O,2026-04-29,Closed,,arsalah,IOM,Active,PHC,260 - 2600123,Gaza - An Naser-Gaza,2026-04-29,29/04/26,PHC,ECHO,2026-03-12,12-03-26,Site Environment Improvements,Community-Led Projects,,,7,0,0,0,7,0,7,0,,7,,,,,,,,,,"Site Safety & Access Improvements, Site Safety & Access Improvements",,site_access,"Sand/Flour Bags, Sand/Flour Bags",,,,,,300,,,0,0,Yes,0,تم تحسين بيئة الموقع وتعزيز معايير السلامة وسهولة الوصول، من خلال توزيع 300  أكياس رملية واستخدامها في أعمال التدعيم والتحسين داخل الموقع. وقد ساهم المشروع في تلبية الاحتياجات المتعلقة بتحسينات السلامة والوصول، ودعم جاهزية البنية التحتية الأساسية، بما يعزز ظروف المعيشة للمجتمع المستفيد.,https://app.zitemanager.org/api/v2/generate-presigned-url/?object_key=WhatsApp_Image_2026-04-29_at_1.15.10_PM-13_16_22.jpeg&return_type=file,,,
40211777457418989R,KYS4484,Al-Amal 2,https://app.zitemanager.org/#/sites/45677/submission-case-detail/40211777457418989R,2026-04-29,Closed,,sohaalagha,IOM,Active,PHC,270 - 27002154,Khan Younis - Al Mawasi,2026-04-29,29/04/26,PHC,ECHO,2026-04-02,02-04-26,Site Environment Improvements,Community-Led Projects,,,5,0,0,0,5,0,5,0,,5,,,,,,,,,,"Site Safety & Access Improvements, Site Safety & Access Improvements",,site_access,"Sand/Flour Bags, Sand/Flour Bags",,,,,,100,,,0,0,Yes,0,تم إعطاء الموقع ما يقارب 100كيس طحين فارغ وذلك لعمل سواتر رملية حول الخيم لمنع تدفق مياه الأمطار عليهم ,https://app.zitemanager.org/api/v2/generate-presigned-url/?object_key=1777457824087.jpg&return_type=file,,,
48811777457937254V,GZA4447,Metro site,https://app.zitemanager.org/#/sites/42211/submission-case-detail/48811777457937254V,2026-04-29,Closed,,shasani,IOM,Active,PHC,260 - 2600119,Gaza - Southern Remal,2026-04-29,29/04/26,PHC,ECHO,2026-03-16,16-03-26,Community Participation and Representation,Community or Committee Meeting,,,4,1,0,0,5,0,4,1,,5,,,,,,,,,Community to Site Management Committee Interface Meetings,,,committee_to_community_meeting,,,,,,,,,,,,,,"A meeting was held with the site committee, and a request was made to maintain the sewage system in the back building of the site and remove solid waste to protect people, prevent health hazards, and prevent the spread of diseases.",,,,
40521777458141556O,KYS4428,Al-Heria Site,https://app.zitemanager.org/#/sites/43046/submission-case-detail/40521777458141556O,2026-04-29,Closed,,tareqaljourani,NRC,Active,,270 - 27002105,Khan Younis - At Tahrir,2026-04-29,29/04/26,NRC,PRM,2026-03-24,24-03-26,Site Service Coordination and Monitoring,Safety Audits,,,,,,,,,0,0,,1,,,,,,,,No,,,,,,,,,,,,,,,,,,"Al-Horia Site in Khan Younis, located at Al Mawasi hosts approximately 1,660 displaced persons across 456 households. The site has lighting infrastructure, but the existing floodlights are old and extensively damaged by storms and wind, rendering them largely ineffective. There is an urgent need for functional lighting along pathways, near latrines, and at water points. The current darkness prevents women and persons with disabilities from moving safely after dark, exposes children to falls and trips over tent stakes, and poses a direct risk to life and personal safety.
The site is overcrowded, with limited pathways and no privacy within shelters. Several shelters host multiple families, increasing the risk of disease transmission and negatively affecting residents' mental health and overall safety. Water access is partially available, with existing water points insufficient to meet demand, causing long queues. Additional water points are urgently required to ensure equitable access. Latrines exist but require significant maintenance: existing wells need cleaning and pumping, and new wells need to be opened. Cash-for-work staff are specifically requested to carry out this maintenance work.
There is no safe space for women at the site. Seventeen open pits have been identified, presenting environmental and health risks including the spread of disease, emission of foul odors, and fall hazards. Solid waste accumulates throughout the site, contributing to rodent infestation and disease risk. Flooding is a seasonal concern. The combination of storm-damaged lighting infrastructure, overcrowding, inadequate water points, deteriorating latrines, and multiple open pits creates a compounded risk environment for this large displaced population. Priority interventions include urgent replacement and expansion of lighting infrastructure, construction of additional water points, well cleaning and rehabilitation through cash-for-work programming, pit coverage, solid waste management systems, and provision of a safe space for women and girls.",,,,
48801777458147543D,GZA4129,Al-Zouhoor 1,https://app.zitemanager.org/#/sites/38650/submission-case-detail/48801777458147543D,2026-04-29,Closed,,arsalah,IOM,Active,PHC,260 - 2600123,Gaza - An Naser-Gaza,2026-04-29,29/04/26,PHC,ECHO,2026-03-01,01-03-26,Community Participation and Representation,Community or Committee Meeting,,,7,1,0,0,8,0,7,1,,8,,,,,,,,,Community to Site Management Committee Interface Meetings,,,committee_to_community_meeting,,,,,,,,,,,,,,تم عقد اجتماع مجتمعي مع السكان وممثلي الموقع لمناقشة الحاجة إلى توفير مصدر طاقة شمسية بهدف تحسين الوصول إلى خدمات الكهرباء الأساسية داخل الموقع. ناقش المشاركون التحديات الحالية المتعلقة بانقطاع الكهرباء، وتحديد الاحتياجات ذات الأولوية، ومناقشة الحلول الممكنة المرتبطة بتركيب وصيانة نظام الطاقة الشمسية. ساهم الاجتماع في تعزيز التنسيق بين أفراد المجتمع وإدارة الموقع لتحسين تخطيط الخدمات وظروف المعيشة داخل الموقع.,,,,
48811777458203834O,GZA4447,Metro site,https://app.zitemanager.org/#/sites/42211/submission-case-detail/48811777458203834O,2026-04-29,Closed,,shasani,IOM,Active,PHC,260 - 2600119,Gaza - Southern Remal,2026-04-29,29/04/26,PHC,ECHO,2026-04-16,16-04-26,Community Participation and Representation,Community or Committee Meeting,,,5,2,0,0,7,0,5,2,,7,,,,,,,,,Community to Site Management Committee Interface Meetings,,,committee_to_community_meeting,,,,,,,,,,,,,,"A meeting was held with the site committee, and a request was made to replace a number of poor individual bathrooms that are unfit for human use in order to prevent physical danger, diseases, and health hazards, and with the aim of achieving a better humane situation.",,,,
40521777458231887M,KYS4697,Al-Fajer Site,https://app.zitemanager.org/#/sites/47187/submission-case-detail/40521777458231887M,2026-04-29,Closed,,tareqaljourani,NRC,Active,,270 - 27002154,Khan Younis - Al Mawasi,2026-04-29,29/04/26,NRC,PRM,2026-03-24,24-03-26,Site Service Coordination and Monitoring,Safety Audits,,,,,,,,,0,0,,1,,,,,,,,No,,,,,,,,,,,,,,,,,,"Al-Fajr Site, located in Al-Mawassi, Khan Younis, hosts approximately 1,230 displaced persons across a population recorded as 1,250 households. The site has partial lighting, but coverage is insufficient with no lighting near latrines or water points. The risk of injury from tent stakes and open pits is elevated, particularly for children, women, the elderly, and persons with disabilities who require safe and accessible movement at night. The site is severely overcrowded with very narrow pathways, limiting safe movement throughout the settlement. Privacy is entirely absent for residents.
Water points exist at the site but are classified as insufficient for the population's needs. Additional tanks and jerry cans are required. Serious concerns were noted at water collection points, including harassment of women in queues, inaccessibility for persons with disabilities, and dangerously long waiting times that create both safety and protection risks. Latrine infrastructure comprises approximately 140 communal latrines, which, while nominally large in number, remain inadequate for the size of the population. These latrines suffer from chronic overcrowding, very poor hygiene conditions, strong foul odors, and a lack of proper gender separation, raising significant protection concerns for women and girls. The current situation contributes to environmental contamination and an elevated risk of disease transmission throughout the site.
No dedicated safe space for women exists. No open pits were identified as a current hazard. Solid waste accumulation and seasonal flooding remain concerns. The harassment of women at water points reflects a deeper protection gap that requires both structural and behavioral responses. In summary, Al-Fajr Site faces serious challenges around WASH adequacy, women's safety in public spaces, lighting coverage, and privacy. Recommended priority actions include expanding water point infrastructure, addressing harassment through community and protection mechanisms, improving latrine capacity and gender segregation, extending lighting to latrines and water areas, and establishing a safe and protected space for women and girls at the site.",,,,
47941777458385729D,KYS0100,Wijdan  community,https://app.zitemanager.org/#/sites/31321/submission-case-detail/47941777458385729D,2026-04-29,Closed,,bisan_harb,IOM,Active,ACTED,270 - 27002154,Khan Younis - Al Mawasi,2026-04-29,29/04/26,ACTED,PRM,2026-04-28,28-04-26,"Two-Way Information Sharing, Feedback and Complaints",Awareness sessions,29,0,38,38,2,,107,0,69,38,No,107,,,,,,,,,,"Child Protection, General Protection, UXOs/Mine Action",,CP GP uxos,No Items,,,,,,,,,0,,,,"SM conducted one awareness session for UXOs explaining Risks of unexploded ordnance (UXO), how to recognize potential hazards, follow safety procedures, and take appropriate actions to prevent accidents and ensure worker safety.",,,,
48801777458490306E,GZA4129,Al-Zouhoor 1,https://app.zitemanager.org/#/sites/38650/submission-case-detail/48801777458490306E,2026-04-29,Closed,,arsalah,IOM,Active,PHC,260 - 2600123,Gaza - An Naser-Gaza,2026-04-29,29/04/26,PHC,ECHO,2026-04-08,08-04-26,Community Participation and Representation,Community or Committee Meeting,,,5,2,1,0,8,0,6,2,,8,,,,,,,,,Community to Site Management Committee Interface Meetings,,,committee_to_community_meeting,,,,,,,,,,,,,,تم عقد اجتماع مجتمعي مع السكان وممثلي الموقع لمناقشة الحاجة إلى توفير غاطس مياه بهدف تحسين الوصول إلى المياه وتلبية الاحتياجات الأساسية داخل الموقع. ناقش المشاركون التحديات المتعلقة بنقص المياه وآلية تحسين ضخ المياه وتوزيعها، بالإضافة إلى تحديد الاحتياجات ذات الأولوية والحلول المناسبة. ساهم الاجتماع في تعزيز التنسيق بين أفراد المجتمع وإدارة الموقع لتحسين الخدمات الأساسية وظروف المعيشة للمجتمع المستفيد.,,,,
40521777458504264C,KYS4348,Al-Hamd 1,https://app.zitemanager.org/#/sites/39910/submission-case-detail/40521777458504264C,2026-04-29,Closed,,tareqaljourani,NRC,Active,,270 - 27002154,Khan Younis - Al Mawasi,2026-04-29,29/04/26,NRC,PRM,2026-03-25,25-03-26,Site Service Coordination and Monitoring,Safety Audits,,,,,,,,,0,0,,1,,,,,,,,No,,,,,,,,,,,,,,,,,,"Al-Hamd Site, located in Al-Mawassi in Khan Younis accommodates approximately 1,074 displaced persons across 651 households on a 100-dunum plot. The site has no night lighting, creating conditions that particularly endanger women — who face elevated harassment risks after dark — as well as children who may become lost, and the broader population whose access to services is severely limited at night. The site is overcrowded with no clearly defined pathways, and multiple families share single tents with no privacy. Children move unsafely throughout the settlement, and the large area without any organization compounds these movement risks.
Water conditions are critically severe. Coverage stands at approximately only 5% of the population's needs, making Al-Hamd one of the most water-deprived sites in the assessed area. Long queues cause particular hardship for women and persons with disabilities. Skin diseases have been documented and attributed directly to the water shortage. Latrine facilities are classified as inadequate with no further details available in the audit record.
There is no safe space for women at the site. One hundred soak pits are distributed throughout the site, representing a severe and constant fall hazard for all residents, particularly children. Stagnant water in these pits produces strong odors and provides breeding grounds for rodents and disease vectors. Solid waste accumulation compounds the environmental health burden, and flooding during winter months adds further risk. The extreme water scarcity at Al-Hamd Site — covering less than one-twentieth of actual needs — combined with the total absence of lighting, 100 open soak pits, overcrowding without pathways, and skin disease outbreaks, makes this one of the highest-priority sites for urgent and comprehensive intervention. Immediate actions should include emergency water provision, pit coverage, lighting installation, latrine rehabilitation, pathway establishment, solid waste management, and establishment of a women's safe space.",,,,
48791777458574575W,GZA4199,Al Azahra University Parking,https://app.zitemanager.org/#/sites/39628/submission-case-detail/48791777458574575W,2026-04-29,Closed,,akassab,IOM,Active,PHC,260 - 2600119,Gaza - Southern Remal,2026-04-29,29/04/26,PHC,ECHO,2026-03-18,18-03-26,Site Environment Improvements,Community-Led Projects,,,9,0,0,0,9,0,9,0,,9,,,,,,,,,,"Site Safety & Access Improvements, Site Safety & Access Improvements",,site_access,"Sand/Flour Bags, Sand/Flour Bags",,,,,,250,,,0,0,Yes,0,"250 sandbags were supplied for site improvement works aimed at protecting tents and displaced persons from water runoff, particularly rainwater. These sandbags were distributed along both sides of pathways and at site entrances to ensure the safety and dignity of the displaced population.",https://app.zitemanager.org/api/v2/generate-presigned-url/?object_key=WhatsApp_Image_2026-04-29_at_1.24.08_PM_2-13_29_5.jpeg&return_type=file,https://app.zitemanager.org/api/v2/generate-presigned-url/?object_key=WhatsApp_Image_2026-04-29_at_1.23.20_PM-13_29_12.jpeg&return_type=file,https://app.zitemanager.org/api/v2/generate-presigned-url/?object_key=WhatsApp_Image_2026-04-29_at_1.24.09_PM-13_29_19.jpeg&return_type=file,
40211777458295337W,KYS4484,Al-Amal 2,https://app.zitemanager.org/#/sites/45677/submission-case-detail/40211777458295337W,2026-04-29,Closed,,sohaalagha,IOM,Active,PHC,270 - 27002154,Khan Younis - Al Mawasi,2026-04-29,29/04/26,PHC,ECHO,2026-04-15,15-04-26,Community Participation and Representation,Community or Committee Meeting,,,5,3,0,0,8,0,5,3,,8,,,,,,,,,Community to Site Management Committee Interface Meetings,,,committee_to_community_meeting,,,,,,,,,,,,,,تم اجتماع اعضاء اللجنة وذلك لتحديد احتياجات الموقع حيث ان الموقع بأكمله بحاجة فرشات وشوادر او خيام ,,,,
47941777458658443D,KYS0100,Wijdan  community,https://app.zitemanager.org/#/sites/31321/submission-case-detail/47941777458658443D,2026-04-29,Closed,,bisan_harb,IOM,Active,ACTED,270 - 27002154,Khan Younis - Al Mawasi,2026-04-29,29/04/26,ACTED,PRM,2026-04-21,21-04-26,"Two-Way Information Sharing, Feedback and Complaints",Awareness sessions,,,,8,,,8,0,0,8,No,8,,,,,,,,,,"Health, Nutrition",,Health Nutrition,No Items,,,,,,,,,0,,,,"SM conducted one first aid session of First aid covering wound care, child safety and emergency response, and malnutrition prevention, focusing on basic skills, early recognition, and promoting healthy practices.",,,,
48811777458665690D,GZA4131,Palestine stadium,https://app.zitemanager.org/#/sites/38649/submission-case-detail/48811777458665690D,2026-04-29,Closed,,shasani,IOM,Active,PHC,260 - 2600118,Gaza - Northern Remal,2026-04-29,29/04/26,PHC,ECHO,2026-03-17,17-03-26,Site Environment Improvements,Community-Led Projects,,,7,2,0,0,9,0,7,2,,9,,,,,,,,,,"Site Safety & Access Improvements, Site Safety & Access Improvements",,site_access,"Sand/Flour Bags, Sand/Flour Bags",,,,,,200,,,0,0,Yes,0,"200 sandbags were distributed to the Palestine Stadium
  site in order to prevent floods and water from entering the tents of displaced people, to protect them from harm and diseases.",https://app.zitemanager.org/api/v2/generate-presigned-url/?object_key=WhatsApp_Image_2025-12-17_at_7.27.18_PM-13_30_47.jpeg&return_type=file,,,
40521777458672396P,DEB4006,Al-Masmiya Camp,https://app.zitemanager.org/#/sites/32859/submission-case-detail/40521777458672396P,2026-04-29,Closed,,tareqaljourani,NRC,Active,,265 - 26510152,Deir Al-Balah - Deir Al Balah (south),2026-04-29,29/04/26,NRC,PRM,2026-03-23,23-03-26,Site Service Coordination and Monitoring,Safety Audits,,,,,,,,,0,0,,1,,,,,,,,No,,,,,,,,,,,,,,,,,,"Al-Masmiya Site, located in Deir Al-Balah, houses approximately 892 displaced persons . The site has lighting provided along main pathways by NRC, but coverage is assessed as insufficient. Significant risks persist due to unlit areas where residents — particularly women and children — are at risk of falling into open pits, tripping on tent pegs, and slipping on clay soil that becomes especially hazardous in the dark. Theft is reported as an ongoing problem. Children have wandered into the wrong tents due to poor visibility, and many displaced persons are unable to move after sunset. The site is overcrowded despite being relatively organized in layout. There are no pathways between tents, and privacy is lacking, with multiple families sharing tents.
Water access is critically inadequate. A single water line from a desalination station serves the entire site without a fixed schedule, and the line is located approximately one kilometer away on the public road. This distance makes water collection impossible for women, children, and persons with disabilities without assistance. Queue-related problems have been reported. Latrines are private but shared among every five families, creating persistent conflicts, privacy deficits, and queue management difficulties. Facilities are very basic and below minimum standards.
No safe space for women is available at the site. One hundred and fifty open pits have been identified, representing an extremely serious fall hazard for all residents. Solid waste accumulation contributes to pest infestation and disease spread. Seasonal flooding is a risk. The clay soil composition of the site adds a unique hazard in wet conditions, increasing slipping risks for all residents. Al-Masmiya Site requires urgent interventions including extended lighting coverage, emergency water access solutions closer to the site, latrine rehabilitation and privacy improvements, systematic pit covering, solid waste management, and provision of a safe space for women. Accessibility improvements for persons with disabilities and women at water points are also a critical priority.",,,,
40151779014683336G,KYS0947,Al-rimal Al-Thahabiea,https://app.zitemanager.org/#/sites/31532/submission-case-detail/40151779014683336G,2026-05-17,Closed,,malmaqadma,IOM,Active,ACTED,270 - 27002154,Khan Younis - Al Mawasi,2026-05-17,17/05/26,ACTED,PRM,2026-05-11,11-05-26,Community Participation and Representation,Community or Committee Meeting,,,8,5,1,0,14,0,9,5,,14,,,,,,,,,"Programming Specific Meetings (e.g. project inductions, cash for work, etc.)",,,program_specific_meeting,,,,,,,,,,,,,,"Community-Led Initiatives (CLI) Held orientation and support sessions for committees and initiative teams on the proposed initiatives, focusing on explaining the application form process, guiding participants on how to complete the submission link, and providing technical support when needed..",,,,
40151779014760394Y,KYS0805,Al-Shaheed Jameel,https://app.zitemanager.org/#/sites/31493/submission-case-detail/40151779014760394Y,2026-05-17,Closed,,malmaqadma,IOM,Active,ACTED,270 - 27002154,Khan Younis - Al Mawasi,2026-05-17,17/05/26,ACTED,PRM,2026-05-11,11-05-26,Community Participation and Representation,Community or Committee Meeting,,,5,3,0,0,8,0,5,3,,8,,,,,,,,,"Programming Specific Meetings (e.g. project inductions, cash for work, etc.)",,,program_specific_meeting,,,,,,,,,,,,,,"Community-Led Initiatives (CLI) Held orientation and support sessions for committees and initiative teams on the proposed initiatives, focusing on explaining the application form process, guiding participants on how to complete the submission link, and providing technical support when needed..",,,,
40151779014830361R,KYS0835,Yafa Site,https://app.zitemanager.org/#/sites/31507/submission-case-detail/40151779014830361R,2026-05-17,Closed,,malmaqadma,IOM,Active,ACTED,270 - 27002154,Khan Younis - Al Mawasi,2026-05-17,17/05/26,ACTED,PRM,2026-05-11,11-05-26,Community Participation and Representation,Community or Committee Meeting,,,6,4,0,0,10,2,6,4,,10,,,,,,,,,"Programming Specific Meetings (e.g. project inductions, cash for work, etc.)",,,program_specific_meeting,,,,,,,,,,,,,,"Community-Led Initiatives (CLI) Held orientation and support sessions for committees and initiative teams on the proposed initiatives, focusing on explaining the application form process, guiding participants on how to complete the submission link, and providing technical support when needed..",,,,
62671777457491288C,KYS1600,Abu Issa,https://app.zitemanager.org/#/sites/31663/submission-case-detail/62671777457491288C,2026-04-29,Closed,,aaboali,IOM,Active,PHC,270 - 27002154,Khan Younis - Al Mawasi,2026-04-29,29/04/26,PHC,ECHO,2026-03-10,10-03-26,Site Environment Improvements,Community-Led Projects,,,5,0,0,0,5,0,5,0,,5,,,,,,,,,,"Site Safety & Access Improvements, Site Safety & Access Improvements",,site_access,"Sand/Flour Bags, Sand/Flour Bags",,,,,,60,,,0,0,Yes,0,تم عمل مكان لإلقاء القمامة,https://app.zitemanager.org/api/v2/generate-presigned-url/?object_key=1777458735357.jpg&return_type=file,,,
40521777458812345R,DEB4576,Al Ramla Site,https://app.zitemanager.org/#/sites/46113/submission-case-detail/40521777458812345R,2026-04-29,Closed,,tareqaljourani,NRC,Active,,265 - 26510152,Deir Al-Balah - Deir Al Balah (south),2026-04-29,29/04/26,NRC,PRM,2026-03-24,24-03-26,Site Service Coordination and Monitoring,Safety Audits,,,,,,,,,0,0,,1,,,,,,,,No,,,,,,,,,,,,,,,,,,"""Al-Ramleh Site, located in Deir Al-Balah, hosts approximately 776 displaced persons. The site has external lighting that covers water collection points, but internal and pathway lighting is absent, making nighttime movement throughout the site hazardous. The site is situated on a cliff with rough and uneven terrain, which creates extremely dangerous movement conditions for residents. The site manager sustained a serious injury — breaking both legs — while descending the cliff, illustrating the severity of the terrain hazard. Despite this, residents must navigate these conditions daily.
The site is overcrowded, with no privacy available for residents, though pathways do exist. Water access is critically inadequate: only two water collection points exist, both positioned at the cliff edge. This dangerous location has caused falls during water collection. Women — particularly widows and divorcees — and persons with disabilities are effectively unable to collect water independently, creating a severe access inequality. Latrine conditions are very basic with no privacy, well below acceptable minimum standards for displaced populations.
There is no safe space for women at the site. Twenty open pits are present within the site, and while some pits belonging to other families are covered, improper covering means children remain exposed to fall risks. Solid waste accumulation represents both an environmental and health hazard. Seasonal flooding is a concern given the cliff terrain. The geographic setting of Al-Ramleh Site on a cliff represents a uniquely compound risk — it simultaneously endangers water access, restricts mobility, and worsens flooding and drainage challenges. The inaccessibility of water points for women and persons with disabilities is a particularly critical protection gap. Priority recommendations include: relocating or adding safer water collection points, installing comprehensive internal pathway lighting, rehabilitating latrine infrastructure, securing all open pits, establishing a women's safe space, and implementing emergency flooding mitigation measures appropriate for the cliff terrain.""",,,,
40211777458720999Y,KYS4484,Al-Amal 2,https://app.zitemanager.org/#/sites/45677/submission-case-detail/40211777458720999Y,2026-04-29,Closed,,sohaalagha,IOM,Active,PHC,270 - 27002154,Khan Younis - Al Mawasi,2026-04-29,29/04/26,PHC,ECHO,2026-04-15,15-04-26,Community Participation and Representation,Community or Committee Meeting,,,5,3,0,0,8,0,5,3,,8,,,,,,,,,Community to Site Management Committee Interface Meetings,,,committee_to_community_meeting,,,,,,,,,,,,,,تم عمل اجتماع لأعضاء اللجنة وذلك لمناقشة مشكلة البراغيث في الموقع وكيفية التعامل معها وكيفية الحد من هذه المشكلة ,,,,
47941777458875321S,KYS1711,Al-Nakheel and Al-Zaitoon site,https://app.zitemanager.org/#/sites/31748/submission-case-detail/47941777458875321S,2026-04-29,Closed,,bisan_harb,IOM,Active,ACTED,270 - 27002154,Khan Younis - Al Mawasi,2026-04-29,29/04/26,ACTED,PRM,2026-04-20,20-04-26,"Two-Way Information Sharing, Feedback and Complaints",Awareness sessions,,,,8,,,8,0,0,8,No,8,,,,,,,,,,"Health, Nutrition",,Health Nutrition,No Items,,,,,,,,,0,,,,"SM conducted one first aid session of First aid covering wound care, child safety and emergency response, and malnutrition prevention, focusing on basic skills, early recognition, and promoting healthy practices.",,,,
48791777458889285E,GZA4199,Al Azahra University Parking,https://app.zitemanager.org/#/sites/39628/submission-case-detail/48791777458889285E,2026-04-29,Closed,,akassab,IOM,Active,PHC,260 - 2600119,Gaza - Southern Remal,2026-04-29,29/04/26,PHC,ECHO,2026-03-15,15-03-26,Community Participation and Representation,Community or Committee Meeting,,,3,0,0,0,3,0,3,0,,3,,,,,,,,,Community to Site Management Committee Interface Meetings,,,committee_to_community_meeting,,,,,,,,,,,,,,"on a community and site management committe meeting , they explain that there is a need for plastic covers to make maintinance for tents.",,,,
40521777458945367D,GZA6015,Al-Taawon  Site,https://app.zitemanager.org/#/sites/43043/submission-case-detail/40521777458945367D,2026-04-29,Closed,,tareqaljourani,NRC,Active,,260 - 2600120,Gaza - Ad Darraj,2026-04-29,29/04/26,NRC,PRM,2026-03-25,25-03-26,Site Service Coordination and Monitoring,Safety Audits,,,,,,,,,0,0,,1,,,,,,,,No,,,,,,,,,,,,,,,,,,"Al-Tawoun Site, located in Al-Daraj near the Yarmouk Popular Market in Gaza, is among the largest assessed sites, sheltering approximately 3,118 displaced persons across 830 families on approximately 60 dunums. The site has an NRC-funded lighting system, but given the site's large size, coverage is wholly insufficient. Theft incidents and exposed soak pits have been observed. Most critically, a fire occurred at the site two months prior to the audit, resulting in the deaths of two people, injuries to 10 others, and destruction of 10 tents — an incident partly attributed to the lack of adequate lighting and emergency response capacity.
The site is highly congested and lacks privacy throughout. Overcrowding has been significantly observed across the settlement. Water supply is entirely inadequate: no water containers exist within the site. Residents rely on 10 cups per person per day from Action Against Hunger and occasional water trucks from local initiatives — quantities far below minimum standards. The municipal water line operates twice per week for 8-10 hours, primarily during nighttime hours, forcing residents to divert drinking water for domestic use and creating a dangerous cycle of water insecurity.
Latrine infrastructure is deeply inadequate for the population size. Thirty public latrines are designated for specific family groups, while private latrines are rudimentary pits covered with worn-out metal sheets and fabric. Facilities are in poor condition, lacking both privacy and hygiene. Urgent maintenance is needed throughout. No safe space for women exists at the site. Exposed soak pits and solid waste accumulation present ongoing hazards. Winter flooding risks are present. The fire incident at Al-Tawoun Site is a stark indicator of the life-threatening risks posed by insufficient lighting and emergency infrastructure at such a densely populated site. Immediate priorities include enhanced lighting coverage, expanded water access, latrine rehabilitation, fire safety measures, solid waste management, flood mitigation, and provision of a dedicated safe space for women and girls.",,,,
48811777458946616R,GZA4131,Palestine stadium,https://app.zitemanager.org/#/sites/38649/submission-case-detail/48811777458946616R,2026-04-29,Closed,,shasani,IOM,Active,PHC,260 - 2600118,Gaza - Northern Remal,2026-04-29,29/04/26,PHC,ECHO,2026-03-22,22-03-26,Community Participation and Representation,Community or Committee Meeting,,,3,2,0,0,5,0,3,2,,5,,,,,,,,,Community to Site Management Committee Interface Meetings,,,committee_to_community_meeting,,,,,,,,,,,,,,"A meeting was held with the site committees and a request was made to extend the infrastructure to part of the baths area, with the aim of improving living conditions and preventing diseases and problems that harm families.",,,,
47941777458973279S,KYS1926,Albwasil,https://app.zitemanager.org/#/sites/31920/submission-case-detail/47941777458973279S,2026-04-29,Closed,,bisan_harb,IOM,Active,ACTED,270 - 27002154,Khan Younis - Al Mawasi,2026-04-29,29/04/26,ACTED,PRM,2026-04-20,20-04-26,"Two-Way Information Sharing, Feedback and Complaints",Awareness sessions,,,,8,,,8,0,0,8,No,8,,,,,,,,,,"Health, Nutrition",,Health Nutrition,No Items,,,,,,,,,0,,,,"SM conducted one first aid session of First aid covering wound care, child safety and emergency response, and malnutrition prevention, focusing on basic skills, early recognition, and promoting healthy practices.",,,,
40521777459057305A,GZA4827,Al-Ameer Site,https://app.zitemanager.org/#/sites/50077/submission-case-detail/40521777459057305A,2026-04-29,Closed,,tareqaljourani,NRC,Active,,260 - 2600112,Gaza - Ash Sheikh 'Ijleen,2026-04-29,29/04/26,NRC,PRM,2026-03-25,25-03-26,Site Service Coordination and Monitoring,Safety Audits,,,,,,,,,0,0,,1,,,,,,,,No,,,,,,,,,,,,,,,,,,"Al-Ameer Site, located west of Al-Quds Hospital in Gaza, accommodates approximately 1,320 displaced persons across 170 households on a 12-dunum plot. Unlike many other assessed sites, Al-Ameer is not classified as overcrowded — the site provides approximately 70 square meters per household, offering a comparatively reasonable level of comfort and privacy. However, this relative spatial advantage is overshadowed by several serious safety deficiencies.
The site has no night lighting, which creates multiple overlapping hazards. The absence of lighting significantly increases the risk of residents — especially women, children, and the elderly — falling into soak pits or tripping on the uneven ground. Rodents actively spread into tents at night in the absence of lighting, increasing disease exposure. Disorganized tent pegs and ropes throughout the site create additional tripping hazards. The collective effect of these nighttime hazards means residents are effectively confined to their tents after dark.
Water access is critically insufficient. Residents rely on a water truck that delivers approximately 5 cups twice per week, supplemented by municipal water for domestic use, available twice weekly for a maximum of two hours per session. These quantities are severely inadequate for daily household needs, and residents face a persistent and serious domestic water shortage. Latrine conditions are very poor: each household has a private latrine constructed with basic materials and a pit system covered by metal sheets and worn-out fabric. Twenty soak pits have overflowed, spreading waste in the surrounding area and significantly increasing the risk of infectious disease and epidemics.
No safe space for women exists at the site. Solid waste accumulation and winter flooding risks are present. Despite its relatively less crowded conditions, Al-Ameer Site requires urgent intervention in lighting, water supply, latrine rehabilitation, soak pit remediation, rodent control, and waste management. The 20 overflowing soak pits represent an immediate disease outbreak risk that demands immediate response.",,,,
48801777459092526V,GZA4142,Al Zahraa camp,https://app.zitemanager.org/#/sites/38660/submission-case-detail/48801777459092526V,2026-04-29,Closed,,arsalah,IOM,Active,PHC,260 - 2600118,Gaza - Northern Remal,2026-04-29,29/04/26,PHC,ECHO,2026-03-03,03-03-26,Site Environment Improvements,Community-Led Projects,,,5,0,0,0,5,0,5,0,,5,,,,,,,,,,"Site Safety & Access Improvements, Site Safety & Access Improvements",,site_access,"Sand/Flour Bags, Sand/Flour Bags",,,,,,400,,,0,0,Yes,0,تم تحسين بيئة الموقع وتعزيز معايير السلامة وسهولة الوصول، من خلال توزيع 400 أكياس رملية  واستخدامها في أعمال التدعيم والتحسين داخل الموقع. وقد ساهم المشروع في تلبية الاحتياجات المتعلقة بتحسينات السلامة والوصول، ودعم جاهزية البنية التحتية الأساسية، بما يعزز ظروف المعيشة للمجتمع المستفيد.,https://app.zitemanager.org/api/v2/generate-presigned-url/?object_key=WhatsApp_Image_2026-04-29_at_1.15.43_PM-13_37_42.jpeg&return_type=file,https://app.zitemanager.org/api/v2/generate-presigned-url/?object_key=WhatsApp_Image_2026-04-29_at_1.15.43_PM-13_37_22.jpeg&return_type=file,,
48811777459106529J,GZA4131,Palestine stadium,https://app.zitemanager.org/#/sites/38649/submission-case-detail/48811777459106529J,2026-04-29,Closed,,shasani,IOM,Active,PHC,260 - 2600118,Gaza - Northern Remal,2026-04-29,29/04/26,PHC,ECHO,2026-04-12,12-04-26,Community Participation and Representation,Community or Committee Meeting,,,2,2,0,0,4,0,2,2,,4,,,,,,,,,Community to Site Management Committee Interface Meetings,,,committee_to_community_meeting,,,,,,,,,,,,,,"A meeting was held with the site committees, and a request was made to provide the site with solar-powered floodlights in order to illuminate the site, prevent problems between families, and prevent injuries resulting from poor visibility at night, especially for children and families in general.",,,,
62671777458761542G,KYS1600,Abu Issa,https://app.zitemanager.org/#/sites/31663/submission-case-detail/62671777458761542G,2026-04-29,Closed,,aaboali,IOM,Active,PHC,270 - 27002154,Khan Younis - Al Mawasi,2026-04-29,29/04/26,PHC,ECHO,2026-03-04,04-03-26,Community Participation and Representation,Community or Committee Meeting,,,4,2,0,0,6,0,4,2,,6,,,,,,,,,Community to Site Management Committee Interface Meetings,,,committee_to_community_meeting,,,,,,,,,,,,,,تم عقد اجتماع مع أعضاء لجنة الموقع لتحديد احتياجات الموقع التي تتمحور حول ضرورة توفير كشافات أنارة داخل الموقع ، وتوفير مواد صحية ومنظمات .,,,,
40151779015278345M,KYS0835,Yafa Site,https://app.zitemanager.org/#/sites/31507/submission-case-detail/40151779015278345M,2026-05-17,Closed,,malmaqadma,IOM,Active,ACTED,270 - 27002154,Khan Younis - Al Mawasi,2026-05-17,17/05/26,ACTED,PRM,2026-05-10,10-05-26,Community Participation and Representation,Community or Committee Meeting,,,38,15,2,0,55,1,40,15,,55,,,,,,,,,"Programming Specific Meetings (e.g. project inductions, cash for work, etc.)",,,program_specific_meeting,,,,,,,,,,,,,,A CFW awareness session was conducted for IDPs to introduce the Cash for Work activity. The session also included guidance on how to properly fill out and submit the application form.,,,,
40211777459106135N,KYS1149,Al-Nakheel Alsahely,https://app.zitemanager.org/#/sites/31577/submission-case-detail/40211777459106135N,2026-04-29,Closed,,sohaalagha,IOM,Active,PHC,270 - 27002154,Khan Younis - Al Mawasi,2026-04-29,29/04/26,PHC,ECHO,2026-03-04,04-03-26,Site Environment Improvements,Community-Led Projects,,,6,0,0,0,6,0,6,0,,6,,,,,,,,,,"Site Safety & Access Improvements, Site Safety & Access Improvements",,site_access,"Sand/Flour Bags, Sand/Flour Bags",,,,,,150,,,0,0,Yes,0,تم عمل درج في الموقع وذلك لتسهيل دخول وخروج الناس منه .,https://app.zitemanager.org/api/v2/generate-presigned-url/?object_key=1777459268087.jpg&return_type=file,,,
47941777459365925V,KYS1933,Al faruq,https://app.zitemanager.org/#/sites/31926/submission-case-detail/47941777459365925V,2026-04-29,Closed,,bisan_harb,IOM,Active,ACTED,270 - 27002154,Khan Younis - Al Mawasi,2026-04-29,29/04/26,ACTED,PRM,2026-04-20,20-04-26,"Two-Way Information Sharing, Feedback and Complaints",Awareness sessions,,,,8,,,8,0,0,8,No,8,,,,,,,,,,"Health, Nutrition",,Health Nutrition,No Items,,,,,,,,,0,,,,"SM conducted one first aid session of First aid covering wound care, child safety and emergency response, and malnutrition prevention, focusing on basic skills, early recognition, and promoting healthy practices.",,,,
48801777459365395Q,GZA4142,Al Zahraa camp,https://app.zitemanager.org/#/sites/38660/submission-case-detail/48801777459365395Q,2026-04-29,Closed,,arsalah,IOM,Active,PHC,260 - 2600118,Gaza - Northern Remal,2026-04-29,29/04/26,PHC,ECHO,2026-04-08,08-04-26,Community Participation and Representation,Community or Committee Meeting,,,7,0,0,-1,6,0,7,-1,,6,,,,,,,,,Community to Site Management Committee Interface Meetings,,,committee_to_community_meeting,,,,,,,,,,,,,,تم عقد اجتماع مجتمعي مع السكان وممثلي الموقع، تخلله تنفيذ حملة تنظيف للممرات والمساحات بين الخيام بهدف تحسين بيئة الموقع وتعزيز النظافة والصحة العامة. ناقش المشاركون خلال الاجتماع أبرز التحديات المرتبطة بالنظافة داخل الموقع، وسبل الحفاظ على بيئة آمنة ومنظمة، مع التأكيد على أهمية التعاون المجتمعي في استدامة أعمال التنظيف. ساهم النشاط في رفع مستوى الوعي وتعزيز المشاركة المجتمعية في تحسين ظروف المعيشة داخل الموقع.,,,,
49411777459078318J,KYS1678,Al Shoka,https://app.zitemanager.org/#/sites/31721/submission-case-detail/49411777459078318J,2026-04-29,Closed,,mderby,IOM,Active,PHC,270 - 27002154,Khan Younis - Al Mawasi,2026-04-29,29/04/26,PHC,ECHO,2026-03-07,07-03-26,Site Environment Improvements,Community-Led Projects,,,7,0,0,0,7,0,7,0,,7,,,,,,,,,,"Site Safety & Access Improvements, Site Safety & Access Improvements",,site_access,"Sand/Flour Bags, Sand/Flour Bags",,,,,,250,,,0,0,Yes,0,تم عمل حواجز بأكياس الطحين حول الخيام لحمايتهم من السيول والفيضانات وايضا بجوانب الطرق لمنع دخول المياه علي الخيام ,https://app.zitemanager.org/api/v2/generate-presigned-url/?object_key=1777459401459.jpg&return_type=file,,,
40211777459290978A,KYS1149,Al-Nakheel Alsahely,https://app.zitemanager.org/#/sites/31577/submission-case-detail/40211777459290978A,2026-04-29,Closed,,sohaalagha,IOM,Active,PHC,270 - 27002154,Khan Younis - Al Mawasi,2026-04-29,29/04/26,PHC,ECHO,2026-04-15,15-04-26,Community Participation and Representation,Community or Committee Meeting,,,6,2,0,0,8,1,6,2,,8,,,,,,,,,Community to Site Management Committee Interface Meetings,,,committee_to_community_meeting,,,,,,,,,,,,,,تم اجتماع اعضاء اللجنة وذلك من أجل تقييم احتياج الموقع حيث أن الموقع بحاجة الى طرد نظافة ونقطة تعليمية ,,,,
48811777459442408P,GZA4125,Al-Wafa camp,https://app.zitemanager.org/#/sites/38651/submission-case-detail/48811777459442408P,2026-04-29,Closed,,shasani,IOM,Active,PHC,260 - 2600114,Gaza - As Sabra,2026-04-29,29/04/26,PHC,ECHO,2026-03-10,10-03-26,Site Environment Improvements,Community-Led Projects,,,4,1,0,0,5,0,4,1,,5,,,,,,,,,,"Site Safety & Access Improvements, Site Safety & Access Improvements",,site_access,"Sand/Flour Bags, Sand/Flour Bags",,,,,,100,,,0,0,Yes,0,"100 sandbags were distributed to Wafaa site in order to prevent floods and water from entering the tents of displaced people, to protect them from harm and diseases.",https://app.zitemanager.org/api/v2/generate-presigned-url/?object_key=WhatsApp_Image_2025-12-17_at_7.27.14_PM-13_43_52.jpeg&return_type=file,,,
48801777459477379I,GZA4142,Al Zahraa camp,https://app.zitemanager.org/#/sites/38660/submission-case-detail/48801777459477379I,2026-04-29,Closed,,arsalah,IOM,Active,PHC,260 - 2600118,Gaza - Northern Remal,2026-04-29,29/04/26,PHC,ECHO,2026-04-05,05-04-26,Community Participation and Representation,Community or Committee Meeting,,,9,0,0,0,9,0,9,0,,9,,,,,,,,,Community to Site Management Committee Interface Meetings,,,committee_to_community_meeting,,,,,,,,,,,,,,تم عقد اجتماع مجتمعي مع السكان وممثلي الموقع لمناقشة الحاجة إلى توفير إنارة ليلية داخل الموقع بهدف تحسين السلامة العامة وتعزيز سهولة الحركة خلال ساعات الليل. ناقش المشاركون التحديات المرتبطة بغياب الإضاءة في الممرات بين الخيام، وتم تحديد الاحتياجات ذات الأولوية ومناقشة الحلول الممكنة لتحسين الإنارة. ساهم الاجتماع في تعزيز التنسيق بين المجتمع وإدارة الموقع لدعم تحسين بيئة الموقع وظروف المعيشة.,,,,
40211777459431957D,KYS1149,Al-Nakheel Alsahely,https://app.zitemanager.org/#/sites/31577/submission-case-detail/40211777459431957D,2026-04-29,Closed,,sohaalagha,IOM,Active,PHC,270 - 27002154,Khan Younis - Al Mawasi,2026-04-29,29/04/26,PHC,ECHO,2026-04-15,15-04-26,Community Participation and Representation,Community or Committee Meeting,,,6,2,0,0,8,1,6,2,,8,,,,,,,,,Community to Site Management Committee Interface Meetings,,,committee_to_community_meeting,,,,,,,,,,,,,,تم اجتماع أعضاء اللجنة وذلك من أجل مناقشة احتياج الموقع من قرب مياه وبراميل مياه صالحة للشرب وذلك لخدمة الموقع وتوصيل المياه لأكبر قدر ممكن من النازحين .,,,,
49411777459426059Q,KYS1678,Al Shoka,https://app.zitemanager.org/#/sites/31721/submission-case-detail/49411777459426059Q,2026-04-29,Closed,,mderby,IOM,Active,PHC,270 - 27002154,Khan Younis - Al Mawasi,2026-04-29,29/04/26,PHC,ECHO,2026-03-04,04-03-26,Community Participation and Representation,Community or Committee Meeting,,,7,2,0,0,9,0,7,2,,9,,,,,,,,,Community to Site Management Committee Interface Meetings,,,committee_to_community_meeting,,,,,,,,,,,,,,"تم اجتماع لجنة مخيم الشوكة لتحديد احتياجات الموقع والتي تحددت في التالي:
أكياس طحين لعمل سواتر للحماية من الفياضانات
بطانيات
ملابس 
طرود صحية
",,,,
48801777459666335K,GZA4439,Arafat City Site,https://app.zitemanager.org/#/sites/42526/submission-case-detail/48801777459666335K,2026-04-29,Closed,,arsalah,IOM,Active,PHC,260 - 2600119,Gaza - Southern Remal,2026-04-29,29/04/26,PHC,ECHO,2026-04-01,01-04-26,Community Participation and Representation,Community or Committee Meeting,,,8,0,0,0,8,-1,8,0,,8,,,,,,,,,Community to Site Management Committee Interface Meetings,,,committee_to_community_meeting,,,,,,,,,,,,,,تم عقد اجتماع مجتمعي مع السكان وممثلي الموقع لمناقشة الحاجة إلى توفير إنارة ليلية داخل الموقع بهدف تحسين السلامة العامة وتعزيز سهولة الحركة خلال ساعات الليل. ناقش المشاركون التحديات المرتبطة بغياب الإضاءة في الممرات بين الخيام، وتم تحديد الاحتياجات ذات الأولوية ومناقشة الحلول الممكنة لتحسين الإنارة. ساهم الاجتماع في تعزيز التنسيق بين المجتمع وإدارة الموقع لدعم تحسين بيئة الموقع وظروف المعيشة.,,,,
62671777459430346X,KYS4482,Arab2,https://app.zitemanager.org/#/sites/45647/submission-case-detail/62671777459430346X,2026-04-29,Closed,,aaboali,IOM,Active,PHC,270 - 27002154,Khan Younis - Al Mawasi,2026-04-29,29/04/26,PHC,ECHO,2026-03-17,17-03-26,Site Environment Improvements,Community-Led Projects,,,7,0,0,0,7,0,7,0,,7,,,,,,,,,,"Site Safety & Access Improvements, Site Safety & Access Improvements",,site_access,"Sand/Flour Bags, Sand/Flour Bags",,,,,,110,,,0,0,Yes,0,تم التدخل وتسليم عدد من أكياس الرمل وذلك من أجل عمل سواتر رملية لمنع انجراف التربة ودخل الماء على الخيام. ,https://app.zitemanager.org/api/v2/generate-presigned-url/?object_key=1777459682043.jpg&return_type=file,,,
48801777459752187C,GZA4439,Arafat City Site,https://app.zitemanager.org/#/sites/42526/submission-case-detail/48801777459752187C,2026-04-29,Closed,,arsalah,IOM,Active,PHC,260 - 2600119,Gaza - Southern Remal,2026-04-29,29/04/26,PHC,ECHO,2026-03-09,09-03-26,Community Participation and Representation,Community or Committee Meeting,,,5,0,0,0,5,0,5,0,,5,,,,,,,,,Community to Site Management Committee Interface Meetings,,,committee_to_community_meeting,,,,,,,,,,,,,,تم عقد اجتماع مجتمعي مع السكان وممثلي الموقع لمناقشة الحاجة إلى توفير قاعة اجتماعات داخل الموقع، بهدف تعزيز تنظيم اللقاءات المجتمعية وتسهيل عقد الاجتماعات بشكل مناسب ومنتظم. ناقش المشاركون التحديات الحالية المرتبطة بعدم توفر مساحة مخصصة للاجتماعات، وتم تحديد أهمية توفير قاعة مجهزة لدعم أنشطة التنسيق واتخاذ القرار داخل الموقع. ساهم الاجتماع في تعزيز التواصل بين المجتمع وإدارة الموقع وتحسين آليات تنظيم العمل المجتمعي.,,,,
48811777459786269Z,GZA4125,Al-Wafa camp,https://app.zitemanager.org/#/sites/38651/submission-case-detail/48811777459786269Z,2026-04-29,Closed,,shasani,IOM,Active,PHC,260 - 2600114,Gaza - As Sabra,2026-04-29,29/04/26,PHC,ECHO,2026-03-02,02-03-26,Community Participation and Representation,Community or Committee Meeting,,,2,1,0,0,3,0,2,1,,3,,,,,,,,,Community to Site Management Committee Interface Meetings,,,committee_to_community_meeting,,,,,,,,,,,,,,A meeting was held with the site committees and a request was made to tile the floor of the public bathrooms on site to prevent the spread of diseases and to maintain the cleanliness of the place to ensure a healthy life for families and to prevent accidents such as falls and others.,,,,
40151779015901362E,KYS1713,Al-Fedaa site,https://app.zitemanager.org/#/sites/31749/submission-case-detail/40151779015901362E,2026-05-17,Closed,,malmaqadma,IOM,Active,ACTED,270 - 27002154,Khan Younis - Al Mawasi,2026-05-17,17/05/26,ACTED,PRM,2026-05-10,10-05-26,Community Participation and Representation,Community or Committee Meeting,,,44,42,0,0,86,4,44,42,,86,,,,,,,,,"Programming Specific Meetings (e.g. project inductions, cash for work, etc.)",,,program_specific_meeting,,,,,,,,,,,,,,A CFW awareness session was conducted for IDPs to introduce the Cash for Work activity. The session also included guidance on how to properly fill out and submit the application form.,,,,
49411777459654917T,KYS1678,Al Shoka,https://app.zitemanager.org/#/sites/31721/submission-case-detail/49411777459654917T,2026-04-29,Closed,,mderby,IOM,Active,PHC,270 - 27002154,Khan Younis - Al Mawasi,2026-04-29,29/04/26,PHC,ECHO,2026-04-08,08-04-26,Community Participation and Representation,Community or Committee Meeting,,,7,2,0,0,9,0,7,2,,9,,,,,,,,,Community to Site Management Committee Interface Meetings,,,committee_to_community_meeting,,,,,,,,,,,,,,"تم اجتماع لجنة الموقع لتحديد الاحتياجات التالية:
١_قرب لمياه الشرب
٢_جرادل
٣_طرود صحية
٤_أدوية ومبيدات لمكافحة الحشرات والقوارض",,,,
62671777459695535W,KYS4482,Arab2,https://app.zitemanager.org/#/sites/45647/submission-case-detail/62671777459695535W,2026-04-29,Closed,,aaboali,IOM,Active,PHC,270 - 27002154,Khan Younis - Al Mawasi,2026-04-29,29/04/26,PHC,ECHO,2026-03-10,10-03-26,Community Participation and Representation,Capacity strengthening for community members,,,5,1,0,0,6,0,5,1,,6,,,,,,,,,,,,,,,,,,,,,,,,,,تم عقد اجتماع مع لجنة إدارة المواقع لمناقشة وتحديد احتياجات الموقع حيث أن الموقع بحاجة إلى دواء لمكافحة البراغيث وبحاجة إلى زيادة منسوب مياه الشرب وبحاجة إلى تركيب كشافات أنارة داخل الموقع .,,,,
40211777459669158V,KYS4490,"Al salam , Alwehda",https://app.zitemanager.org/#/sites/45689/submission-case-detail/40211777459669158V,2026-04-29,Closed,,sohaalagha,IOM,Active,PHC,270 - 27002154,Khan Younis - Al Mawasi,2026-04-29,29/04/26,PHC,ECHO,2026-03-05,05-03-26,Site Environment Improvements,Community-Led Projects,,,2,0,0,0,2,0,2,0,,2,,,,,,,,,,"Site Safety & Access Improvements, Site Safety & Access Improvements",,site_access,"Sand/Flour Bags, Sand/Flour Bags",,,,,,50,,,0,0,Yes,0,الموقع كان بحاجة الي أكياس رملية وذلك من أجل استخدامها كمقاعد لجلوس النازحين عليها أثناء عمل ورش توعوية في الموقع ,https://app.zitemanager.org/api/v2/generate-presigned-url/?object_key=1777459805118.jpg&return_type=file,https://app.zitemanager.org/api/v2/generate-presigned-url/?object_key=1777459832807.jpg&return_type=file,,
48791777459897848G,GZA4199,Al Azahra University Parking,https://app.zitemanager.org/#/sites/39628/submission-case-detail/48791777459897848G,2026-04-29,Closed,,akassab,IOM,Active,PHC,260 - 2600119,Gaza - Southern Remal,2026-04-29,29/04/26,PHC,ECHO,2026-04-14,14-04-26,Community Participation and Representation,Community or Committee Meeting,,,2,0,0,0,2,0,2,0,,2,,,,,,,,,Community to Site Management Committee Interface Meetings,,,committee_to_community_meeting,,,,,,,,,,,,,,"there is an urgent  need for water line extention , the water line that excuted by PHC on site , However the water line doesent reach on all housholds.",,,,
48811777459898313S,GZA4125,Al-Wafa camp,https://app.zitemanager.org/#/sites/38651/submission-case-detail/48811777459898313S,2026-04-29,Closed,,shasani,IOM,Active,PHC,260 - 2600114,Gaza - As Sabra,2026-04-29,29/04/26,PHC,ECHO,2026-04-22,22-04-26,Community Participation and Representation,Community or Committee Meeting,,,4,0,0,0,4,0,4,0,,4,,,,,,,,,Community to Site Management Committee Interface Meetings,,,committee_to_community_meeting,,,,,,,,,,,,,,"A meeting was held with the site committees, and a request was made to employ workers from the site to solve the unemployment problem and to facilitate the living conditions of individuals.",,,,
62671777459872617Z,KYS4482,Arab2,https://app.zitemanager.org/#/sites/45647/submission-case-detail/62671777459872617Z,2026-04-29,Closed,,aaboali,IOM,Active,PHC,270 - 27002154,Khan Younis - Al Mawasi,2026-04-29,29/04/26,PHC,ECHO,2026-04-21,21-04-26,Community Participation and Representation,Capacity strengthening for community members,,,4,2,0,0,6,0,4,2,,6,,,,,,,,,,,,,,,,,,,,,,,,,,تم عقد اجتماع مع لجنة إدارة الموقع وتم تحديد احتياجات الموقع حيث أن الموقع بحاجة إلى تنفيذ حملات توعية حول خطورة انتشار البراغيث داخل الموقع وأنه بحاجة إلى أدوية لمكافحة البراغيث، وكذلك الموقع بحاجة إلى تركيب كشافات إنارة داخل الموقع  ,,,,
47941777460009281D,KYS1926,Albwasil,https://app.zitemanager.org/#/sites/31920/submission-case-detail/47941777460009281D,2026-04-29,Closed,,bisan_harb,IOM,Active,ACTED,270 - 27002154,Khan Younis - Al Mawasi,2026-04-29,29/04/26,ACTED,PRM,2026-04-29,29-04-26,"Two-Way Information Sharing, Feedback and Complaints",Awareness sessions,23,15,13,14,1,2,68,0,37,31,No,68,,,,,,,,,,"Child Protection, General Protection, UXOs/Mine Action",,CP GP uxos,No Items,,,,,,,,,0,,,,"SM conducted one awareness session for UXOs explaining Risks of unexploded ordnance (UXO), how to recognize potential hazards, follow safety procedures, and take appropriate actions to prevent accidents and ensure worker safety.",,,,
40211777459864586E,KYS4490,"Al salam , Alwehda",https://app.zitemanager.org/#/sites/45689/submission-case-detail/40211777459864586E,2026-04-29,Closed,,sohaalagha,IOM,Active,PHC,270 - 27002154,Khan Younis - Al Mawasi,2026-04-29,29/04/26,PHC,ECHO,2026-03-12,12-03-26,Community Participation and Representation,Community or Committee Meeting,,,3,2,0,0,5,0,3,2,,5,,,,,,,,,Community to Site Management Committee Interface Meetings,,,committee_to_community_meeting,,,,,,,,,,,,,,تم عمل اجتماع لاعضاء لجنة الموقع وذلك لرفع احتياج اللجنة حيث انها بحاجة الى مكان لتجمع اللجنة نفسها .,,,,
40211777460134724X,KYS4490,"Al salam , Alwehda",https://app.zitemanager.org/#/sites/45689/submission-case-detail/40211777460134724X,2026-04-29,Closed,,sohaalagha,IOM,Active,PHC,270 - 27002154,Khan Younis - Al Mawasi,2026-04-29,29/04/26,PHC,ECHO,2026-04-15,15-04-26,Community Participation and Representation,Community or Committee Meeting,,,3,2,0,0,5,0,3,2,,5,,,,,,,,,Community to Site Management Committee Interface Meetings,,,committee_to_community_meeting,,,,,,,,,,,,,,تم عمل اجتماع لاعضاء اللجنة لمناقشة مشكلة البراغيث في الموقع وكيفية التعامل معها والحد منها ,,,,
49411777459933490I,KYS1679,Al-Itihad,https://app.zitemanager.org/#/sites/31722/submission-case-detail/49411777459933490I,2026-04-29,Closed,,mderby,IOM,Active,PHC,270 - 27002154,Khan Younis - Al Mawasi,2026-04-29,29/04/26,PHC,ECHO,2026-03-05,05-03-26,Site Environment Improvements,Community-Led Projects,,,8,0,0,0,8,0,8,0,,8,,,,,,,,,,"Site Safety & Access Improvements, Site Safety & Access Improvements",,site_access,"Sand/Flour Bags, Sand/Flour Bags",,,,,,300,,,0,0,Yes,0,تم التواصل من قبل اللجنة لطلب اكياس رملية لعمل حواجز لمياه الامطار والسيول في الموقع لحماية النازحين وخيامهم من المياه وتم الاستجابة للجنة الموقع,https://app.zitemanager.org/api/v2/generate-presigned-url/?object_key=1777460197607.jpg&return_type=file,,,
48811777460240529L,GZA4457,Atyaf Al Khair site 1 & 2,https://app.zitemanager.org/#/sites/42224/submission-case-detail/48811777460240529L,2026-04-29,Closed,,shasani,IOM,Active,PHC,260 - 2600114,Gaza - As Sabra,2026-04-29,29/04/26,PHC,ECHO,2026-03-08,08-03-26,Site Environment Improvements,Community-Led Projects,,,3,1,0,0,4,0,3,1,,4,,,,,,,,,,"Site Safety & Access Improvements, Site Safety & Access Improvements",,site_access,"Sand/Flour Bags, Sand/Flour Bags",,,,,,280,,,0,0,Yes,0,"280 sandbags were distributed to the site in order to prevent floods and water from entering the tents of displaced people, to protect them from harm and diseases.",https://app.zitemanager.org/api/v2/generate-presigned-url/?object_key=WhatsApp_Image_2025-12-17_at_7.27.40_PM-13_56_49.jpeg&return_type=file,,,
49411777460209127K,KYS1679,Al-Itihad,https://app.zitemanager.org/#/sites/31722/submission-case-detail/49411777460209127K,2026-04-29,Closed,,mderby,IOM,Active,PHC,270 - 27002154,Khan Younis - Al Mawasi,2026-04-29,29/04/26,PHC,ECHO,2026-03-02,02-03-26,Community Participation and Representation,Community or Committee Meeting,,,7,2,0,0,9,0,7,2,,9,,,,,,,,,Community to Site Management Committee Interface Meetings,,,committee_to_community_meeting,,,,,,,,,,,,,,"تمزعقد اجتماع لجنة الموقع لتحديد احتياجات الموقع والتي تلخصتدفي الاتي:
1_اكياس رملية
2_شوادر
3_طرود صحية
4_خيام",,,,
62671777460050492T,KYS4473,Al Azba,https://app.zitemanager.org/#/sites/45295/submission-case-detail/62671777460050492T,2026-04-29,Closed,,aaboali,IOM,Active,PHC,270 - 27002154,Khan Younis - Al Mawasi,2026-04-29,29/04/26,PHC,ECHO,2026-03-12,12-03-26,Site Environment Improvements,Community-Led Projects,,,15,0,0,0,15,0,15,0,,15,,,,,,,,,,"Site Safety & Access Improvements, Site Safety & Access Improvements",,site_access,"Sand/Flour Bags, Sand/Flour Bags",,,,,,150,,,0,0,Yes,0,تم طلب أكياس رملية من قبل لجنة إدراة الموقع وتم تسليمهم العدد المطلوب وذلك من أجل عمل ساتر لمنع انزلاق الأمطار ولعمل ممرات آمنة داخل الموقع. ,https://app.zitemanager.org/api/v2/generate-presigned-url/?object_key=1777460363786.jpg&return_type=file,,,
48811777460436602Z,GZA4457,Atyaf Al Khair site 1 & 2,https://app.zitemanager.org/#/sites/42224/submission-case-detail/48811777460436602Z,2026-04-29,Closed,,shasani,IOM,Active,PHC,260 - 2600114,Gaza - As Sabra,2026-04-29,29/04/26,PHC,ECHO,2026-03-18,18-03-26,Community Participation and Representation,Community or Committee Meeting,,,4,1,0,0,5,0,4,1,,5,,,,,,,,,Community to Site Management Committee Interface Meetings,,,committee_to_community_meeting,,,,,,,,,,,,,,"A meeting was held with the site committees, and a request was made to provide the site with water tanks due to its dire need for them, as it only has one tank, which made it request more to provide water in appropriate quantities for the people and meet their needs.",,,,
40211777460260857Y,KYS4491,Al Shekh shamel,https://app.zitemanager.org/#/sites/45685/submission-case-detail/40211777460260857Y,2026-04-29,Closed,,sohaalagha,IOM,Active,PHC,270 - 27002154,Khan Younis - Al Mawasi,2026-04-29,29/04/26,PHC,ECHO,2026-03-12,12-03-26,Site Environment Improvements,Community-Led Projects,,,6,0,0,0,6,0,6,0,,6,,,,,,,,,,"Site Safety & Access Improvements, Site Safety & Access Improvements",,site_access,"Sand/Flour Bags, Sand/Flour Bags",,,,,,75,,,0,0,Yes,0,تم إعطاء الموقع أكياس رملية وذلك لعمل ساتر لمنع تسرب مياه الأمطار على خيام النازحين ,https://app.zitemanager.org/api/v2/generate-presigned-url/?object_key=1777460436672.jpg&return_type=file,,,
49411777460362156P,KYS1679,Al-Itihad,https://app.zitemanager.org/#/sites/31722/submission-case-detail/49411777460362156P,2026-04-29,Closed,,mderby,IOM,Active,PHC,270 - 27002154,Khan Younis - Al Mawasi,2026-04-29,29/04/26,PHC,ECHO,2026-04-05,05-04-26,Community Participation and Representation,Community or Committee Meeting,,,7,2,0,0,9,0,7,2,,9,,,,,,,,,Community to Site Management Committee Interface Meetings,,,committee_to_community_meeting,,,,,,,,,,,,,,"تم عقد اجتماع لجنة الموقع لتحديد احتياجات الموقع وهي:
1_طرود صحية
2_فرشات وحصر
3_قرب لمياه الشرب
4_مبيدات وأدوية لمكافحة الحشرات والقوارض",,,,
48811777460569532A,GZA4457,Atyaf Al Khair site 1 & 2,https://app.zitemanager.org/#/sites/42224/submission-case-detail/48811777460569532A,2026-04-29,Closed,,shasani,IOM,Active,PHC,260 - 2600114,Gaza - As Sabra,2026-04-29,29/04/26,PHC,ECHO,2026-04-19,19-04-26,Community Participation and Representation,Community or Committee Meeting,,,5,0,0,0,5,0,5,0,,5,,,,,,,,,Community to Site Management Committee Interface Meetings,,,committee_to_community_meeting,,,,,,,,,,,,,,"A meeting was held with the site committees to request that the site be provided with individual bathrooms for families on site due to the poor condition of their bathrooms, as they are not suitable for human use.",,,,
62671777460373111J,KYS4473,Al Azba,https://app.zitemanager.org/#/sites/45295/submission-case-detail/62671777460373111J,2026-04-29,Closed,,aaboali,IOM,Active,PHC,270 - 27002154,Khan Younis - Al Mawasi,2026-04-29,29/04/26,PHC,ECHO,2026-03-01,01-03-26,Community Participation and Representation,Capacity strengthening for community members,,,4,2,0,0,6,0,4,2,,6,,,,,,,,,,,,,,,,,,,,,,,,,,"تم عقد اجتماع مع لجنة إدارة الموقع بهدف تحديد احتياجات الموقع والتي هي: 
الموقع بحاجة إلى توفير مكابات لجمع النفايات ، وتوفير كشافات أنارة داخل الموقع ، وتوفير خيام جديدة للاسر التي تعيش في خيام قديمة وبالية وكذلك توفير شوادر",,,,
40211777460464793A,KYS4491,Al Shekh shamel,https://app.zitemanager.org/#/sites/45685/submission-case-detail/40211777460464793A,2026-04-29,Closed,,sohaalagha,IOM,Active,PHC,270 - 27002154,Khan Younis - Al Mawasi,2026-04-29,29/04/26,PHC,ECHO,2026-03-10,10-03-26,Community Participation and Representation,Community or Committee Meeting,,,5,2,0,0,7,0,5,2,,7,,,,,,,,,Community to Site Management Committee Interface Meetings,,,committee_to_community_meeting,,,,,,,,,,,,,,تم اجتماع اعضاء اللجنة ومن ذلك لرفع احتياج الموقع من أكياس رملية لحماية خيام النازحين من الغرق من الأمطار ,,,,
48791777460646622T,GZA4134,Al Karama,https://app.zitemanager.org/#/sites/38653/submission-case-detail/48791777460646622T,2026-04-29,Closed,,akassab,IOM,Active,PHC,260 - 2600118,Gaza - Northern Remal,2026-04-29,29/04/26,PHC,ECHO,2026-03-11,11-03-26,Site Environment Improvements,Community-Led Projects,,,7,2,0,0,9,0,7,2,,9,,,,,,,,,,"Debris Clearance, Debris Clearance, Site Safety & Access Improvements, Site Safety & Access Improvements",,debris_clearance site_access,"Sand/Flour Bags, Sand/Flour Bags",,,,,,470,,,0,0,Yes,0,"470 sandbags were supplied for site improvement works aimed at protecting tents and displaced persons from water runoff, particularly rainwater. These sandbags were distributed along both sides of pathways and at site entrances to ensure the safety and dignity of the displaced population.",https://app.zitemanager.org/api/v2/generate-presigned-url/?object_key=WhatsApp_Image_2026-04-29_at_2.01.57_PM_3-14_2_53.jpeg&return_type=file,https://app.zitemanager.org/api/v2/generate-presigned-url/?object_key=WhatsApp_Image_2026-04-29_at_2.01.57_PM_2-14_2_57.jpeg&return_type=file,https://app.zitemanager.org/api/v2/generate-presigned-url/?object_key=WhatsApp_Image_2026-04-29_at_2.01.57_PM-14_3_3.jpeg&return_type=file,
40211777460593370J,KYS4491,Al Shekh shamel,https://app.zitemanager.org/#/sites/45685/submission-case-detail/40211777460593370J,2026-04-29,Closed,,sohaalagha,IOM,Active,PHC,270 - 27002154,Khan Younis - Al Mawasi,2026-04-29,29/04/26,PHC,ECHO,2026-04-16,16-04-26,Community Participation and Representation,Community or Committee Meeting,,,5,2,0,0,7,0,5,2,,7,,,,,,,,,Community to Site Management Committee Interface Meetings,,,committee_to_community_meeting,,,,,,,,,,,,,,تم اجتماع اعضاء اللجنة وذلك من أجل رفع احتياجات الموقع حيث ان الموقع بحاجة الى طرد نظافة وقرب مياه حلوة وفرشات .,,,,
40151779016097539N,KYS0825,Al-Jawhari,https://app.zitemanager.org/#/sites/31498/submission-case-detail/40151779016097539N,2026-05-17,Closed,,malmaqadma,IOM,Active,ACTED,270 - 27002154,Khan Younis - Al Mawasi,2026-05-17,17/05/26,ACTED,PRM,2026-05-10,10-05-26,Community Participation and Representation,Community or Committee Meeting,,,16,39,2,1,58,0,18,40,,58,,,,,,,,,"Programming Specific Meetings (e.g. project inductions, cash for work, etc.)",,,program_specific_meeting,,,,,,,,,,,,,,A CFW awareness session was conducted for IDPs to introduce the Cash for Work activity. The session also included guidance on how to properly fill out and submit the application form.,,,,
40151779016174371G,KYS0947,Al-rimal Al-Thahabiea,https://app.zitemanager.org/#/sites/31532/submission-case-detail/40151779016174371G,2026-05-17,Closed,,malmaqadma,IOM,Active,ACTED,270 - 27002154,Khan Younis - Al Mawasi,2026-05-17,17/05/26,ACTED,PRM,2026-05-10,10-05-26,Community Participation and Representation,Community or Committee Meeting,,,45,25,4,1,75,4,49,26,,75,,,,,,,,,"Programming Specific Meetings (e.g. project inductions, cash for work, etc.)",,,program_specific_meeting,,,,,,,,,,,,,,A CFW awareness session was conducted for IDPs to introduce the Cash for Work activity. The session also included guidance on how to properly fill out and submit the application form.,,,,
48791777460912395D,GZA4134,Al Karama,https://app.zitemanager.org/#/sites/38653/submission-case-detail/48791777460912395D,2026-04-29,Closed,,akassab,IOM,Active,PHC,260 - 2600118,Gaza - Northern Remal,2026-04-29,29/04/26,PHC,ECHO,2026-03-10,10-03-26,Community Participation and Representation,Community or Committee Meeting,,,4,1,0,0,5,0,4,1,,5,,,,,,,,,Community to Site Management Committee Interface Meetings,,,committee_to_community_meeting,,,,,,,,,,,,,,"Site needs for supplying a waternetwork on the site, because idps they have difficulty accessing water.",,,,
62671777460599844Q,KYS4473,Al Azba,https://app.zitemanager.org/#/sites/45295/submission-case-detail/62671777460599844Q,2026-04-29,Closed,,aaboali,IOM,Active,PHC,270 - 27002154,Khan Younis - Al Mawasi,2026-04-29,29/04/26,PHC,ECHO,2026-04-08,08-04-26,Community Participation and Representation,Capacity strengthening for community members,,,4,2,0,0,6,0,4,2,,6,,,,,,,,,,,,,,,,,,,,,,,,,,"تم عقد اجتماع مع لجنة إدارة الموقع بهدف تحديد احتياجات الموقع والتي هي:
الموقع بحاجة إلى أدوات مطبخ وشوادر وحرامات وخيم جديدة.
 الموقع بحاجة إلى براميل مياه شرب وكذلك بحاجة إلى شبكة برابيش لتوصيل مياه الاستخدام إلى النازحين في الموقع.
الموقع بحاجة إلى توفير كشافات إنارة داخل الموقع",,,,
49411777460847584G,KYS4486,Ard Al Mostaqbal,https://app.zitemanager.org/#/sites/45676/submission-case-detail/49411777460847584G,2026-04-29,Closed,,mderby,IOM,Active,PHC,270 - 27002154,Khan Younis - Al Mawasi,2026-04-29,29/04/26,PHC,ECHO,2026-03-09,09-03-26,Site Environment Improvements,Community-Led Projects,,,6,0,0,0,6,0,6,0,,6,,,,,,,,,,"Site Safety & Access Improvements, Site Safety & Access Improvements",,site_access,"Sand/Flour Bags, Sand/Flour Bags",,,,,,150,,,0,0,Yes,0,تم طلب اكياس طحين من لجنة الموقع لمل سواتر رملية لحماية الخيام والنازحين من فيضانات مياه الامطار وتم الاستجابة للجنة علي الفور,https://app.zitemanager.org/api/v2/generate-presigned-url/?object_key=1777461114619.jpg&return_type=file,,,
48791777461241414C,GZA4134,Al Karama,https://app.zitemanager.org/#/sites/38653/submission-case-detail/48791777461241414C,2026-04-29,Closed,,akassab,IOM,Active,PHC,260 - 2600118,Gaza - Northern Remal,2026-04-29,29/04/26,PHC,ECHO,2026-04-15,15-04-26,Community Participation and Representation,Community or Committee Meeting,,,2,1,0,0,3,0,2,1,,3,,,,,,,,,Community to Site Management Committee Interface Meetings,,,committee_to_community_meeting,,,,,,,,,,,,,,"Site needs for internet network supply for idps on site, espicially students who studying online.",,,,
40211777460959218E,KYS1553,Al-Sabr w Al-Somood,https://app.zitemanager.org/#/sites/31646/submission-case-detail/40211777460959218E,2026-04-29,Closed,,sohaalagha,IOM,Active,PHC,270 - 27002154,Khan Younis - Al Mawasi,2026-04-29,29/04/26,PHC,ECHO,2026-03-10,10-03-26,Site Environment Improvements,Community-Led Projects,,,4,0,0,0,4,0,4,0,,4,,,,,,,,,,"Site Safety & Access Improvements, Site Safety & Access Improvements",,site_access,"Sand/Flour Bags, Sand/Flour Bags",,,,,,50,,,0,0,Yes,0,تم إعطاء الموقع أكياس رملية وذلك لعمل ساتر رملي لمنع تدفق مياه الأمطار على الموقع ,https://app.zitemanager.org/api/v2/generate-presigned-url/?object_key=1777461304563.jpg&return_type=file,,,
49411777461149746Q,KYS4486,Ard Al Mostaqbal,https://app.zitemanager.org/#/sites/45676/submission-case-detail/49411777461149746Q,2026-04-29,Closed,,mderby,IOM,Active,PHC,270 - 27002154,Khan Younis - Al Mawasi,2026-04-29,29/04/26,PHC,ECHO,2026-03-08,08-03-26,Community Participation and Representation,Community or Committee Meeting,,,7,2,0,0,9,0,7,2,,9,,,,,,,,,Community to Site Management Committee Interface Meetings,,,committee_to_community_meeting,,,,,,,,,,,,,,"تم عقد اجتماع لتحديد الاحتياجات للموقع من قبل اللجنة وتم تحديد الاحتياجات التالية:
1_كشافات اضاءة للموقع
2_طرود صحية
3_فرشات وحصر
4_حرامات",,,,
62671777459205185M,KYS1600,Abu Issa,https://app.zitemanager.org/#/sites/31663/submission-case-detail/62671777459205185M,2026-04-29,Closed,,aaboali,IOM,Active,PHC,270 - 27002154,Khan Younis - Al Mawasi,2026-04-29,29/04/26,PHC,ECHO,2026-04-16,16-04-26,Community Participation and Representation,Capacity strengthening for community members,,,4,2,0,0,6,0,4,2,,6,,,,,,,,,,,,,,,,,,,,,,,,,,تم عقد اجتماع مع لجنة إدارة الموقع لتحديد احتياجات الموقع ، وحيث أن الموقع بحاجة إلى توفير كشافات أنارة داخل الموقع وبحاجة إلى توفير شوادر .,,,,
62671777461203546U,KYS1594,Al rabie,https://app.zitemanager.org/#/sites/36239/submission-case-detail/62671777461203546U,2026-04-29,Closed,,aaboali,IOM,Active,PHC,270 - 27002154,Khan Younis - Al Mawasi,2026-04-29,29/04/26,PHC,ECHO,2026-03-10,10-03-26,Site Environment Improvements,Community-Led Projects,,,10,0,0,0,10,0,10,0,,10,,,,,,,,,,"Site Safety & Access Improvements, Site Safety & Access Improvements",,site_access,"Sand/Flour Bags, Sand/Flour Bags",,,,,,130,,,0,0,Yes,0,تم التدخل وتسليم أكياس رملية وذلك بعد طلب من لجنة إدارة الموقع بأن الموقع بحاجة إلى عملية سواتر رملية بجانب الخيام الواقع على الطريق وذلك لحل مشكلة انجراف الرمل داخل الخيام ودخول مياه المطار داخل الخيام.,https://app.zitemanager.org/api/v2/generate-presigned-url/?object_key=1777461358865.jpg&return_type=file,,,
40211777461328312I,KYS1553,Al-Sabr w Al-Somood,https://app.zitemanager.org/#/sites/31646/submission-case-detail/40211777461328312I,2026-04-29,Closed,,sohaalagha,IOM,Active,PHC,270 - 27002154,Khan Younis - Al Mawasi,2026-04-29,29/04/26,PHC,ECHO,2026-03-17,17-03-26,Community Participation and Representation,Community or Committee Meeting,,,4,3,0,0,7,0,4,3,,7,,,,,,,,,Community to Site Management Committee Interface Meetings,,,committee_to_community_meeting,,,,,,,,,,,,,,تم عمل اجتماع لاعضاء اللجنة وذلك لتحديد احتياج الموقع حيث ان الموقع بحاجة الى قرب مياه حلوة وطرد نظافة ,,,,
49411777461334258Q,KYS4486,Ard Al Mostaqbal,https://app.zitemanager.org/#/sites/45676/submission-case-detail/49411777461334258Q,2026-04-29,Closed,,mderby,IOM,Active,PHC,270 - 27002154,Khan Younis - Al Mawasi,2026-04-29,29/04/26,PHC,ECHO,2026-04-08,08-04-26,Community Participation and Representation,Community or Committee Meeting,,,7,2,0,0,9,0,7,2,,9,,,,,,,,,Community to Site Management Committee Interface Meetings,,,committee_to_community_meeting,,,,,,,,,,,,,,"تم عقد اجتماع لل٠نة الموقع لتحديد احتياجات الموقع والتي حددت في الاتي:
1_قرب لمياه الشرب
2_جرادال
3_طرود صحية
4_كشافات طاقة لاضاءة الموقع
5_مبيدات وادوية لمكافحة الحشرات و القوارض في الموقع",,,,
62671777461446913R,KYS1594,Al rabie,https://app.zitemanager.org/#/sites/36239/submission-case-detail/62671777461446913R,2026-04-29,Closed,,aaboali,IOM,Active,PHC,270 - 27002154,Khan Younis - Al Mawasi,2026-04-29,29/04/26,PHC,ECHO,2026-03-10,10-03-26,Community Participation and Representation,Capacity strengthening for community members,,,5,1,0,0,6,0,5,1,,6,,,,,,,,,,,,,,,,,,,,,,,,,,"تم عقد اجتماع مع لجنة إدارة الموقع بهدف تحديد احتياجات الموقع ، حيث أن الموقع بحاجة إلى توفير أدوية ومبيدات لمكافحة الحشرات والمنتشرة داخل الموقع.
الموقع بحاجة إلى توفير كشافات انارة.
الموقع بحاجة إلى توفير خيام وشوادر ",,,,
40211777461461543C,KYS1553,Al-Sabr w Al-Somood,https://app.zitemanager.org/#/sites/31646/submission-case-detail/40211777461461543C,2026-04-29,Closed,,sohaalagha,IOM,Active,PHC,270 - 27002154,Khan Younis - Al Mawasi,2026-04-29,29/04/26,PHC,ECHO,2026-04-15,15-04-26,Community Participation and Representation,Community or Committee Meeting,,,4,3,0,0,7,0,4,3,,7,,,,,,,,,Community to Site Management Committee Interface Meetings,,,committee_to_community_meeting,,,,,,,,,,,,,,تم عمل اجتماع لاعضاء اللجنة وذلك من أجل مناقشة مشكلة البراغيث المنتشرة وكيفية التعامل معها والحد من انتشارها ,,,,
48791777461697023D,GZA4435,Al Shalihat,https://app.zitemanager.org/#/sites/42596/submission-case-detail/48791777461697023D,2026-04-29,Closed,,akassab,IOM,Active,PHC,260 - 2600119,Gaza - Southern Remal,2026-04-29,29/04/26,PHC,ECHO,2026-03-16,16-03-26,Site Environment Improvements,Community-Led Projects,,,6,0,0,0,6,0,6,0,,6,,,,,,,,,,"Site Safety & Access Improvements, Site Safety & Access Improvements",,site_access,"No Items, No Items",,,,,,,,,0,0,Yes,0,"Cleaning activities were carried out inside the site، including the removal of debris between tents in the pathways, to improve site conditions and ensure the safety and dignity of the displaced population.",https://app.zitemanager.org/api/v2/generate-presigned-url/?object_key=WhatsApp_Image_2026-04-29_at_2.20.53_PM_1-14_21_20.jpeg&return_type=file,https://app.zitemanager.org/api/v2/generate-presigned-url/?object_key=WhatsApp_Image_2026-04-29_at_2.20.11_PM-14_21_30.jpeg&return_type=file,,
62671777461627603N,KYS1594,Al rabie,https://app.zitemanager.org/#/sites/36239/submission-case-detail/62671777461627603N,2026-04-29,Closed,,aaboali,IOM,Active,PHC,270 - 27002154,Khan Younis - Al Mawasi,2026-04-29,29/04/26,PHC,ECHO,2026-04-16,16-04-26,Community Participation and Representation,Capacity strengthening for community members,,,5,1,0,0,6,0,5,1,,6,,,,,,,,,,,,,,,,,,,,,,,,,,"الموقع بحاجة إلى توفير كشافات إنارة داخل الموقع. 
الموقع بحاجة إلى توفير أدوية ومبيدات لمكافحة الحشرات والبراغيث المنتشرة داخل الموقع.",,,,
48791777461878427X,GZA4435,Al Shalihat,https://app.zitemanager.org/#/sites/42596/submission-case-detail/48791777461878427X,2026-04-29,Closed,,akassab,IOM,Active,PHC,260 - 2600119,Gaza - Southern Remal,2026-04-29,29/04/26,PHC,ECHO,2026-03-15,15-03-26,Community Participation and Representation,Community or Committee Meeting,,,3,1,1,0,5,0,4,1,,5,,,,,,,,,Community to Site Management Committee Interface Meetings,,,committee_to_community_meeting,,,,,,,,,,,,,,"The Site Management Committee, together with the Education Committee, requested support for the established learning space in order for it to be formally recognized by the Ministry of Education and to provide a suitable learning environment for students.",,,,
49411777461581246P,KYS1562,Sumud Alaistil,https://app.zitemanager.org/#/sites/31650/submission-case-detail/49411777461581246P,2026-04-29,Closed,,mderby,IOM,Active,PHC,270 - 27002154,Khan Younis - Al Mawasi,2026-04-29,29/04/26,PHC,ECHO,2026-03-12,12-03-26,Site Environment Improvements,Community-Led Projects,,,9,0,0,0,9,0,9,0,,9,,,,,,,,,,"Site Safety & Access Improvements, Site Safety & Access Improvements",,site_access,"Sand/Flour Bags, Sand/Flour Bags",,,,,,290,,,0,0,Yes,0,تم إعطاء لجنة الموقع اكياس رملية لعمل سواتر لحماية النازحين وخيامهم من مياه الامطار والفياضانات ,https://app.zitemanager.org/api/v2/generate-presigned-url/?object_key=1777461834592.jpg&return_type=file,,,
62671777461771769W,KYS1641,Abu Torky,https://app.zitemanager.org/#/sites/31692/submission-case-detail/62671777461771769W,2026-04-29,Closed,,aaboali,IOM,Active,PHC,270 - 27002154,Khan Younis - Al Mawasi,2026-04-29,29/04/26,PHC,ECHO,2026-03-10,10-03-26,Site Environment Improvements,Community-Led Projects,,,12,0,0,0,12,0,12,0,,12,,,,,,,,,,"Site Safety & Access Improvements, Site Safety & Access Improvements",,site_access,"Sand/Flour Bags, Sand/Flour Bags",,,,,,150,,,0,0,Yes,0,تم تسليم أكياس رملية للموقع وذلك من أجل عمل سواتر رملية لمنع دخول الماء على الخيام ,https://app.zitemanager.org/api/v2/generate-presigned-url/?object_key=1777461950961.jpg&return_type=file,,,
48791777462053855Y,GZA4435,Al Shalihat,https://app.zitemanager.org/#/sites/42596/submission-case-detail/48791777462053855Y,2026-04-29,Closed,,akassab,IOM,Active,PHC,260 - 2600119,Gaza - Southern Remal,2026-04-29,29/04/26,PHC,ECHO,2026-04-13,13-04-26,Community Participation and Representation,Community or Committee Meeting,,,4,1,1,0,6,0,5,1,,6,,,,,,,,,Community to Site Management Committee Interface Meetings,,,committee_to_community_meeting,,,,,,,,,,,,,,"The Education Committee confirmed that there has been no effective intervention to improve the existing learning environment at the site. It also called for immediate and urgent action, stressing the need to avoid neglecting the issue in order to safeguard the safety and dignity of students and displaced persons.",,,,
40151779016503357U,KYS0805,Al-Shaheed Jameel,https://app.zitemanager.org/#/sites/31493/submission-case-detail/40151779016503357U,2026-05-17,Closed,,malmaqadma,IOM,Active,ACTED,270 - 27002154,Khan Younis - Al Mawasi,2026-05-17,17/05/26,ACTED,PRM,2026-05-10,10-05-26,Community Participation and Representation,Community or Committee Meeting,,,34,18,1,1,54,0,35,19,,54,,,,,,,,,"Programming Specific Meetings (e.g. project inductions, cash for work, etc.)",,,program_specific_meeting,,,,,,,,,,,,,,A CFW awareness session was conducted for IDPs to introduce the Cash for Work activity. The session also included guidance on how to properly fill out and submit the application form.,,,,
62671777461976285R,KYS1641,Abu Torky,https://app.zitemanager.org/#/sites/31692/submission-case-detail/62671777461976285R,2026-04-29,Closed,,aaboali,IOM,Active,PHC,270 - 27002154,Khan Younis - Al Mawasi,2026-04-29,29/04/26,PHC,ECHO,2026-03-14,14-03-26,Community Participation and Representation,Capacity strengthening for community members,,,5,1,0,0,6,0,5,1,,6,,,,,,,,,,,,,,,,,,,,,,,,,,"تم عقد اجتماع مع لجنة إدارة الموقع بهدف تحديد احتياجات الموقع ، حيث أن الموقع بحاجة إلى توفير كشافات إنارة داخل الموقع. 
الموقع بحاجة إلى توفير أدوية ومبيدات لمكافحة الحشرات والبراغيث المنتشرة داخل الموقع.",,,,
62671777462124843I,KYS1641,Abu Torky,https://app.zitemanager.org/#/sites/31692/submission-case-detail/62671777462124843I,2026-04-29,Closed,,aaboali,IOM,Active,PHC,270 - 27002154,Khan Younis - Al Mawasi,2026-04-29,29/04/26,PHC,ECHO,2026-04-15,15-04-26,Community Participation and Representation,Capacity strengthening for community members,,,5,1,0,0,6,0,5,1,,6,,,,,,,,,,,,,,,,,,,,,,,,,,"الموقع بحاجة إلى توفير أدوية ومبيدات لمكافحة الحشرات. 
الموقع بحاجة إلى أدوات وطرود صحية.",,,,
40211777461681764I,KYS1628,Al Karama 2,https://app.zitemanager.org/#/sites/31681/submission-case-detail/40211777461681764I,2026-04-29,Closed,,sohaalagha,IOM,Active,PHC,270 - 27002154,Khan Younis - Al Mawasi,2026-04-29,29/04/26,PHC,ECHO,2026-03-14,14-03-26,Site Environment Improvements,Community-Led Projects,,,4,0,0,0,4,0,4,0,,4,,,,,,,,,,"Site Safety & Access Improvements, Site Safety & Access Improvements",,site_access,"Sand/Flour Bags, Sand/Flour Bags",,,,,,60,,,0,0,Yes,0,تم عمل سواتر رملية حول الخيام ,https://app.zitemanager.org/api/v2/generate-presigned-url/?object_key=1777462238230.jpg&return_type=file,,,
48791777462263449I,GZA4442,Baldna Site,https://app.zitemanager.org/#/sites/42285/submission-case-detail/48791777462263449I,2026-04-29,Closed,,akassab,IOM,Active,PHC,260 - 2600118,Gaza - Northern Remal,2026-04-29,29/04/26,PHC,ECHO,2026-03-10,10-03-26,Community Participation and Representation,Community or Committee Meeting,,,3,2,1,0,6,0,4,2,,6,,,,,,,,,Community to Site Management Committee Interface Meetings,,,committee_to_community_meeting,,,,,,,,,,,,,,"site needs to exchange the most of bathrooms on the site , because of the the current bathrooms doesnt meet the huminitarian standards .",,,,
40211777462252684Q,KYS1628,Al Karama 2,https://app.zitemanager.org/#/sites/31681/submission-case-detail/40211777462252684Q,2026-04-29,Closed,,sohaalagha,IOM,Active,PHC,270 - 27002154,Khan Younis - Al Mawasi,2026-04-29,29/04/26,PHC,ECHO,2026-03-21,21-03-26,Community Participation and Representation,Community or Committee Meeting,,,6,2,0,0,8,0,6,2,,8,,,,,,,,,Community to Site Management Committee Interface Meetings,,,committee_to_community_meeting,,,,,,,,,,,,,,تم عمل اجتماع مع اعضاء اللجنة وذلك لرفع احتياج الموقع حيث ان الموقع بحاجة الى شوادر ,,,,
48791777462410391O,GZA4442,Baldna Site,https://app.zitemanager.org/#/sites/42285/submission-case-detail/48791777462410391O,2026-04-29,Closed,,akassab,IOM,Active,PHC,260 - 2600118,Gaza - Northern Remal,2026-04-29,29/04/26,PHC,ECHO,2026-04-19,19-04-26,Community Participation and Representation,Community or Committee Meeting,,,3,2,1,0,6,0,4,2,,6,,,,,,,,,Community to Site Management Committee Interface Meetings,,,committee_to_community_meeting,,,,,,,,,,,,,,"site needs for exchange the bathrooms as described before on the previous meeting , until now there isnt any implementation on this project , in addition the site needs lighting network.",,,,
49411777462308792S,KYS1562,Sumud Alaistil,https://app.zitemanager.org/#/sites/31650/submission-case-detail/49411777462308792S,2026-04-29,Closed,,mderby,IOM,Active,PHC,270 - 27002154,Khan Younis - Al Mawasi,2026-04-29,29/04/26,PHC,ECHO,2026-04-15,15-04-26,Community Participation and Representation,Community or Committee Meeting,,,7,2,0,0,9,0,7,2,,9,,,,,,,,,Community to Site Management Committee Interface Meetings,,,committee_to_community_meeting,,,,,,,,,,,,,,"تم عقد اجتماع لجنة الموقع لتحديد ا٩تياجات الموقع والتي تلخصت في الآتي:
1_قرب مياه 
2_جرادل
3_طرود صحية
4_ملابس
5_مبيدات وأدوية لمكافحة الحشرات والقوارض",,,,
40211777462321386W,KYS1628,Al Karama 2,https://app.zitemanager.org/#/sites/31681/submission-case-detail/40211777462321386W,2026-04-29,Closed,,sohaalagha,IOM,Active,PHC,270 - 27002154,Khan Younis - Al Mawasi,2026-04-29,29/04/26,PHC,ECHO,2026-04-20,20-04-26,Community Participation and Representation,Community or Committee Meeting,,,6,2,0,0,8,0,6,2,,8,,,,,,,,,Community to Site Management Committee Interface Meetings,,,committee_to_community_meeting,,,,,,,,,,,,,,تم عقد اجتماع مع اعضاء اللجنة وذلك لدراسة موضوع البراغيث وكيفية التعامل معها والحد من انتشارها ,,,,
40211777462688143H,KYS4477,Al Hanen,https://app.zitemanager.org/#/sites/45299/submission-case-detail/40211777462688143H,2026-04-29,Closed,,sohaalagha,IOM,Active,PHC,270 - 27002154,Khan Younis - Al Mawasi,2026-04-29,29/04/26,PHC,ECHO,2026-03-17,17-03-26,Site Environment Improvements,Community-Led Projects,,,6,0,0,0,6,0,6,0,,6,,,,,,,,,,"Site Safety & Access Improvements, Site Safety & Access Improvements",,site_access,"Sand/Flour Bags, Sand/Flour Bags",,,,,,80,,,0,0,Yes,0,تم عمل سواتر رملية للموقع وذلك لمنع انجراف مياه الأمطار على الخيام ,https://app.zitemanager.org/api/v2/generate-presigned-url/?object_key=1777462900238.jpg&return_type=file,,,
40211777462912029Q,KYS4477,Al Hanen,https://app.zitemanager.org/#/sites/45299/submission-case-detail/40211777462912029Q,2026-04-29,Closed,,sohaalagha,IOM,Active,PHC,270 - 27002154,Khan Younis - Al Mawasi,2026-04-29,29/04/26,PHC,ECHO,2026-04-07,07-04-26,Community Participation and Representation,Community or Committee Meeting,,,4,2,0,0,6,0,4,2,,6,,,,,,,,,Community to Site Management Committee Interface Meetings,,,committee_to_community_meeting,,,,,,,,,,,,,,تم اجتماع اعضاء اللجنة وذلك لمناقشة احتياجات الموقع حيث ان الموقع بحاجة الى كشافات انارة ,,,,
40211777462996580R,KYS4477,Al Hanen,https://app.zitemanager.org/#/sites/45299/submission-case-detail/40211777462996580R,2026-04-29,Closed,,sohaalagha,IOM,Active,PHC,270 - 27002154,Khan Younis - Al Mawasi,2026-04-29,29/04/26,PHC,ECHO,2026-04-16,16-04-26,Community Participation and Representation,Community or Committee Meeting,,,4,2,0,0,6,0,4,2,,6,,,,,,,,,Community to Site Management Committee Interface Meetings,,,committee_to_community_meeting,,,,,,,,,,,,,,تم اجتماع اعضاء اللجنة وذلم لمناقشة احتياجات الموقع من قرب وشوادر ,,,,
62671777462443069Y,KYS1651,Event camp,https://app.zitemanager.org/#/sites/41134/submission-case-detail/62671777462443069Y,2026-04-29,Closed,,aaboali,IOM,Active,PHC,270 - 27002154,Khan Younis - Al Mawasi,2026-04-29,29/04/26,PHC,ECHO,2026-03-11,11-03-26,Site Environment Improvements,Community-Led Projects,,,8,0,0,0,8,0,8,0,,8,,,,,,,,,,"Site Safety & Access Improvements, Site Safety & Access Improvements",,site_access,"Sand/Flour Bags, Sand/Flour Bags",,,,,,88,,,0,0,Yes,0,تم تسليم أكياس رملية وذلك من أجل عمل درج يسهل على النازحين عملية التنقل.,https://app.zitemanager.org/api/v2/generate-presigned-url/?object_key=1777463138654.jpg&return_type=file,,,
48791777463180723X,GZA4442,Baldna Site,https://app.zitemanager.org/#/sites/42285/submission-case-detail/48791777463180723X,2026-04-29,Closed,,akassab,IOM,Active,PHC,260 - 2600118,Gaza - Northern Remal,2026-04-29,29/04/26,PHC,ECHO,2026-03-17,17-03-26,Site Environment Improvements,Community-Led Projects,,,4,0,0,0,4,0,4,0,,4,,,,,,,,,,"Debris Clearance, Debris Clearance",,debris_clearance,"No Items, No Items",,,,,,,,,0,0,Yes,0,"Cleaning activities and debris removal were carried out along the site’s pathways and entrances, facilitating the movement of displaced persons within the site and ensuring their safety and dignity.",https://app.zitemanager.org/api/v2/generate-presigned-url/?object_key=WhatsApp_Image_2026-04-29_at_2.44.43_PM_1-14_46_3.jpeg&return_type=file,https://app.zitemanager.org/api/v2/generate-presigned-url/?object_key=WhatsApp_Image_2026-04-29_at_2.44.43_PM-14_46_7.jpeg&return_type=file,,
62671777463151859U,KYS1651,Event camp,https://app.zitemanager.org/#/sites/41134/submission-case-detail/62671777463151859U,2026-04-29,Closed,,aaboali,IOM,Active,PHC,270 - 27002154,Khan Younis - Al Mawasi,2026-04-29,29/04/26,PHC,ECHO,2026-03-12,12-03-26,Community Participation and Representation,Capacity strengthening for community members,,,6,1,0,0,7,0,6,1,,7,,,,,,,,,,,,,,,,,,,,,,,,,,تم عقد اجتماع مع لجنة إدارة الموقع بهدف تحديد احتياجات الموقع حيث أن الموقع بحاجة إلى كشافات انارة ، وبحاجة إلى توفير أدوية ومبيدات حشرية لمكافحة البراغيث,,,,
62671777463281744R,KYS1651,Event camp,https://app.zitemanager.org/#/sites/41134/submission-case-detail/62671777463281744R,2026-04-29,Closed,,aaboali,IOM,Active,PHC,270 - 27002154,Khan Younis - Al Mawasi,2026-04-29,29/04/26,PHC,ECHO,2026-04-07,07-04-26,Community Participation and Representation,Capacity strengthening for community members,,,6,1,0,0,7,0,6,1,,7,,,,,,,,,,,,,,,,,,,,,,,,,,"تم عقد اجتماع مع لجنة إدارة الموقع بهدف تحديد احتياجات الموقع:
الموقع بحاجة إلى توفير كشافات إنارة داخل الموقع.
الموقع بحاجة إلى توفير أدوية ومبيدات لمكافحة الحشرات والبراغيث المنتشرة داخل الموقع.
الموقع بحاجة إلى توفير أدوات صحية.",,,,
62671777463476061I,KYS4549,Waqfet Kheir,https://app.zitemanager.org/#/sites/46227/submission-case-detail/62671777463476061I,2026-04-29,Closed,,aaboali,IOM,Active,PHC,270 - 27002154,Khan Younis - Al Mawasi,2026-04-29,29/04/26,PHC,ECHO,2026-03-17,17-03-26,Site Environment Improvements,Community-Led Projects,,,9,0,0,0,9,0,9,0,,9,,,,,,,,,,"Site Safety & Access Improvements, Site Safety & Access Improvements",,site_access,"Sand/Flour Bags, Sand/Flour Bags",,,,,,170,,,0,0,Yes,0,تم عمل سواتر رملية لمنع انزلاق التربة، ولمنع دخول مياه الأمطار داخل الخيام,https://app.zitemanager.org/api/v2/generate-presigned-url/?object_key=1777463622637.jpg&return_type=file,,,
62671777463682114S,KYS4549,Waqfet Kheir,https://app.zitemanager.org/#/sites/46227/submission-case-detail/62671777463682114S,2026-04-29,Closed,,aaboali,IOM,Active,PHC,270 - 27002154,Khan Younis - Al Mawasi,2026-04-29,29/04/26,PHC,ECHO,2026-03-02,02-03-26,Community Participation and Representation,Capacity strengthening for community members,,,5,1,0,0,6,0,5,1,,6,,,,,,,,,,,,,,,,,,,,,,,,,,تم عقد اجتماع مع لجنة إدارة الموقع بهدف تحديد احتياجات الموقع حيث أن الموقع بحاجة إلى تركيب كشافات أنارة وتوفير أدوات صحية .,,,,
62671777464128029A,KYS4549,Waqfet Kheir,https://app.zitemanager.org/#/sites/46227/submission-case-detail/62671777464128029A,2026-04-29,Closed,,aaboali,IOM,Active,PHC,270 - 27002154,Khan Younis - Al Mawasi,2026-04-29,29/04/26,PHC,ECHO,2026-04-12,12-04-26,Community Participation and Representation,Capacity strengthening for community members,,,5,1,0,0,6,0,5,1,,6,,,,,,,,,,,,,,,,,,,,,,,,,,"تم عقد اجتماع مع لجنة إدارة الموقع وذلك بهدف تحديد احتياجات الموقع والتي هي: 
توفير مبيدات حشرية للقضاء على البراغيث.
توفير أدوات صحية.
توفير كشافات انارة داخل الموقع.
توفير شوادر للأسر داخل الموقع.",,,,
47941777464237441W,KYS1926,Albwasil,https://app.zitemanager.org/#/sites/31920/submission-case-detail/47941777464237441W,2026-04-29,Closed,,bisan_harb,IOM,Active,ACTED,270 - 27002154,Khan Younis - Al Mawasi,2026-04-29,29/04/26,ACTED,PRM,2026-04-16,16-04-26,Site Service Coordination and Monitoring,Safety Audits,,,,,,,,,0,0,,1,,,,,,,,No,,,,,,,,,,,,,,,,,,All women in FGD rely on relatives as there is no formal help channel or protection referral pathway. All  women in FGD sessions would approach the site representative. FGD 2 participants also highlighted that responsiveness from the protection channel when complaints are raised is a key factor in building trust and improving safety. Neither group can go to a formal designated space to raise security concerns.,,,,
47941777464468439V,KYS0100,Wijdan  community,https://app.zitemanager.org/#/sites/31321/submission-case-detail/47941777464468439V,2026-04-29,Closed,,bisan_harb,IOM,Active,ACTED,270 - 27002154,Khan Younis - Al Mawasi,2026-04-29,29/04/26,ACTED,PRM,2026-04-19,19-04-26,Site Service Coordination and Monitoring,Safety Audits,,,,,,,,,0,0,,1,,,,,,,,No,,,,,,,,,,,,,,,,,,12 out of 15 women in FGDs sessions reported no clear place to seek help or to refer protection cases in site.,,,,
47941777465448670T,KYS1715,Al-Quds,https://app.zitemanager.org/#/sites/31751/submission-case-detail/47941777465448670T,2026-04-29,Closed,,bisan_harb,IOM,Active,ACTED,270 - 27002154,Khan Younis - Al Mawasi,2026-04-29,29/04/26,ACTED,PRM,2026-04-16,16-04-26,Site Service Coordination and Monitoring,Safety Audits,,,,,,,,,0,0,,1,,,,,,,,"No, but one will be established",,,,,,,,,,,,,,,,,,All women in FGDs indicate that there is no formal designated space to raise security concerns or protection referral pathway.,,,,
47941777465700655D,KYS1711,Al-Nakheel and Al-Zaitoon site,https://app.zitemanager.org/#/sites/31748/submission-case-detail/47941777465700655D,2026-04-29,Closed,,bisan_harb,IOM,Active,ACTED,270 - 27002154,Khan Younis - Al Mawasi,2026-04-29,29/04/26,ACTED,PRM,2026-04-20,20-04-26,Site Service Coordination and Monitoring,Safety Audits,,,,,,,,,0,0,,1,,,,,,,,"No, but one will be established",,,,,,,,,,,,,,,,,,All groups identified that there is no clear designated place to seek help in security emergencies or refer protection cases.,,,,
47941777466127547Y,KYS1933,Al faruq,https://app.zitemanager.org/#/sites/31926/submission-case-detail/47941777466127547Y,2026-04-29,Closed,,bisan_harb,IOM,Active,ACTED,270 - 27002154,Khan Younis - Al Mawasi,2026-04-29,29/04/26,ACTED,PRM,2026-04-19,19-04-26,Site Service Coordination and Monitoring,Safety Audits,,,,,,,,,0,0,,1,,,,,,,,"No, but one will be established",,,,,,,,,,,,,,,,,,All participants reported that there are no specific safe places to refer protection cases.,,,,
47941777453811829O,KYS1926,Albwasil,https://app.zitemanager.org/#/sites/31920/submission-case-detail/47941777453811829O,2026-04-29,Closed,,hadeelabid,IOM,Active,ACTED,270 - 27002154,Khan Younis - Al Mawasi,2026-04-29,29/04/26,ACTED,PRM,2026-04-14,14-04-26,Community Participation and Representation,Community or Committee Meeting,,,14,8,0,0,22,0,14,8,,22,,,,,,,,,"Site Management Committee Establishment, Coordination or Planning",,,committee_planning,,,,,,,,,,,,,,"ToR signing session: After SM team successfully established and upgraded the committees, then proceeded with SMCs validation step. Consequently, the SM moved forward with preparing the ToRs for each site individually and finally coordinated and scheduling of ToRs signing sessions. 

The ToR outlined the roles and responsibilities of both the Committees and Acted Site Management team.
In addition, the organigram of the committee and the structural hierarchy of Site Management are provided as annexes to this document. The ToR serves as a guiding framework to enable the committees to operate effectively, ensure clarity of roles, and contribute to the overall resilience of the community. In addition, SM team signed the Code of Conduct with the committee members after reading it to them and discussing its contents. 

This step represented a significant advancement in formalizing the committees’ roles and enhancing their involvement in site management activities.",,,,
40561778153811875Z,DEB2303,al trainy,https://app.zitemanager.org/#/sites/32058/submission-case-detail/40561778153811875Z,2026-05-07,Closed,,abdallahalkurdi123,NRC,Active,,265 - 2650575,Deir Al-Balah - Ar Rasheed,2026-05-07,07/05/26,NRC,PRM,2026-04-07,07-04-26,Site Environment Improvements,"Site improvements, Care and Maintenance",,,0,0,0,0,0,0,0,0,,0,,,,,,,,,,"Communal Space Upgrades, Communal Space Upgrades",,communal_space,"No Items, No Items",,,,,,,,,0,1833,,0,"Furniture Distribution (2 Tables, 2 Mats and 9 Chairs per site ) for SMC Activity was implemented to address the lack of proper furniture inside administrative tents across IDP sites, which was affecting communication, coordination, and service delivery. On 7 April 2026, NRC Site Management teams distributed essential furniture to 30 sites across Gaza, the Middle Area, and Khan Younis, including this site. The activity created more organized and dignified spaces for receiving displaced families and conducting daily operations. It also improved complaint handling, referrals, and communication between site management teams and IDPs. In addition, the furnished tents enhanced coordination meetings with community committees and humanitarian partners. Overall, the intervention strengthened service delivery and benefited more than 131,000 displaced individuals across the targeted sites",https://app.zitemanager.org/api/v2/generate-presigned-url/?object_key=AlTareni_1-14_36_36.jpeg&return_type=file,,,
40561778153945469U,DEB2303,al trainy,https://app.zitemanager.org/#/sites/32058/submission-case-detail/40561778153945469U,2026-05-07,Closed,,abdallahalkurdi123,NRC,Active,,265 - 2650575,Deir Al-Balah - Ar Rasheed,2026-05-07,07/05/26,NRC,PRM,2026-04-26,26-04-26,Site Environment Improvements,"Site improvements, Care and Maintenance",,,0,0,0,0,0,0,0,0,,0,,,,,,,,,,"Communal Space Upgrades, Communal Space Upgrades",,communal_space,"Toolkits, Toolkits",,,,,,,1,,0,10875,,0,"Care and Maintenance Tools Distribution Activity was implemented across 30 IDP sites including this site to address the lack of proper tools required for Cash for works and daily site maintenance, especially in flood-prone areas. The sites were facing challenges in digging drainage channels, removing debris, and maintaining safe pathways during rainy conditions, and also during cleaning the pathways in the site . To mitigate these issues, NRC distributed essential tools including shovels, hoes, pickaxes, wheelbarrows, plastic garden combs, and complete toolboxes. These tools enabled site teams and community workers to carry out regular cleaning, soil excavation, and drainage channel construction more effectively. The intervention also improved preparedness for flooding risks and supported safer and more organized site conditions. Overall, the activity strengthened site maintenance capacity and contributed to improving the living environment for IDPs across the targeted sites.",https://app.zitemanager.org/api/v2/generate-presigned-url/?object_key=AlTareni-14_38_51.jpg&return_type=file,,,
40561778154063916L,DEB3489,Abu Shmeis,https://app.zitemanager.org/#/sites/33515/submission-case-detail/40561778154063916L,2026-05-07,Closed,,abdallahalkurdi123,NRC,Active,,265 - 2650579,Deir Al-Balah - Al Awda,2026-05-07,07/05/26,NRC,PRM,2026-04-06,06-04-26,Site Environment Improvements,"Site improvements, Care and Maintenance",,,0,0,0,0,0,0,0,0,,0,,,,,,,,,,"Communal Space Upgrades, Communal Space Upgrades",,communal_space,"No Items, No Items",,,,,,,,,0,1833,,0,"Furniture Distribution (2 Tables, 2 Mats and 9 Chairs per site ) for SMC Activity was implemented to address the lack of proper furniture inside administrative tents across IDP sites, which was affecting communication, coordination, and service delivery. On 7 April 2026, NRC Site Management teams distributed essential furniture to 30 sites across Gaza, the Middle Area, and Khan Younis, including this site. The activity created more organized and dignified spaces for receiving displaced families and conducting daily operations. It also improved complaint handling, referrals, and communication between site management teams and IDPs. In addition, the furnished tents enhanced coordination meetings with community committees and humanitarian partners. Overall, the intervention strengthened service delivery and benefited more than 131,000 displaced individuals across the targeted sites",https://app.zitemanager.org/api/v2/generate-presigned-url/?object_key=Abo_Shmais_1_6-14_40_52.jpeg&return_type=file,,,
40561778154161993B,DEB3489,Abu Shmeis,https://app.zitemanager.org/#/sites/33515/submission-case-detail/40561778154161993B,2026-05-07,Closed,,abdallahalkurdi123,NRC,Active,,265 - 2650579,Deir Al-Balah - Al Awda,2026-05-07,07/05/26,NRC,PRM,2026-04-07,07-04-26,Site Environment Improvements,"Site improvements, Care and Maintenance",,,0,0,0,0,0,0,0,0,,0,,,,,,,,,,"Communal Space Upgrades, Communal Space Upgrades",,communal_space,"Toolkits, Toolkits",,,,,,,1,,0,10875,,0,"Care and Maintenance Tools Distribution Activity was implemented across 30 IDP sites including this site to address the lack of proper tools required for Cash for works and daily site maintenance, especially in flood-prone areas. The sites were facing challenges in digging drainage channels, removing debris, and maintaining safe pathways during rainy conditions, and also during cleaning the pathways in the site . To mitigate these issues, NRC distributed essential tools including shovels, hoes, pickaxes, wheelbarrows, plastic garden combs, and complete toolboxes. These tools enabled site teams and community workers to carry out regular cleaning, soil excavation, and drainage channel construction more effectively. The intervention also improved preparedness for flooding risks and supported safer and more organized site conditions. Overall, the activity strengthened site maintenance capacity and contributed to improving the living environment for IDPs across the targeted sites.",https://app.zitemanager.org/api/v2/generate-presigned-url/?object_key=Abo_Shmais-14_42_18.jpg&return_type=file,,,
40561778154287885A,DEB3189,Tariq Al-Hayat shelter,https://app.zitemanager.org/#/sites/32419/submission-case-detail/40561778154287885A,2026-05-07,Closed,,abdallahalkurdi123,NRC,Active,,265 - 2650575,Deir Al-Balah - Ar Rasheed,2026-05-07,07/05/26,NRC,PRM,2026-04-06,06-04-26,Site Environment Improvements,"Site improvements, Care and Maintenance",,,0,0,0,0,0,0,0,0,,0,,,,,,,,,,"Communal Space Upgrades, Communal Space Upgrades",,communal_space,"No Items, No Items",,,,,,,,,0,1833,,0,"Furniture Distribution (2 Tables, 2 Mats and 9 Chairs per site ) for SMC Activity was implemented to address the lack of proper furniture inside administrative tents across IDP sites, which was affecting communication, coordination, and service delivery. On 7 April 2026, NRC Site Management teams distributed essential furniture to 30 sites across Gaza, the Middle Area, and Khan Younis, including this site. The activity created more organized and dignified spaces for receiving displaced families and conducting daily operations. It also improved complaint handling, referrals, and communication between site management teams and IDPs. In addition, the furnished tents enhanced coordination meetings with community committees and humanitarian partners. Overall, the intervention strengthened service delivery and benefited more than 131,000 displaced individuals across the targeted sites",https://app.zitemanager.org/api/v2/generate-presigned-url/?object_key=AlHaya_1-14_44_31.jpeg&return_type=file,,,
40561778154435088E,DEB3189,Tariq Al-Hayat shelter,https://app.zitemanager.org/#/sites/32419/submission-case-detail/40561778154435088E,2026-05-07,Closed,,abdallahalkurdi123,NRC,Active,,265 - 2650575,Deir Al-Balah - Ar Rasheed,2026-05-07,07/05/26,NRC,PRM,2026-04-26,26-04-26,Site Environment Improvements,"Site improvements, Care and Maintenance",,,0,0,0,0,0,0,0,0,,0,,,,,,,,,,"Communal Space Upgrades, Communal Space Upgrades",,communal_space,"Toolkits, Toolkits",,,,,,,1,,0,10875,,0,"Care and Maintenance Tools Distribution Activity was implemented across 30 IDP sites including this site to address the lack of proper tools required for Cash for works and daily site maintenance, especially in flood-prone areas. The sites were facing challenges in digging drainage channels, removing debris, and maintaining safe pathways during rainy conditions, and also during cleaning the pathways in the site . To mitigate these issues, NRC distributed essential tools including shovels, hoes, pickaxes, wheelbarrows, plastic garden combs, and complete toolboxes. These tools enabled site teams and community workers to carry out regular cleaning, soil excavation, and drainage channel construction more effectively. The intervention also improved preparedness for flooding risks and supported safer and more organized site conditions. Overall, the activity strengthened site maintenance capacity and contributed to improving the living environment for IDPs across the targeted sites.",https://app.zitemanager.org/api/v2/generate-presigned-url/?object_key=AlHaya-14_47_1.jpg&return_type=file,,,
40561778154568026Y,DEB3466,Al-Akhwa Site,https://app.zitemanager.org/#/sites/32580/submission-case-detail/40561778154568026Y,2026-05-07,Closed,,abdallahalkurdi123,NRC,Active,,265 - 26501147,Deir Al-Balah - An Nuseirat,2026-05-07,07/05/26,NRC,PRM,2026-04-06,06-04-26,Site Environment Improvements,"Site improvements, Care and Maintenance",,,0,0,0,0,0,0,0,0,,0,,,,,,,,,,"Communal Space Upgrades, Communal Space Upgrades",,communal_space,"No Items, No Items",,,,,,,,,0,1833,,0,"Furniture Distribution (2 Tables, 2 Mats and 9 Chairs per site ) for SMC Activity was implemented to address the lack of proper furniture inside administrative tents across IDP sites, which was affecting communication, coordination, and service delivery. On 7 April 2026, NRC Site Management teams distributed essential furniture to 30 sites across Gaza, the Middle Area, and Khan Younis, including this site. The activity created more organized and dignified spaces for receiving displaced families and conducting daily operations. It also improved complaint handling, referrals, and communication between site management teams and IDPs. In addition, the furnished tents enhanced coordination meetings with community committees and humanitarian partners. Overall, the intervention strengthened service delivery and benefited more than 131,000 displaced individuals across the targeted sites",https://app.zitemanager.org/api/v2/generate-presigned-url/?object_key=AlEkhwa_1-14_49_10.jpeg&return_type=file,,,
40561778154666062Q,DEB3466,Al-Akhwa Site,https://app.zitemanager.org/#/sites/32580/submission-case-detail/40561778154666062Q,2026-05-07,Closed,,abdallahalkurdi123,NRC,Active,,265 - 26501147,Deir Al-Balah - An Nuseirat,2026-05-07,07/05/26,NRC,PRM,2026-04-26,26-04-26,Site Environment Improvements,"Site improvements, Care and Maintenance",,,0,0,0,0,0,0,0,0,,0,,,,,,,,,,"Communal Space Upgrades, Communal Space Upgrades",,communal_space,"Toolkits, Toolkits",,,,,,,1,,0,10875,,0,"Care and Maintenance Tools Distribution Activity was implemented across 30 IDP sites including this site to address the lack of proper tools required for Cash for works and daily site maintenance, especially in flood-prone areas. The sites were facing challenges in digging drainage channels, removing debris, and maintaining safe pathways during rainy conditions, and also during cleaning the pathways in the site . To mitigate these issues, NRC distributed essential tools including shovels, hoes, pickaxes, wheelbarrows, plastic garden combs, and complete toolboxes. These tools enabled site teams and community workers to carry out regular cleaning, soil excavation, and drainage channel construction more effectively. The intervention also improved preparedness for flooding risks and supported safer and more organized site conditions. Overall, the activity strengthened site maintenance capacity and contributed to improving the living environment for IDPs across the targeted sites.",https://app.zitemanager.org/api/v2/generate-presigned-url/?object_key=Alekhwa-14_50_54.jpg&return_type=file,,,
40561778154777922P,DEB4629,Al-Qulub Al-Rahima Site,https://app.zitemanager.org/#/sites/46883/submission-case-detail/40561778154777922P,2026-05-07,Closed,,abdallahalkurdi123,NRC,Active,,265 - 2650579,Deir Al-Balah - Al Awda,2026-05-07,07/05/26,NRC,PRM,2026-04-07,07-04-26,Site Environment Improvements,"Site improvements, Care and Maintenance",,,0,0,0,0,0,0,0,0,,0,,,,,,,,,,"Communal Space Upgrades, Communal Space Upgrades",,communal_space,"No Items, No Items",,,,,,,,,0,1833,,0,"Furniture Distribution (2 Tables, 2 Mats and 9 Chairs per site ) for SMC Activity was implemented to address the lack of proper furniture inside administrative tents across IDP sites, which was affecting communication, coordination, and service delivery. On 7 April 2026, NRC Site Management teams distributed essential furniture to 30 sites across Gaza, the Middle Area, and Khan Younis, including this site. The activity created more organized and dignified spaces for receiving displaced families and conducting daily operations. It also improved complaint handling, referrals, and communication between site management teams and IDPs. In addition, the furnished tents enhanced coordination meetings with community committees and humanitarian partners. Overall, the intervention strengthened service delivery and benefited more than 131,000 displaced individuals across the targeted sites",https://app.zitemanager.org/api/v2/generate-presigned-url/?object_key=AlQoloub_AlRahema-14_52_49.jpeg&return_type=file,,,
40561778154869459A,DEB4629,Al-Qulub Al-Rahima Site,https://app.zitemanager.org/#/sites/46883/submission-case-detail/40561778154869459A,2026-05-07,Closed,,abdallahalkurdi123,NRC,Active,,265 - 2650579,Deir Al-Balah - Al Awda,2026-05-07,07/05/26,NRC,PRM,2026-04-26,26-04-26,Site Environment Improvements,"Site improvements, Care and Maintenance",,,0,0,0,0,0,0,0,0,,0,,,,,,,,,,"Communal Space Upgrades, Communal Space Upgrades",,communal_space,"Toolkits, Toolkits",,,,,,,1,,0,10875,,0,"Care and Maintenance Tools Distribution Activity was implemented across 30 IDP sites including this site to address the lack of proper tools required for Cash for works and daily site maintenance, especially in flood-prone areas. The sites were facing challenges in digging drainage channels, removing debris, and maintaining safe pathways during rainy conditions, and also during cleaning the pathways in the site . To mitigate these issues, NRC distributed essential tools including shovels, hoes, pickaxes, wheelbarrows, plastic garden combs, and complete toolboxes. These tools enabled site teams and community workers to carry out regular cleaning, soil excavation, and drainage channel construction more effectively. The intervention also improved preparedness for flooding risks and supported safer and more organized site conditions. Overall, the activity strengthened site maintenance capacity and contributed to improving the living environment for IDPs across the targeted sites.",https://app.zitemanager.org/api/v2/generate-presigned-url/?object_key=AlQoloup_Alraheema-14_54_9.jpg&return_type=file,,,
40561778154966887J,DEB4006,Al-Masmiya Camp,https://app.zitemanager.org/#/sites/32859/submission-case-detail/40561778154966887J,2026-05-07,Closed,,abdallahalkurdi123,NRC,Active,,265 - 26510152,Deir Al-Balah - Deir Al Balah (south),2026-05-07,07/05/26,NRC,PRM,2026-04-07,07-04-26,Site Environment Improvements,"Site improvements, Care and Maintenance",,,0,0,0,0,0,0,0,0,,0,,,,,,,,,,"Communal Space Upgrades, Communal Space Upgrades",,communal_space,"No Items, No Items",,,,,,,,,0,1833,,0,"Furniture Distribution (2 Tables, 2 Mats and 9 Chairs per site ) for SMC Activity was implemented to address the lack of proper furniture inside administrative tents across IDP sites, which was affecting communication, coordination, and service delivery. On 7 April 2026, NRC Site Management teams distributed essential furniture to 30 sites across Gaza, the Middle Area, and Khan Younis, including this site. The activity created more organized and dignified spaces for receiving displaced families and conducting daily operations. It also improved complaint handling, referrals, and communication between site management teams and IDPs. In addition, the furnished tents enhanced coordination meetings with community committees and humanitarian partners. Overall, the intervention strengthened service delivery and benefited more than 131,000 displaced individuals across the targeted sites",https://app.zitemanager.org/api/v2/generate-presigned-url/?object_key=AlMasmia_1_2-14_55_54.jpeg&return_type=file,,,
40561778155044399G,DEB4006,Al-Masmiya Camp,https://app.zitemanager.org/#/sites/32859/submission-case-detail/40561778155044399G,2026-05-07,Closed,,abdallahalkurdi123,NRC,Active,,265 - 26510152,Deir Al-Balah - Deir Al Balah (south),2026-05-07,07/05/26,NRC,PRM,2026-04-26,26-04-26,Site Environment Improvements,"Site improvements, Care and Maintenance",,,0,0,0,0,0,0,0,0,,0,,,,,,,,,,"Communal Space Upgrades, Communal Space Upgrades",,communal_space,"Toolkits, Toolkits",,,,,,,1,,0,10875,,0,"Care and Maintenance Tools Distribution Activity was implemented across 30 IDP sites including this site to address the lack of proper tools required for Cash for works and daily site maintenance, especially in flood-prone areas. The sites were facing challenges in digging drainage channels, removing debris, and maintaining safe pathways during rainy conditions, and also during cleaning the pathways in the site . To mitigate these issues, NRC distributed essential tools including shovels, hoes, pickaxes, wheelbarrows, plastic garden combs, and complete toolboxes. These tools enabled site teams and community workers to carry out regular cleaning, soil excavation, and drainage channel construction more effectively. The intervention also improved preparedness for flooding risks and supported safer and more organized site conditions. Overall, the activity strengthened site maintenance capacity and contributed to improving the living environment for IDPs across the targeted sites.",https://app.zitemanager.org/api/v2/generate-presigned-url/?object_key=AlMasmia-14_57_6.jpg&return_type=file,,,
40561778155149032O,DEB4576,Al Ramla Site,https://app.zitemanager.org/#/sites/46113/submission-case-detail/40561778155149032O,2026-05-07,Closed,,abdallahalkurdi123,NRC,Active,,265 - 26510152,Deir Al-Balah - Deir Al Balah (south),2026-05-07,07/05/26,NRC,PRM,2026-04-26,26-04-26,Site Environment Improvements,"Site improvements, Care and Maintenance",,,0,0,0,0,0,0,0,0,,0,,,,,,,,,,"Communal Space Upgrades, Communal Space Upgrades",,communal_space,"Toolkits, Toolkits",,,,,,,1,,0,1833,,0,"Furniture Distribution (2 Tables, 2 Mats and 9 Chairs per site ) for SMC Activity was implemented to address the lack of proper furniture inside administrative tents across IDP sites, which was affecting communication, coordination, and service delivery. On 7 April 2026, NRC Site Management teams distributed essential furniture to 30 sites across Gaza, the Middle Area, and Khan Younis, including this site. The activity created more organized and dignified spaces for receiving displaced families and conducting daily operations. It also improved complaint handling, referrals, and communication between site management teams and IDPs. In addition, the furnished tents enhanced coordination meetings with community committees and humanitarian partners. Overall, the intervention strengthened service delivery and benefited more than 131,000 displaced individuals across the targeted sites",https://app.zitemanager.org/api/v2/generate-presigned-url/?object_key=AlRamla_4-14_58_58.jpeg&return_type=file,,,
40561778155226544R,DEB4576,Al Ramla Site,https://app.zitemanager.org/#/sites/46113/submission-case-detail/40561778155226544R,2026-05-07,Closed,,abdallahalkurdi123,NRC,Active,,265 - 26510152,Deir Al-Balah - Deir Al Balah (south),2026-05-07,07/05/26,NRC,PRM,2026-04-26,26-04-26,Site Environment Improvements,"Site improvements, Care and Maintenance",,,0,0,0,0,0,0,0,0,,0,,,,,,,,,,"Communal Space Upgrades, Communal Space Upgrades",,communal_space,"Toolkits, Toolkits",,,,,,,1,,0,10875,,0,"Care and Maintenance Tools Distribution Activity was implemented across 30 IDP sites including this site to address the lack of proper tools required for Cash for works and daily site maintenance, especially in flood-prone areas. The sites were facing challenges in digging drainage channels, removing debris, and maintaining safe pathways during rainy conditions, and also during cleaning the pathways in the site . To mitigate these issues, NRC distributed essential tools including shovels, hoes, pickaxes, wheelbarrows, plastic garden combs, and complete toolboxes. These tools enabled site teams and community workers to carry out regular cleaning, soil excavation, and drainage channel construction more effectively. The intervention also improved preparedness for flooding risks and supported safer and more organized site conditions. Overall, the activity strengthened site maintenance capacity and contributed to improving the living environment for IDPs across the targeted sites.",https://app.zitemanager.org/api/v2/generate-presigned-url/?object_key=AlRamla-15_0_7.jpg&return_type=file,,,
41741778415295367O,DEB4928,Al-Sikka 1,https://app.zitemanager.org/#/sites/51088/submission-case-detail/41741778415295367O,2026-05-10,Closed,,bashar,IOM,Active,BLDA,265 - 26503148,Deir Al-Balah - Al Bureij,2026-05-10,10/05/26,BLDA,PRM,2026-05-10,10-05-26,Site Environment Improvements,Site Improvement Plans,,,,,,,,,0,0,,1,,,,,,,,,,,,,,,,,,,,,,,,,,"The Site Improvement Plan for DEB4928 – Al-Sika 1, prepared by Beit Lahia Development Association (BLDA) on 10 May 2026, identifies several environmental and infrastructure-related challenges within the displacement site.

The first issue relates to water accumulation in a low-lying area within the site due to poor ground leveling and inadequate drainage, causing movement difficulties and negatively affecting health and environmental conditions inside the site. The proposed intervention includes sand spreading and ground leveling activities to improve drainage, reduce water accumulation, and enhance accessibility within the site.

The second issue concerns the presence of randomly accumulated debris and rubble located close to tents, which contributes to the spread of rodents and insects and negatively impacts public health and safety. The proposed activities include debris removal, cleaning, and ground leveling works to improve the overall site environment and reduce health risks.

These interventions are expected to be implemented during May 2026, with each activity estimated to require approximately one working day.",,,,https://app.zitemanager.org/api/v2/generate-presigned-url/?object_key=Site_Improvement_Plan_Template_Al-Sika-12_29_17.xlsx&return_type=file
47941778402708959S,KYS1711,Al-Nakheel and Al-Zaitoon site,https://app.zitemanager.org/#/sites/31748/submission-case-detail/47941778402708959S,2026-05-10,Closed,,bisan_harb,IOM,Active,ACTED,270 - 27002154,Khan Younis - Al Mawasi,2026-05-10,10/05/26,ACTED,PRM,2026-05-03,03-05-26,Community Participation and Representation,Capacity strengthening for community members,,,12,5,0,0,17,0,12,5,,17,,,,,,,,,,,,,,,,,,,,,,,,,,"Site management team conducted a training for Site Management Committee (SMC) with the aim of strengthening the capacity of community representatives to effectively manage and oversee site-level activities. The session covered key topics including roles and responsibilities of SMC members, coordination mechanisms, community engagement, accountability, Protection and GPV, CFM.

Participants actively engaged in discussions and practical exercises, enhancing their understanding of participatory decision-making and inclusive representation. The training also emphasized the importance of transparent communication and collaboration with humanitarian actors. As a result, SMC members demonstrated improved knowledge and readiness to contribute to better site management and service delivery within their communities.",,,,
47941778402820941D,KYS0100,Wijdan  community,https://app.zitemanager.org/#/sites/31321/submission-case-detail/47941778402820941D,2026-05-10,Closed,,bisan_harb,IOM,Active,ACTED,270 - 27002154,Khan Younis - Al Mawasi,2026-05-10,10/05/26,ACTED,PRM,2026-05-03,03-05-26,Community Participation and Representation,Capacity strengthening for community members,,,9,7,0,0,16,0,9,7,,16,,,,,,,,,,,,,,,,,,,,,,,,,,"Site management team conducted a training for Site Management Committee (SMC)  with the aim of strengthening the capacity of community representatives to effectively manage and oversee site-level activities. The session covered key topics including roles and responsibilities of SMC members, coordination mechanisms, community engagement, accountability, Protection and GPV, CFM.

Participants actively engaged in discussions and practical exercises, enhancing their understanding of participatory decision-making and inclusive representation. The training also emphasized the importance of transparent communication and collaboration with humanitarian actors. As a result, SMC members demonstrated improved knowledge and readiness to contribute to better site management and service delivery within their communities.",,,,
47941778402974950C,KYS1926,Albwasil,https://app.zitemanager.org/#/sites/31920/submission-case-detail/47941778402974950C,2026-05-10,Closed,,bisan_harb,IOM,Active,ACTED,270 - 27002154,Khan Younis - Al Mawasi,2026-05-10,10/05/26,ACTED,PRM,2026-05-05,05-05-26,Community Participation and Representation,Capacity strengthening for community members,,,11,6,2,0,19,2,13,6,,19,,,,,,,,,,,,,,,,,,,,,,,,,,"Site management team conducted a training for Site Management Committee (SMC)  with the aim of strengthening the capacity of community representatives to effectively manage and oversee site-level activities. The session covered key topics including roles and responsibilities of SMC members, coordination mechanisms, community engagement, accountability, Protection and GPV, CFM.

Participants actively engaged in discussions and practical exercises, enhancing their understanding of participatory decision-making and inclusive representation. The training also emphasized the importance of transparent communication and collaboration with humanitarian actors. As a result, SMC members demonstrated improved knowledge and readiness to contribute to better site management and service delivery within their communities.",,,,
47941778403066141X,KYS1933,Al faruq,https://app.zitemanager.org/#/sites/31926/submission-case-detail/47941778403066141X,2026-05-10,Closed,,bisan_harb,IOM,Active,ACTED,270 - 27002154,Khan Younis - Al Mawasi,2026-05-10,10/05/26,ACTED,PRM,2026-05-05,05-05-26,Community Participation and Representation,Capacity strengthening for community members,,,6,5,0,0,11,0,6,5,,11,,,,,,,,,,,,,,,,,,,,,,,,,,"Site management team conducted a training for Site Management Committee (SMC)  with the aim of strengthening the capacity of community representatives to effectively manage and oversee site-level activities. The session covered key topics including roles and responsibilities of SMC members, coordination mechanisms, community engagement, accountability, Protection and GPV, CFM.

Participants actively engaged in discussions and practical exercises, enhancing their understanding of participatory decision-making and inclusive representation. The training also emphasized the importance of transparent communication and collaboration with humanitarian actors. As a result, SMC members demonstrated improved knowledge and readiness to contribute to better site management and service delivery within their communities.",,,,
47941778403464715L,KYS1933,Al faruq,https://app.zitemanager.org/#/sites/31926/submission-case-detail/47941778403464715L,2026-05-10,Closed,,bisan_harb,IOM,Active,ACTED,270 - 27002154,Khan Younis - Al Mawasi,2026-05-10,10/05/26,ACTED,PRM,2026-05-03,03-05-26,"Two-Way Information Sharing, Feedback and Complaints",Awareness sessions,10,13,13,18,2,,56,0,25,31,No,56,,,,,,,,,,UXOs/Mine Action,,uxos,No Items,,,,,,,,,0,,,,"SM conducted one awareness session for UXOs explaining Risks of unexploded ordnance (UXO), how to recognize potential hazards, follow safety procedures, and take appropriate actions to prevent accidents and ensure worker safety.",,,,
40151779106001827W,KYS0805,Al-Shaheed Jameel,https://app.zitemanager.org/#/sites/31493/submission-case-detail/40151779106001827W,2026-05-18,Closed,,malmaqadma,IOM,Active,ACTED,270 - 27002154,Khan Younis - Al Mawasi,2026-05-18,18/05/26,ACTED,PRM,2026-05-17,17-05-26,Site Environment Improvements,Site Improvement Plans,,,,,,,,,0,0,,1,,,,,,,,,,,,,,,,,,,,,,,,,,"The Site Improvement Plan for Mawasi Khan Younis - Al Shaheed Jameel Site highlights severe WASH, shelter, environmental, and safety challenges affecting displaced families. The site suffers from unsafe open latrines, lack of sewage systems, insufficient access to drinking and domestic water, unmanaged solid waste, flooding risks, and widespread pollution. Shelter conditions are critical due to overcrowding, poor-quality tents, lack of privacy, inadequate protection from weather conditions, and unsafe movement pathways caused by wet clay soil and poor site planning. Additionally, the absence of lighting, emergency access roads, fire safety measures, and protective boundaries increases protection risks, especially for women and children. The proposed intervention aims to improve public safety, dignity, and living conditions through rehabilitation of WASH facilities, shelter maintenance, drainage and flood mitigation works, waste management, solar lighting installation, awareness campaigns, and site reorganization activities. The plan will also include Cash for Work activities and coordination with WASH and Shelter clusters to ensure effective implementation and community engagement.",,,,https://app.zitemanager.org/api/v2/generate-presigned-url/?object_key=Site_Improvement_Plan__-_Al_Shaheed_Jameel__Site-15_6_17.docx&return_type=file
48801779092811413W,GZA4442,Baldna Site,https://app.zitemanager.org/#/sites/42285/submission-case-detail/48801779092811413W,2026-05-18,Closed,,arsalah,IOM,Active,PHC,260 - 2600118,Gaza - Northern Remal,2026-05-18,18/05/26,PHC,ECHO,2026-05-18,18-05-26,Site Environment Improvements,Site Improvement Plans,,,,,,,,,0,0,,1,,,,,,,,,,,,,,,,,,,,,,,,,,الموقع بجاحة الي حمامات و توفير قسائم شرائية لكفة الاسر في الموقع و خزانات مياه و حمامات عامة و طرود صحية,,,,https://app.zitemanager.org/api/v2/generate-presigned-url/?object_key=DOC-20260518-WA0000.-11_25_41.pdf&return_type=file
